{
  "type": "FeatureCollection",
  "features": [
    {
      "type": "Feature",
      "geometry": {
        "type": "Polygon",
        "coordinates": [
          [
            [
              72.865511,
              19.065894
            ],
            [
              72.865881,
              19.065792
            ],
            [
              72.865991,
              19.066148
            ],
            [
              72.865752,
              19.066214
            ],
            [
              72.865777,
              19.066297
            ],
            [
              72.865697,
              19.066319
            ],
            [
              72.865711,
              19.066364
            ],
            [
              72.865326,
              19.06647
            ],
            [
              72.86528,
              19.06632
            ],
            [
              72.86494,
              19.066111
            ],
            [
              72.864892,
              19.06618
            ],
            [
              72.864915,
              19.066246
            ],
            [
              72.864899,
              19.066283
            ],
            [
              72.864852,
              19.066302
            ],
            [
              72.864654,
              19.066147
            ],
            [
              72.864577,
              19.066178
            ],
            [
              72.864528,
              19.06607
            ],
            [
              72.864192,
              19.065857
            ],
            [
              72.864124,
              19.065863
            ],
            [
              72.864097,
              19.065795
            ],
            [
              72.863747,
              19.065576
            ],
            [
              72.863669,
              19.065605
            ],
            [
              72.863628,
              19.065506
            ],
            [
              72.863055,
              19.0651
            ],
            [
              72.863201,
              19.064916
            ],
            [
              72.863322,
              19.064916
            ],
            [
              72.863361,
              19.064827
            ],
            [
              72.863328,
              19.06479
            ],
            [
              72.863677,
              19.064505
            ],
            [
              72.863787,
              19.064513
            ],
            [
              72.86388,
              19.064446
            ],
            [
              72.86382,
              19.064371
            ],
            [
              72.864183,
              19.064109
            ],
            [
              72.864279,
              19.064127
            ],
            [
              72.864357,
              19.064057
            ],
            [
              72.864304,
              19.064003
            ],
            [
              72.864558,
              19.063776
            ],
            [
              72.86456,
              19.063742
            ],
            [
              72.864525,
              19.063741
            ],
            [
              72.864528,
              19.063682
            ],
            [
              72.864596,
              19.063684
            ],
            [
              72.864671,
              19.063609
            ],
            [
              72.864646,
              19.063587
            ],
            [
              72.864766,
              19.063466
            ],
            [
              72.865001,
              19.063472
            ],
            [
              72.865,
              19.063513
            ],
            [
              72.865055,
              19.063584
            ],
            [
              72.865076,
              19.063651
            ],
            [
              72.865098,
              19.063688
            ],
            [
              72.865118,
              19.063751
            ],
            [
              72.865096,
              19.063784
            ],
            [
              72.865099,
              19.063862
            ],
            [
              72.865046,
              19.063864
            ],
            [
              72.865043,
              19.06379
            ],
            [
              72.864942,
              19.063656
            ],
            [
              72.864814,
              19.063652
            ],
            [
              72.864682,
              19.063787
            ],
            [
              72.864699,
              19.06384
            ],
            [
              72.86452,
              19.064006
            ],
            [
              72.864553,
              19.064073
            ],
            [
              72.864761,
              19.064088
            ],
            [
              72.864809,
              19.064014
            ],
            [
              72.865108,
              19.064023
            ],
            [
              72.865127,
              19.064065
            ],
            [
              72.865182,
              19.064067
            ],
            [
              72.865197,
              19.0641
            ],
            [
              72.865241,
              19.064102
            ],
            [
              72.865239,
              19.064136
            ],
            [
              72.865193,
              19.064134
            ],
            [
              72.865191,
              19.064171
            ],
            [
              72.865106,
              19.064166
            ],
            [
              72.86507,
              19.06419
            ],
            [
              72.864908,
              19.064186
            ],
            [
              72.864832,
              19.064248
            ],
            [
              72.864401,
              19.064233
            ],
            [
              72.864364,
              19.06425
            ],
            [
              72.864231,
              19.064241
            ],
            [
              72.864021,
              19.064386
            ],
            [
              72.864075,
              19.064455
            ],
            [
              72.86441,
              19.064472
            ],
            [
              72.864468,
              19.064419
            ],
            [
              72.865,
              19.06444
            ],
            [
              72.865019,
              19.064469
            ],
            [
              72.865071,
              19.064474
            ],
            [
              72.865091,
              19.064505
            ],
            [
              72.865197,
              19.064503
            ],
            [
              72.865197,
              19.064568
            ],
            [
              72.865004,
              19.064565
            ],
            [
              72.864963,
              19.064597
            ],
            [
              72.864561,
              19.064581
            ],
            [
              72.864475,
              19.064638
            ],
            [
              72.863898,
              19.064613
            ],
            [
              72.863877,
              19.064632
            ],
            [
              72.863732,
              19.064633
            ],
            [
              72.863556,
              19.064786
            ],
            [
              72.863588,
              19.064818
            ],
            [
              72.863587,
              19.06484
            ],
            [
              72.863917,
              19.064853
            ],
            [
              72.863975,
              19.064784
            ],
            [
              72.864518,
              19.064818
            ],
            [
              72.864539,
              19.06485
            ],
            [
              72.864601,
              19.064853
            ],
            [
              72.8646,
              19.064878
            ],
            [
              72.864694,
              19.064883
            ],
            [
              72.864691,
              19.064928
            ],
            [
              72.864611,
              19.064924
            ],
            [
              72.86461,
              19.064957
            ],
            [
              72.864511,
              19.064953
            ],
            [
              72.86447,
              19.064977
            ],
            [
              72.864063,
              19.064961
            ],
            [
              72.864005,
              19.065028
            ],
            [
              72.863448,
              19.065029
            ],
            [
              72.863366,
              19.065104
            ],
            [
              72.86332,
              19.065115
            ],
            [
              72.863641,
              19.065337
            ],
            [
              72.863828,
              19.065289
            ],
            [
              72.863883,
              19.065334
            ],
            [
              72.863993,
              19.065306
            ],
            [
              72.864062,
              19.065362
            ],
            [
              72.864229,
              19.06533
            ],
            [
              72.864272,
              19.065254
            ],
            [
              72.864712,
              19.065172
            ],
            [
              72.864761,
              19.065215
            ],
            [
              72.864913,
              19.065184
            ],
            [
              72.864932,
              19.065268
            ],
            [
              72.864742,
              19.065306
            ],
            [
              72.864706,
              19.065344
            ],
            [
              72.864389,
              19.065398
            ],
            [
              72.864355,
              19.065487
            ],
            [
              72.863996,
              19.065566
            ],
            [
              72.864225,
              19.065715
            ],
            [
              72.86468,
              19.06561
            ],
            [
              72.86472,
              19.065536
            ],
            [
              72.865235,
              19.065445
            ],
            [
              72.865257,
              19.065469
            ],
            [
              72.865313,
              19.065464
            ],
            [
              72.865336,
              19.06549
            ],
            [
              72.865446,
              19.065478
            ],
            [
              72.865451,
              19.065522
            ],
            [
              72.865345,
              19.065533
            ],
            [
              72.86535,
              19.065576
            ],
            [
              72.865282,
              19.065583
            ],
            [
              72.865254,
              19.065613
            ],
            [
              72.864851,
              19.065667
            ],
            [
              72.864793,
              19.065766
            ],
            [
              72.864394,
              19.065856
            ],
            [
              72.864643,
              19.066006
            ],
            [
              72.865151,
              19.065918
            ],
            [
              72.865186,
              19.066097
            ],
            [
              72.865516,
              19.066291
            ],
            [
              72.86563,
              19.066258
            ],
            [
              72.865511,
              19.065894
            ]
          ],
          [
            [
              72.86575,
              19.066161
            ],
            [
              72.865944,
              19.066092
            ],
            [
              72.865871,
              19.06591
            ],
            [
              72.865677,
              19.065979
            ],
            [
              72.86575,
              19.066161
            ]
          ]
        ]
      },
      "properties": {
        "ulpin": "27-BKC-1000-F01-U101",
        "building_id": "BKC-BLDG-1000",
        "building_name": "BKC Block 1",
        "floor": 1,
        "total_floors": 9,
        "base_height": 0.0,
        "height": 3.5,
        "owner": "Ramesh Sharma",
        "tax_status": "Paid",
        "tax_color": "#2ECC71",
        "default_color": "#3A3A3A",
        "land_type": "Commercial"
      }
    },
    {
      "type": "Feature",
      "geometry": {
        "type": "Polygon",
        "coordinates": [
          [
            [
              72.865511,
              19.065894
            ],
            [
              72.865881,
              19.065792
            ],
            [
              72.865991,
              19.066148
            ],
            [
              72.865752,
              19.066214
            ],
            [
              72.865777,
              19.066297
            ],
            [
              72.865697,
              19.066319
            ],
            [
              72.865711,
              19.066364
            ],
            [
              72.865326,
              19.06647
            ],
            [
              72.86528,
              19.06632
            ],
            [
              72.86494,
              19.066111
            ],
            [
              72.864892,
              19.06618
            ],
            [
              72.864915,
              19.066246
            ],
            [
              72.864899,
              19.066283
            ],
            [
              72.864852,
              19.066302
            ],
            [
              72.864654,
              19.066147
            ],
            [
              72.864577,
              19.066178
            ],
            [
              72.864528,
              19.06607
            ],
            [
              72.864192,
              19.065857
            ],
            [
              72.864124,
              19.065863
            ],
            [
              72.864097,
              19.065795
            ],
            [
              72.863747,
              19.065576
            ],
            [
              72.863669,
              19.065605
            ],
            [
              72.863628,
              19.065506
            ],
            [
              72.863055,
              19.0651
            ],
            [
              72.863201,
              19.064916
            ],
            [
              72.863322,
              19.064916
            ],
            [
              72.863361,
              19.064827
            ],
            [
              72.863328,
              19.06479
            ],
            [
              72.863677,
              19.064505
            ],
            [
              72.863787,
              19.064513
            ],
            [
              72.86388,
              19.064446
            ],
            [
              72.86382,
              19.064371
            ],
            [
              72.864183,
              19.064109
            ],
            [
              72.864279,
              19.064127
            ],
            [
              72.864357,
              19.064057
            ],
            [
              72.864304,
              19.064003
            ],
            [
              72.864558,
              19.063776
            ],
            [
              72.86456,
              19.063742
            ],
            [
              72.864525,
              19.063741
            ],
            [
              72.864528,
              19.063682
            ],
            [
              72.864596,
              19.063684
            ],
            [
              72.864671,
              19.063609
            ],
            [
              72.864646,
              19.063587
            ],
            [
              72.864766,
              19.063466
            ],
            [
              72.865001,
              19.063472
            ],
            [
              72.865,
              19.063513
            ],
            [
              72.865055,
              19.063584
            ],
            [
              72.865076,
              19.063651
            ],
            [
              72.865098,
              19.063688
            ],
            [
              72.865118,
              19.063751
            ],
            [
              72.865096,
              19.063784
            ],
            [
              72.865099,
              19.063862
            ],
            [
              72.865046,
              19.063864
            ],
            [
              72.865043,
              19.06379
            ],
            [
              72.864942,
              19.063656
            ],
            [
              72.864814,
              19.063652
            ],
            [
              72.864682,
              19.063787
            ],
            [
              72.864699,
              19.06384
            ],
            [
              72.86452,
              19.064006
            ],
            [
              72.864553,
              19.064073
            ],
            [
              72.864761,
              19.064088
            ],
            [
              72.864809,
              19.064014
            ],
            [
              72.865108,
              19.064023
            ],
            [
              72.865127,
              19.064065
            ],
            [
              72.865182,
              19.064067
            ],
            [
              72.865197,
              19.0641
            ],
            [
              72.865241,
              19.064102
            ],
            [
              72.865239,
              19.064136
            ],
            [
              72.865193,
              19.064134
            ],
            [
              72.865191,
              19.064171
            ],
            [
              72.865106,
              19.064166
            ],
            [
              72.86507,
              19.06419
            ],
            [
              72.864908,
              19.064186
            ],
            [
              72.864832,
              19.064248
            ],
            [
              72.864401,
              19.064233
            ],
            [
              72.864364,
              19.06425
            ],
            [
              72.864231,
              19.064241
            ],
            [
              72.864021,
              19.064386
            ],
            [
              72.864075,
              19.064455
            ],
            [
              72.86441,
              19.064472
            ],
            [
              72.864468,
              19.064419
            ],
            [
              72.865,
              19.06444
            ],
            [
              72.865019,
              19.064469
            ],
            [
              72.865071,
              19.064474
            ],
            [
              72.865091,
              19.064505
            ],
            [
              72.865197,
              19.064503
            ],
            [
              72.865197,
              19.064568
            ],
            [
              72.865004,
              19.064565
            ],
            [
              72.864963,
              19.064597
            ],
            [
              72.864561,
              19.064581
            ],
            [
              72.864475,
              19.064638
            ],
            [
              72.863898,
              19.064613
            ],
            [
              72.863877,
              19.064632
            ],
            [
              72.863732,
              19.064633
            ],
            [
              72.863556,
              19.064786
            ],
            [
              72.863588,
              19.064818
            ],
            [
              72.863587,
              19.06484
            ],
            [
              72.863917,
              19.064853
            ],
            [
              72.863975,
              19.064784
            ],
            [
              72.864518,
              19.064818
            ],
            [
              72.864539,
              19.06485
            ],
            [
              72.864601,
              19.064853
            ],
            [
              72.8646,
              19.064878
            ],
            [
              72.864694,
              19.064883
            ],
            [
              72.864691,
              19.064928
            ],
            [
              72.864611,
              19.064924
            ],
            [
              72.86461,
              19.064957
            ],
            [
              72.864511,
              19.064953
            ],
            [
              72.86447,
              19.064977
            ],
            [
              72.864063,
              19.064961
            ],
            [
              72.864005,
              19.065028
            ],
            [
              72.863448,
              19.065029
            ],
            [
              72.863366,
              19.065104
            ],
            [
              72.86332,
              19.065115
            ],
            [
              72.863641,
              19.065337
            ],
            [
              72.863828,
              19.065289
            ],
            [
              72.863883,
              19.065334
            ],
            [
              72.863993,
              19.065306
            ],
            [
              72.864062,
              19.065362
            ],
            [
              72.864229,
              19.06533
            ],
            [
              72.864272,
              19.065254
            ],
            [
              72.864712,
              19.065172
            ],
            [
              72.864761,
              19.065215
            ],
            [
              72.864913,
              19.065184
            ],
            [
              72.864932,
              19.065268
            ],
            [
              72.864742,
              19.065306
            ],
            [
              72.864706,
              19.065344
            ],
            [
              72.864389,
              19.065398
            ],
            [
              72.864355,
              19.065487
            ],
            [
              72.863996,
              19.065566
            ],
            [
              72.864225,
              19.065715
            ],
            [
              72.86468,
              19.06561
            ],
            [
              72.86472,
              19.065536
            ],
            [
              72.865235,
              19.065445
            ],
            [
              72.865257,
              19.065469
            ],
            [
              72.865313,
              19.065464
            ],
            [
              72.865336,
              19.06549
            ],
            [
              72.865446,
              19.065478
            ],
            [
              72.865451,
              19.065522
            ],
            [
              72.865345,
              19.065533
            ],
            [
              72.86535,
              19.065576
            ],
            [
              72.865282,
              19.065583
            ],
            [
              72.865254,
              19.065613
            ],
            [
              72.864851,
              19.065667
            ],
            [
              72.864793,
              19.065766
            ],
            [
              72.864394,
              19.065856
            ],
            [
              72.864643,
              19.066006
            ],
            [
              72.865151,
              19.065918
            ],
            [
              72.865186,
              19.066097
            ],
            [
              72.865516,
              19.066291
            ],
            [
              72.86563,
              19.066258
            ],
            [
              72.865511,
              19.065894
            ]
          ],
          [
            [
              72.86575,
              19.066161
            ],
            [
              72.865944,
              19.066092
            ],
            [
              72.865871,
              19.06591
            ],
            [
              72.865677,
              19.065979
            ],
            [
              72.86575,
              19.066161
            ]
          ]
        ]
      },
      "properties": {
        "ulpin": "27-BKC-1000-F02-U201",
        "building_id": "BKC-BLDG-1000",
        "building_name": "BKC Block 1",
        "floor": 2,
        "total_floors": 9,
        "base_height": 3.5,
        "height": 7.0,
        "owner": "Neha Gupta",
        "tax_status": "Paid",
        "tax_color": "#2ECC71",
        "default_color": "#3A3A3A",
        "land_type": "Commercial"
      }
    },
    {
      "type": "Feature",
      "geometry": {
        "type": "Polygon",
        "coordinates": [
          [
            [
              72.865511,
              19.065894
            ],
            [
              72.865881,
              19.065792
            ],
            [
              72.865991,
              19.066148
            ],
            [
              72.865752,
              19.066214
            ],
            [
              72.865777,
              19.066297
            ],
            [
              72.865697,
              19.066319
            ],
            [
              72.865711,
              19.066364
            ],
            [
              72.865326,
              19.06647
            ],
            [
              72.86528,
              19.06632
            ],
            [
              72.86494,
              19.066111
            ],
            [
              72.864892,
              19.06618
            ],
            [
              72.864915,
              19.066246
            ],
            [
              72.864899,
              19.066283
            ],
            [
              72.864852,
              19.066302
            ],
            [
              72.864654,
              19.066147
            ],
            [
              72.864577,
              19.066178
            ],
            [
              72.864528,
              19.06607
            ],
            [
              72.864192,
              19.065857
            ],
            [
              72.864124,
              19.065863
            ],
            [
              72.864097,
              19.065795
            ],
            [
              72.863747,
              19.065576
            ],
            [
              72.863669,
              19.065605
            ],
            [
              72.863628,
              19.065506
            ],
            [
              72.863055,
              19.0651
            ],
            [
              72.863201,
              19.064916
            ],
            [
              72.863322,
              19.064916
            ],
            [
              72.863361,
              19.064827
            ],
            [
              72.863328,
              19.06479
            ],
            [
              72.863677,
              19.064505
            ],
            [
              72.863787,
              19.064513
            ],
            [
              72.86388,
              19.064446
            ],
            [
              72.86382,
              19.064371
            ],
            [
              72.864183,
              19.064109
            ],
            [
              72.864279,
              19.064127
            ],
            [
              72.864357,
              19.064057
            ],
            [
              72.864304,
              19.064003
            ],
            [
              72.864558,
              19.063776
            ],
            [
              72.86456,
              19.063742
            ],
            [
              72.864525,
              19.063741
            ],
            [
              72.864528,
              19.063682
            ],
            [
              72.864596,
              19.063684
            ],
            [
              72.864671,
              19.063609
            ],
            [
              72.864646,
              19.063587
            ],
            [
              72.864766,
              19.063466
            ],
            [
              72.865001,
              19.063472
            ],
            [
              72.865,
              19.063513
            ],
            [
              72.865055,
              19.063584
            ],
            [
              72.865076,
              19.063651
            ],
            [
              72.865098,
              19.063688
            ],
            [
              72.865118,
              19.063751
            ],
            [
              72.865096,
              19.063784
            ],
            [
              72.865099,
              19.063862
            ],
            [
              72.865046,
              19.063864
            ],
            [
              72.865043,
              19.06379
            ],
            [
              72.864942,
              19.063656
            ],
            [
              72.864814,
              19.063652
            ],
            [
              72.864682,
              19.063787
            ],
            [
              72.864699,
              19.06384
            ],
            [
              72.86452,
              19.064006
            ],
            [
              72.864553,
              19.064073
            ],
            [
              72.864761,
              19.064088
            ],
            [
              72.864809,
              19.064014
            ],
            [
              72.865108,
              19.064023
            ],
            [
              72.865127,
              19.064065
            ],
            [
              72.865182,
              19.064067
            ],
            [
              72.865197,
              19.0641
            ],
            [
              72.865241,
              19.064102
            ],
            [
              72.865239,
              19.064136
            ],
            [
              72.865193,
              19.064134
            ],
            [
              72.865191,
              19.064171
            ],
            [
              72.865106,
              19.064166
            ],
            [
              72.86507,
              19.06419
            ],
            [
              72.864908,
              19.064186
            ],
            [
              72.864832,
              19.064248
            ],
            [
              72.864401,
              19.064233
            ],
            [
              72.864364,
              19.06425
            ],
            [
              72.864231,
              19.064241
            ],
            [
              72.864021,
              19.064386
            ],
            [
              72.864075,
              19.064455
            ],
            [
              72.86441,
              19.064472
            ],
            [
              72.864468,
              19.064419
            ],
            [
              72.865,
              19.06444
            ],
            [
              72.865019,
              19.064469
            ],
            [
              72.865071,
              19.064474
            ],
            [
              72.865091,
              19.064505
            ],
            [
              72.865197,
              19.064503
            ],
            [
              72.865197,
              19.064568
            ],
            [
              72.865004,
              19.064565
            ],
            [
              72.864963,
              19.064597
            ],
            [
              72.864561,
              19.064581
            ],
            [
              72.864475,
              19.064638
            ],
            [
              72.863898,
              19.064613
            ],
            [
              72.863877,
              19.064632
            ],
            [
              72.863732,
              19.064633
            ],
            [
              72.863556,
              19.064786
            ],
            [
              72.863588,
              19.064818
            ],
            [
              72.863587,
              19.06484
            ],
            [
              72.863917,
              19.064853
            ],
            [
              72.863975,
              19.064784
            ],
            [
              72.864518,
              19.064818
            ],
            [
              72.864539,
              19.06485
            ],
            [
              72.864601,
              19.064853
            ],
            [
              72.8646,
              19.064878
            ],
            [
              72.864694,
              19.064883
            ],
            [
              72.864691,
              19.064928
            ],
            [
              72.864611,
              19.064924
            ],
            [
              72.86461,
              19.064957
            ],
            [
              72.864511,
              19.064953
            ],
            [
              72.86447,
              19.064977
            ],
            [
              72.864063,
              19.064961
            ],
            [
              72.864005,
              19.065028
            ],
            [
              72.863448,
              19.065029
            ],
            [
              72.863366,
              19.065104
            ],
            [
              72.86332,
              19.065115
            ],
            [
              72.863641,
              19.065337
            ],
            [
              72.863828,
              19.065289
            ],
            [
              72.863883,
              19.065334
            ],
            [
              72.863993,
              19.065306
            ],
            [
              72.864062,
              19.065362
            ],
            [
              72.864229,
              19.06533
            ],
            [
              72.864272,
              19.065254
            ],
            [
              72.864712,
              19.065172
            ],
            [
              72.864761,
              19.065215
            ],
            [
              72.864913,
              19.065184
            ],
            [
              72.864932,
              19.065268
            ],
            [
              72.864742,
              19.065306
            ],
            [
              72.864706,
              19.065344
            ],
            [
              72.864389,
              19.065398
            ],
            [
              72.864355,
              19.065487
            ],
            [
              72.863996,
              19.065566
            ],
            [
              72.864225,
              19.065715
            ],
            [
              72.86468,
              19.06561
            ],
            [
              72.86472,
              19.065536
            ],
            [
              72.865235,
              19.065445
            ],
            [
              72.865257,
              19.065469
            ],
            [
              72.865313,
              19.065464
            ],
            [
              72.865336,
              19.06549
            ],
            [
              72.865446,
              19.065478
            ],
            [
              72.865451,
              19.065522
            ],
            [
              72.865345,
              19.065533
            ],
            [
              72.86535,
              19.065576
            ],
            [
              72.865282,
              19.065583
            ],
            [
              72.865254,
              19.065613
            ],
            [
              72.864851,
              19.065667
            ],
            [
              72.864793,
              19.065766
            ],
            [
              72.864394,
              19.065856
            ],
            [
              72.864643,
              19.066006
            ],
            [
              72.865151,
              19.065918
            ],
            [
              72.865186,
              19.066097
            ],
            [
              72.865516,
              19.066291
            ],
            [
              72.86563,
              19.066258
            ],
            [
              72.865511,
              19.065894
            ]
          ],
          [
            [
              72.86575,
              19.066161
            ],
            [
              72.865944,
              19.066092
            ],
            [
              72.865871,
              19.06591
            ],
            [
              72.865677,
              19.065979
            ],
            [
              72.86575,
              19.066161
            ]
          ]
        ]
      },
      "properties": {
        "ulpin": "27-BKC-1000-F03-U301",
        "building_id": "BKC-BLDG-1000",
        "building_name": "BKC Block 1",
        "floor": 3,
        "total_floors": 9,
        "base_height": 7.0,
        "height": 10.5,
        "owner": "Rajesh Mehta",
        "tax_status": "Paid",
        "tax_color": "#2ECC71",
        "default_color": "#3A3A3A",
        "land_type": "Commercial"
      }
    },
    {
      "type": "Feature",
      "geometry": {
        "type": "Polygon",
        "coordinates": [
          [
            [
              72.865511,
              19.065894
            ],
            [
              72.865881,
              19.065792
            ],
            [
              72.865991,
              19.066148
            ],
            [
              72.865752,
              19.066214
            ],
            [
              72.865777,
              19.066297
            ],
            [
              72.865697,
              19.066319
            ],
            [
              72.865711,
              19.066364
            ],
            [
              72.865326,
              19.06647
            ],
            [
              72.86528,
              19.06632
            ],
            [
              72.86494,
              19.066111
            ],
            [
              72.864892,
              19.06618
            ],
            [
              72.864915,
              19.066246
            ],
            [
              72.864899,
              19.066283
            ],
            [
              72.864852,
              19.066302
            ],
            [
              72.864654,
              19.066147
            ],
            [
              72.864577,
              19.066178
            ],
            [
              72.864528,
              19.06607
            ],
            [
              72.864192,
              19.065857
            ],
            [
              72.864124,
              19.065863
            ],
            [
              72.864097,
              19.065795
            ],
            [
              72.863747,
              19.065576
            ],
            [
              72.863669,
              19.065605
            ],
            [
              72.863628,
              19.065506
            ],
            [
              72.863055,
              19.0651
            ],
            [
              72.863201,
              19.064916
            ],
            [
              72.863322,
              19.064916
            ],
            [
              72.863361,
              19.064827
            ],
            [
              72.863328,
              19.06479
            ],
            [
              72.863677,
              19.064505
            ],
            [
              72.863787,
              19.064513
            ],
            [
              72.86388,
              19.064446
            ],
            [
              72.86382,
              19.064371
            ],
            [
              72.864183,
              19.064109
            ],
            [
              72.864279,
              19.064127
            ],
            [
              72.864357,
              19.064057
            ],
            [
              72.864304,
              19.064003
            ],
            [
              72.864558,
              19.063776
            ],
            [
              72.86456,
              19.063742
            ],
            [
              72.864525,
              19.063741
            ],
            [
              72.864528,
              19.063682
            ],
            [
              72.864596,
              19.063684
            ],
            [
              72.864671,
              19.063609
            ],
            [
              72.864646,
              19.063587
            ],
            [
              72.864766,
              19.063466
            ],
            [
              72.865001,
              19.063472
            ],
            [
              72.865,
              19.063513
            ],
            [
              72.865055,
              19.063584
            ],
            [
              72.865076,
              19.063651
            ],
            [
              72.865098,
              19.063688
            ],
            [
              72.865118,
              19.063751
            ],
            [
              72.865096,
              19.063784
            ],
            [
              72.865099,
              19.063862
            ],
            [
              72.865046,
              19.063864
            ],
            [
              72.865043,
              19.06379
            ],
            [
              72.864942,
              19.063656
            ],
            [
              72.864814,
              19.063652
            ],
            [
              72.864682,
              19.063787
            ],
            [
              72.864699,
              19.06384
            ],
            [
              72.86452,
              19.064006
            ],
            [
              72.864553,
              19.064073
            ],
            [
              72.864761,
              19.064088
            ],
            [
              72.864809,
              19.064014
            ],
            [
              72.865108,
              19.064023
            ],
            [
              72.865127,
              19.064065
            ],
            [
              72.865182,
              19.064067
            ],
            [
              72.865197,
              19.0641
            ],
            [
              72.865241,
              19.064102
            ],
            [
              72.865239,
              19.064136
            ],
            [
              72.865193,
              19.064134
            ],
            [
              72.865191,
              19.064171
            ],
            [
              72.865106,
              19.064166
            ],
            [
              72.86507,
              19.06419
            ],
            [
              72.864908,
              19.064186
            ],
            [
              72.864832,
              19.064248
            ],
            [
              72.864401,
              19.064233
            ],
            [
              72.864364,
              19.06425
            ],
            [
              72.864231,
              19.064241
            ],
            [
              72.864021,
              19.064386
            ],
            [
              72.864075,
              19.064455
            ],
            [
              72.86441,
              19.064472
            ],
            [
              72.864468,
              19.064419
            ],
            [
              72.865,
              19.06444
            ],
            [
              72.865019,
              19.064469
            ],
            [
              72.865071,
              19.064474
            ],
            [
              72.865091,
              19.064505
            ],
            [
              72.865197,
              19.064503
            ],
            [
              72.865197,
              19.064568
            ],
            [
              72.865004,
              19.064565
            ],
            [
              72.864963,
              19.064597
            ],
            [
              72.864561,
              19.064581
            ],
            [
              72.864475,
              19.064638
            ],
            [
              72.863898,
              19.064613
            ],
            [
              72.863877,
              19.064632
            ],
            [
              72.863732,
              19.064633
            ],
            [
              72.863556,
              19.064786
            ],
            [
              72.863588,
              19.064818
            ],
            [
              72.863587,
              19.06484
            ],
            [
              72.863917,
              19.064853
            ],
            [
              72.863975,
              19.064784
            ],
            [
              72.864518,
              19.064818
            ],
            [
              72.864539,
              19.06485
            ],
            [
              72.864601,
              19.064853
            ],
            [
              72.8646,
              19.064878
            ],
            [
              72.864694,
              19.064883
            ],
            [
              72.864691,
              19.064928
            ],
            [
              72.864611,
              19.064924
            ],
            [
              72.86461,
              19.064957
            ],
            [
              72.864511,
              19.064953
            ],
            [
              72.86447,
              19.064977
            ],
            [
              72.864063,
              19.064961
            ],
            [
              72.864005,
              19.065028
            ],
            [
              72.863448,
              19.065029
            ],
            [
              72.863366,
              19.065104
            ],
            [
              72.86332,
              19.065115
            ],
            [
              72.863641,
              19.065337
            ],
            [
              72.863828,
              19.065289
            ],
            [
              72.863883,
              19.065334
            ],
            [
              72.863993,
              19.065306
            ],
            [
              72.864062,
              19.065362
            ],
            [
              72.864229,
              19.06533
            ],
            [
              72.864272,
              19.065254
            ],
            [
              72.864712,
              19.065172
            ],
            [
              72.864761,
              19.065215
            ],
            [
              72.864913,
              19.065184
            ],
            [
              72.864932,
              19.065268
            ],
            [
              72.864742,
              19.065306
            ],
            [
              72.864706,
              19.065344
            ],
            [
              72.864389,
              19.065398
            ],
            [
              72.864355,
              19.065487
            ],
            [
              72.863996,
              19.065566
            ],
            [
              72.864225,
              19.065715
            ],
            [
              72.86468,
              19.06561
            ],
            [
              72.86472,
              19.065536
            ],
            [
              72.865235,
              19.065445
            ],
            [
              72.865257,
              19.065469
            ],
            [
              72.865313,
              19.065464
            ],
            [
              72.865336,
              19.06549
            ],
            [
              72.865446,
              19.065478
            ],
            [
              72.865451,
              19.065522
            ],
            [
              72.865345,
              19.065533
            ],
            [
              72.86535,
              19.065576
            ],
            [
              72.865282,
              19.065583
            ],
            [
              72.865254,
              19.065613
            ],
            [
              72.864851,
              19.065667
            ],
            [
              72.864793,
              19.065766
            ],
            [
              72.864394,
              19.065856
            ],
            [
              72.864643,
              19.066006
            ],
            [
              72.865151,
              19.065918
            ],
            [
              72.865186,
              19.066097
            ],
            [
              72.865516,
              19.066291
            ],
            [
              72.86563,
              19.066258
            ],
            [
              72.865511,
              19.065894
            ]
          ],
          [
            [
              72.86575,
              19.066161
            ],
            [
              72.865944,
              19.066092
            ],
            [
              72.865871,
              19.06591
            ],
            [
              72.865677,
              19.065979
            ],
            [
              72.86575,
              19.066161
            ]
          ]
        ]
      },
      "properties": {
        "ulpin": "27-BKC-1000-F04-U401",
        "building_id": "BKC-BLDG-1000",
        "building_name": "BKC Block 1",
        "floor": 4,
        "total_floors": 9,
        "base_height": 10.5,
        "height": 14.0,
        "owner": "Sunita Deshmukh",
        "tax_status": "Paid",
        "tax_color": "#2ECC71",
        "default_color": "#3A3A3A",
        "land_type": "Residential"
      }
    },
    {
      "type": "Feature",
      "geometry": {
        "type": "Polygon",
        "coordinates": [
          [
            [
              72.865511,
              19.065894
            ],
            [
              72.865881,
              19.065792
            ],
            [
              72.865991,
              19.066148
            ],
            [
              72.865752,
              19.066214
            ],
            [
              72.865777,
              19.066297
            ],
            [
              72.865697,
              19.066319
            ],
            [
              72.865711,
              19.066364
            ],
            [
              72.865326,
              19.06647
            ],
            [
              72.86528,
              19.06632
            ],
            [
              72.86494,
              19.066111
            ],
            [
              72.864892,
              19.06618
            ],
            [
              72.864915,
              19.066246
            ],
            [
              72.864899,
              19.066283
            ],
            [
              72.864852,
              19.066302
            ],
            [
              72.864654,
              19.066147
            ],
            [
              72.864577,
              19.066178
            ],
            [
              72.864528,
              19.06607
            ],
            [
              72.864192,
              19.065857
            ],
            [
              72.864124,
              19.065863
            ],
            [
              72.864097,
              19.065795
            ],
            [
              72.863747,
              19.065576
            ],
            [
              72.863669,
              19.065605
            ],
            [
              72.863628,
              19.065506
            ],
            [
              72.863055,
              19.0651
            ],
            [
              72.863201,
              19.064916
            ],
            [
              72.863322,
              19.064916
            ],
            [
              72.863361,
              19.064827
            ],
            [
              72.863328,
              19.06479
            ],
            [
              72.863677,
              19.064505
            ],
            [
              72.863787,
              19.064513
            ],
            [
              72.86388,
              19.064446
            ],
            [
              72.86382,
              19.064371
            ],
            [
              72.864183,
              19.064109
            ],
            [
              72.864279,
              19.064127
            ],
            [
              72.864357,
              19.064057
            ],
            [
              72.864304,
              19.064003
            ],
            [
              72.864558,
              19.063776
            ],
            [
              72.86456,
              19.063742
            ],
            [
              72.864525,
              19.063741
            ],
            [
              72.864528,
              19.063682
            ],
            [
              72.864596,
              19.063684
            ],
            [
              72.864671,
              19.063609
            ],
            [
              72.864646,
              19.063587
            ],
            [
              72.864766,
              19.063466
            ],
            [
              72.865001,
              19.063472
            ],
            [
              72.865,
              19.063513
            ],
            [
              72.865055,
              19.063584
            ],
            [
              72.865076,
              19.063651
            ],
            [
              72.865098,
              19.063688
            ],
            [
              72.865118,
              19.063751
            ],
            [
              72.865096,
              19.063784
            ],
            [
              72.865099,
              19.063862
            ],
            [
              72.865046,
              19.063864
            ],
            [
              72.865043,
              19.06379
            ],
            [
              72.864942,
              19.063656
            ],
            [
              72.864814,
              19.063652
            ],
            [
              72.864682,
              19.063787
            ],
            [
              72.864699,
              19.06384
            ],
            [
              72.86452,
              19.064006
            ],
            [
              72.864553,
              19.064073
            ],
            [
              72.864761,
              19.064088
            ],
            [
              72.864809,
              19.064014
            ],
            [
              72.865108,
              19.064023
            ],
            [
              72.865127,
              19.064065
            ],
            [
              72.865182,
              19.064067
            ],
            [
              72.865197,
              19.0641
            ],
            [
              72.865241,
              19.064102
            ],
            [
              72.865239,
              19.064136
            ],
            [
              72.865193,
              19.064134
            ],
            [
              72.865191,
              19.064171
            ],
            [
              72.865106,
              19.064166
            ],
            [
              72.86507,
              19.06419
            ],
            [
              72.864908,
              19.064186
            ],
            [
              72.864832,
              19.064248
            ],
            [
              72.864401,
              19.064233
            ],
            [
              72.864364,
              19.06425
            ],
            [
              72.864231,
              19.064241
            ],
            [
              72.864021,
              19.064386
            ],
            [
              72.864075,
              19.064455
            ],
            [
              72.86441,
              19.064472
            ],
            [
              72.864468,
              19.064419
            ],
            [
              72.865,
              19.06444
            ],
            [
              72.865019,
              19.064469
            ],
            [
              72.865071,
              19.064474
            ],
            [
              72.865091,
              19.064505
            ],
            [
              72.865197,
              19.064503
            ],
            [
              72.865197,
              19.064568
            ],
            [
              72.865004,
              19.064565
            ],
            [
              72.864963,
              19.064597
            ],
            [
              72.864561,
              19.064581
            ],
            [
              72.864475,
              19.064638
            ],
            [
              72.863898,
              19.064613
            ],
            [
              72.863877,
              19.064632
            ],
            [
              72.863732,
              19.064633
            ],
            [
              72.863556,
              19.064786
            ],
            [
              72.863588,
              19.064818
            ],
            [
              72.863587,
              19.06484
            ],
            [
              72.863917,
              19.064853
            ],
            [
              72.863975,
              19.064784
            ],
            [
              72.864518,
              19.064818
            ],
            [
              72.864539,
              19.06485
            ],
            [
              72.864601,
              19.064853
            ],
            [
              72.8646,
              19.064878
            ],
            [
              72.864694,
              19.064883
            ],
            [
              72.864691,
              19.064928
            ],
            [
              72.864611,
              19.064924
            ],
            [
              72.86461,
              19.064957
            ],
            [
              72.864511,
              19.064953
            ],
            [
              72.86447,
              19.064977
            ],
            [
              72.864063,
              19.064961
            ],
            [
              72.864005,
              19.065028
            ],
            [
              72.863448,
              19.065029
            ],
            [
              72.863366,
              19.065104
            ],
            [
              72.86332,
              19.065115
            ],
            [
              72.863641,
              19.065337
            ],
            [
              72.863828,
              19.065289
            ],
            [
              72.863883,
              19.065334
            ],
            [
              72.863993,
              19.065306
            ],
            [
              72.864062,
              19.065362
            ],
            [
              72.864229,
              19.06533
            ],
            [
              72.864272,
              19.065254
            ],
            [
              72.864712,
              19.065172
            ],
            [
              72.864761,
              19.065215
            ],
            [
              72.864913,
              19.065184
            ],
            [
              72.864932,
              19.065268
            ],
            [
              72.864742,
              19.065306
            ],
            [
              72.864706,
              19.065344
            ],
            [
              72.864389,
              19.065398
            ],
            [
              72.864355,
              19.065487
            ],
            [
              72.863996,
              19.065566
            ],
            [
              72.864225,
              19.065715
            ],
            [
              72.86468,
              19.06561
            ],
            [
              72.86472,
              19.065536
            ],
            [
              72.865235,
              19.065445
            ],
            [
              72.865257,
              19.065469
            ],
            [
              72.865313,
              19.065464
            ],
            [
              72.865336,
              19.06549
            ],
            [
              72.865446,
              19.065478
            ],
            [
              72.865451,
              19.065522
            ],
            [
              72.865345,
              19.065533
            ],
            [
              72.86535,
              19.065576
            ],
            [
              72.865282,
              19.065583
            ],
            [
              72.865254,
              19.065613
            ],
            [
              72.864851,
              19.065667
            ],
            [
              72.864793,
              19.065766
            ],
            [
              72.864394,
              19.065856
            ],
            [
              72.864643,
              19.066006
            ],
            [
              72.865151,
              19.065918
            ],
            [
              72.865186,
              19.066097
            ],
            [
              72.865516,
              19.066291
            ],
            [
              72.86563,
              19.066258
            ],
            [
              72.865511,
              19.065894
            ]
          ],
          [
            [
              72.86575,
              19.066161
            ],
            [
              72.865944,
              19.066092
            ],
            [
              72.865871,
              19.06591
            ],
            [
              72.865677,
              19.065979
            ],
            [
              72.86575,
              19.066161
            ]
          ]
        ]
      },
      "properties": {
        "ulpin": "27-BKC-1000-F05-U501",
        "building_id": "BKC-BLDG-1000",
        "building_name": "BKC Block 1",
        "floor": 5,
        "total_floors": 9,
        "base_height": 14.0,
        "height": 17.5,
        "owner": "Amit Verma",
        "tax_status": "Paid",
        "tax_color": "#2ECC71",
        "default_color": "#3A3A3A",
        "land_type": "Residential"
      }
    },
    {
      "type": "Feature",
      "geometry": {
        "type": "Polygon",
        "coordinates": [
          [
            [
              72.865511,
              19.065894
            ],
            [
              72.865881,
              19.065792
            ],
            [
              72.865991,
              19.066148
            ],
            [
              72.865752,
              19.066214
            ],
            [
              72.865777,
              19.066297
            ],
            [
              72.865697,
              19.066319
            ],
            [
              72.865711,
              19.066364
            ],
            [
              72.865326,
              19.06647
            ],
            [
              72.86528,
              19.06632
            ],
            [
              72.86494,
              19.066111
            ],
            [
              72.864892,
              19.06618
            ],
            [
              72.864915,
              19.066246
            ],
            [
              72.864899,
              19.066283
            ],
            [
              72.864852,
              19.066302
            ],
            [
              72.864654,
              19.066147
            ],
            [
              72.864577,
              19.066178
            ],
            [
              72.864528,
              19.06607
            ],
            [
              72.864192,
              19.065857
            ],
            [
              72.864124,
              19.065863
            ],
            [
              72.864097,
              19.065795
            ],
            [
              72.863747,
              19.065576
            ],
            [
              72.863669,
              19.065605
            ],
            [
              72.863628,
              19.065506
            ],
            [
              72.863055,
              19.0651
            ],
            [
              72.863201,
              19.064916
            ],
            [
              72.863322,
              19.064916
            ],
            [
              72.863361,
              19.064827
            ],
            [
              72.863328,
              19.06479
            ],
            [
              72.863677,
              19.064505
            ],
            [
              72.863787,
              19.064513
            ],
            [
              72.86388,
              19.064446
            ],
            [
              72.86382,
              19.064371
            ],
            [
              72.864183,
              19.064109
            ],
            [
              72.864279,
              19.064127
            ],
            [
              72.864357,
              19.064057
            ],
            [
              72.864304,
              19.064003
            ],
            [
              72.864558,
              19.063776
            ],
            [
              72.86456,
              19.063742
            ],
            [
              72.864525,
              19.063741
            ],
            [
              72.864528,
              19.063682
            ],
            [
              72.864596,
              19.063684
            ],
            [
              72.864671,
              19.063609
            ],
            [
              72.864646,
              19.063587
            ],
            [
              72.864766,
              19.063466
            ],
            [
              72.865001,
              19.063472
            ],
            [
              72.865,
              19.063513
            ],
            [
              72.865055,
              19.063584
            ],
            [
              72.865076,
              19.063651
            ],
            [
              72.865098,
              19.063688
            ],
            [
              72.865118,
              19.063751
            ],
            [
              72.865096,
              19.063784
            ],
            [
              72.865099,
              19.063862
            ],
            [
              72.865046,
              19.063864
            ],
            [
              72.865043,
              19.06379
            ],
            [
              72.864942,
              19.063656
            ],
            [
              72.864814,
              19.063652
            ],
            [
              72.864682,
              19.063787
            ],
            [
              72.864699,
              19.06384
            ],
            [
              72.86452,
              19.064006
            ],
            [
              72.864553,
              19.064073
            ],
            [
              72.864761,
              19.064088
            ],
            [
              72.864809,
              19.064014
            ],
            [
              72.865108,
              19.064023
            ],
            [
              72.865127,
              19.064065
            ],
            [
              72.865182,
              19.064067
            ],
            [
              72.865197,
              19.0641
            ],
            [
              72.865241,
              19.064102
            ],
            [
              72.865239,
              19.064136
            ],
            [
              72.865193,
              19.064134
            ],
            [
              72.865191,
              19.064171
            ],
            [
              72.865106,
              19.064166
            ],
            [
              72.86507,
              19.06419
            ],
            [
              72.864908,
              19.064186
            ],
            [
              72.864832,
              19.064248
            ],
            [
              72.864401,
              19.064233
            ],
            [
              72.864364,
              19.06425
            ],
            [
              72.864231,
              19.064241
            ],
            [
              72.864021,
              19.064386
            ],
            [
              72.864075,
              19.064455
            ],
            [
              72.86441,
              19.064472
            ],
            [
              72.864468,
              19.064419
            ],
            [
              72.865,
              19.06444
            ],
            [
              72.865019,
              19.064469
            ],
            [
              72.865071,
              19.064474
            ],
            [
              72.865091,
              19.064505
            ],
            [
              72.865197,
              19.064503
            ],
            [
              72.865197,
              19.064568
            ],
            [
              72.865004,
              19.064565
            ],
            [
              72.864963,
              19.064597
            ],
            [
              72.864561,
              19.064581
            ],
            [
              72.864475,
              19.064638
            ],
            [
              72.863898,
              19.064613
            ],
            [
              72.863877,
              19.064632
            ],
            [
              72.863732,
              19.064633
            ],
            [
              72.863556,
              19.064786
            ],
            [
              72.863588,
              19.064818
            ],
            [
              72.863587,
              19.06484
            ],
            [
              72.863917,
              19.064853
            ],
            [
              72.863975,
              19.064784
            ],
            [
              72.864518,
              19.064818
            ],
            [
              72.864539,
              19.06485
            ],
            [
              72.864601,
              19.064853
            ],
            [
              72.8646,
              19.064878
            ],
            [
              72.864694,
              19.064883
            ],
            [
              72.864691,
              19.064928
            ],
            [
              72.864611,
              19.064924
            ],
            [
              72.86461,
              19.064957
            ],
            [
              72.864511,
              19.064953
            ],
            [
              72.86447,
              19.064977
            ],
            [
              72.864063,
              19.064961
            ],
            [
              72.864005,
              19.065028
            ],
            [
              72.863448,
              19.065029
            ],
            [
              72.863366,
              19.065104
            ],
            [
              72.86332,
              19.065115
            ],
            [
              72.863641,
              19.065337
            ],
            [
              72.863828,
              19.065289
            ],
            [
              72.863883,
              19.065334
            ],
            [
              72.863993,
              19.065306
            ],
            [
              72.864062,
              19.065362
            ],
            [
              72.864229,
              19.06533
            ],
            [
              72.864272,
              19.065254
            ],
            [
              72.864712,
              19.065172
            ],
            [
              72.864761,
              19.065215
            ],
            [
              72.864913,
              19.065184
            ],
            [
              72.864932,
              19.065268
            ],
            [
              72.864742,
              19.065306
            ],
            [
              72.864706,
              19.065344
            ],
            [
              72.864389,
              19.065398
            ],
            [
              72.864355,
              19.065487
            ],
            [
              72.863996,
              19.065566
            ],
            [
              72.864225,
              19.065715
            ],
            [
              72.86468,
              19.06561
            ],
            [
              72.86472,
              19.065536
            ],
            [
              72.865235,
              19.065445
            ],
            [
              72.865257,
              19.065469
            ],
            [
              72.865313,
              19.065464
            ],
            [
              72.865336,
              19.06549
            ],
            [
              72.865446,
              19.065478
            ],
            [
              72.865451,
              19.065522
            ],
            [
              72.865345,
              19.065533
            ],
            [
              72.86535,
              19.065576
            ],
            [
              72.865282,
              19.065583
            ],
            [
              72.865254,
              19.065613
            ],
            [
              72.864851,
              19.065667
            ],
            [
              72.864793,
              19.065766
            ],
            [
              72.864394,
              19.065856
            ],
            [
              72.864643,
              19.066006
            ],
            [
              72.865151,
              19.065918
            ],
            [
              72.865186,
              19.066097
            ],
            [
              72.865516,
              19.066291
            ],
            [
              72.86563,
              19.066258
            ],
            [
              72.865511,
              19.065894
            ]
          ],
          [
            [
              72.86575,
              19.066161
            ],
            [
              72.865944,
              19.066092
            ],
            [
              72.865871,
              19.06591
            ],
            [
              72.865677,
              19.065979
            ],
            [
              72.86575,
              19.066161
            ]
          ]
        ]
      },
      "properties": {
        "ulpin": "27-BKC-1000-F06-U601",
        "building_id": "BKC-BLDG-1000",
        "building_name": "BKC Block 1",
        "floor": 6,
        "total_floors": 9,
        "base_height": 17.5,
        "height": 21.0,
        "owner": "Amit Verma",
        "tax_status": "Default",
        "tax_color": "#E74C3C",
        "default_color": "#3A3A3A",
        "land_type": "Residential"
      }
    },
    {
      "type": "Feature",
      "geometry": {
        "type": "Polygon",
        "coordinates": [
          [
            [
              72.865511,
              19.065894
            ],
            [
              72.865881,
              19.065792
            ],
            [
              72.865991,
              19.066148
            ],
            [
              72.865752,
              19.066214
            ],
            [
              72.865777,
              19.066297
            ],
            [
              72.865697,
              19.066319
            ],
            [
              72.865711,
              19.066364
            ],
            [
              72.865326,
              19.06647
            ],
            [
              72.86528,
              19.06632
            ],
            [
              72.86494,
              19.066111
            ],
            [
              72.864892,
              19.06618
            ],
            [
              72.864915,
              19.066246
            ],
            [
              72.864899,
              19.066283
            ],
            [
              72.864852,
              19.066302
            ],
            [
              72.864654,
              19.066147
            ],
            [
              72.864577,
              19.066178
            ],
            [
              72.864528,
              19.06607
            ],
            [
              72.864192,
              19.065857
            ],
            [
              72.864124,
              19.065863
            ],
            [
              72.864097,
              19.065795
            ],
            [
              72.863747,
              19.065576
            ],
            [
              72.863669,
              19.065605
            ],
            [
              72.863628,
              19.065506
            ],
            [
              72.863055,
              19.0651
            ],
            [
              72.863201,
              19.064916
            ],
            [
              72.863322,
              19.064916
            ],
            [
              72.863361,
              19.064827
            ],
            [
              72.863328,
              19.06479
            ],
            [
              72.863677,
              19.064505
            ],
            [
              72.863787,
              19.064513
            ],
            [
              72.86388,
              19.064446
            ],
            [
              72.86382,
              19.064371
            ],
            [
              72.864183,
              19.064109
            ],
            [
              72.864279,
              19.064127
            ],
            [
              72.864357,
              19.064057
            ],
            [
              72.864304,
              19.064003
            ],
            [
              72.864558,
              19.063776
            ],
            [
              72.86456,
              19.063742
            ],
            [
              72.864525,
              19.063741
            ],
            [
              72.864528,
              19.063682
            ],
            [
              72.864596,
              19.063684
            ],
            [
              72.864671,
              19.063609
            ],
            [
              72.864646,
              19.063587
            ],
            [
              72.864766,
              19.063466
            ],
            [
              72.865001,
              19.063472
            ],
            [
              72.865,
              19.063513
            ],
            [
              72.865055,
              19.063584
            ],
            [
              72.865076,
              19.063651
            ],
            [
              72.865098,
              19.063688
            ],
            [
              72.865118,
              19.063751
            ],
            [
              72.865096,
              19.063784
            ],
            [
              72.865099,
              19.063862
            ],
            [
              72.865046,
              19.063864
            ],
            [
              72.865043,
              19.06379
            ],
            [
              72.864942,
              19.063656
            ],
            [
              72.864814,
              19.063652
            ],
            [
              72.864682,
              19.063787
            ],
            [
              72.864699,
              19.06384
            ],
            [
              72.86452,
              19.064006
            ],
            [
              72.864553,
              19.064073
            ],
            [
              72.864761,
              19.064088
            ],
            [
              72.864809,
              19.064014
            ],
            [
              72.865108,
              19.064023
            ],
            [
              72.865127,
              19.064065
            ],
            [
              72.865182,
              19.064067
            ],
            [
              72.865197,
              19.0641
            ],
            [
              72.865241,
              19.064102
            ],
            [
              72.865239,
              19.064136
            ],
            [
              72.865193,
              19.064134
            ],
            [
              72.865191,
              19.064171
            ],
            [
              72.865106,
              19.064166
            ],
            [
              72.86507,
              19.06419
            ],
            [
              72.864908,
              19.064186
            ],
            [
              72.864832,
              19.064248
            ],
            [
              72.864401,
              19.064233
            ],
            [
              72.864364,
              19.06425
            ],
            [
              72.864231,
              19.064241
            ],
            [
              72.864021,
              19.064386
            ],
            [
              72.864075,
              19.064455
            ],
            [
              72.86441,
              19.064472
            ],
            [
              72.864468,
              19.064419
            ],
            [
              72.865,
              19.06444
            ],
            [
              72.865019,
              19.064469
            ],
            [
              72.865071,
              19.064474
            ],
            [
              72.865091,
              19.064505
            ],
            [
              72.865197,
              19.064503
            ],
            [
              72.865197,
              19.064568
            ],
            [
              72.865004,
              19.064565
            ],
            [
              72.864963,
              19.064597
            ],
            [
              72.864561,
              19.064581
            ],
            [
              72.864475,
              19.064638
            ],
            [
              72.863898,
              19.064613
            ],
            [
              72.863877,
              19.064632
            ],
            [
              72.863732,
              19.064633
            ],
            [
              72.863556,
              19.064786
            ],
            [
              72.863588,
              19.064818
            ],
            [
              72.863587,
              19.06484
            ],
            [
              72.863917,
              19.064853
            ],
            [
              72.863975,
              19.064784
            ],
            [
              72.864518,
              19.064818
            ],
            [
              72.864539,
              19.06485
            ],
            [
              72.864601,
              19.064853
            ],
            [
              72.8646,
              19.064878
            ],
            [
              72.864694,
              19.064883
            ],
            [
              72.864691,
              19.064928
            ],
            [
              72.864611,
              19.064924
            ],
            [
              72.86461,
              19.064957
            ],
            [
              72.864511,
              19.064953
            ],
            [
              72.86447,
              19.064977
            ],
            [
              72.864063,
              19.064961
            ],
            [
              72.864005,
              19.065028
            ],
            [
              72.863448,
              19.065029
            ],
            [
              72.863366,
              19.065104
            ],
            [
              72.86332,
              19.065115
            ],
            [
              72.863641,
              19.065337
            ],
            [
              72.863828,
              19.065289
            ],
            [
              72.863883,
              19.065334
            ],
            [
              72.863993,
              19.065306
            ],
            [
              72.864062,
              19.065362
            ],
            [
              72.864229,
              19.06533
            ],
            [
              72.864272,
              19.065254
            ],
            [
              72.864712,
              19.065172
            ],
            [
              72.864761,
              19.065215
            ],
            [
              72.864913,
              19.065184
            ],
            [
              72.864932,
              19.065268
            ],
            [
              72.864742,
              19.065306
            ],
            [
              72.864706,
              19.065344
            ],
            [
              72.864389,
              19.065398
            ],
            [
              72.864355,
              19.065487
            ],
            [
              72.863996,
              19.065566
            ],
            [
              72.864225,
              19.065715
            ],
            [
              72.86468,
              19.06561
            ],
            [
              72.86472,
              19.065536
            ],
            [
              72.865235,
              19.065445
            ],
            [
              72.865257,
              19.065469
            ],
            [
              72.865313,
              19.065464
            ],
            [
              72.865336,
              19.06549
            ],
            [
              72.865446,
              19.065478
            ],
            [
              72.865451,
              19.065522
            ],
            [
              72.865345,
              19.065533
            ],
            [
              72.86535,
              19.065576
            ],
            [
              72.865282,
              19.065583
            ],
            [
              72.865254,
              19.065613
            ],
            [
              72.864851,
              19.065667
            ],
            [
              72.864793,
              19.065766
            ],
            [
              72.864394,
              19.065856
            ],
            [
              72.864643,
              19.066006
            ],
            [
              72.865151,
              19.065918
            ],
            [
              72.865186,
              19.066097
            ],
            [
              72.865516,
              19.066291
            ],
            [
              72.86563,
              19.066258
            ],
            [
              72.865511,
              19.065894
            ]
          ],
          [
            [
              72.86575,
              19.066161
            ],
            [
              72.865944,
              19.066092
            ],
            [
              72.865871,
              19.06591
            ],
            [
              72.865677,
              19.065979
            ],
            [
              72.86575,
              19.066161
            ]
          ]
        ]
      },
      "properties": {
        "ulpin": "27-BKC-1000-F07-U701",
        "building_id": "BKC-BLDG-1000",
        "building_name": "BKC Block 1",
        "floor": 7,
        "total_floors": 9,
        "base_height": 21.0,
        "height": 24.5,
        "owner": "Neha Gupta",
        "tax_status": "Default",
        "tax_color": "#E74C3C",
        "default_color": "#3A3A3A",
        "land_type": "Residential"
      }
    },
    {
      "type": "Feature",
      "geometry": {
        "type": "Polygon",
        "coordinates": [
          [
            [
              72.865511,
              19.065894
            ],
            [
              72.865881,
              19.065792
            ],
            [
              72.865991,
              19.066148
            ],
            [
              72.865752,
              19.066214
            ],
            [
              72.865777,
              19.066297
            ],
            [
              72.865697,
              19.066319
            ],
            [
              72.865711,
              19.066364
            ],
            [
              72.865326,
              19.06647
            ],
            [
              72.86528,
              19.06632
            ],
            [
              72.86494,
              19.066111
            ],
            [
              72.864892,
              19.06618
            ],
            [
              72.864915,
              19.066246
            ],
            [
              72.864899,
              19.066283
            ],
            [
              72.864852,
              19.066302
            ],
            [
              72.864654,
              19.066147
            ],
            [
              72.864577,
              19.066178
            ],
            [
              72.864528,
              19.06607
            ],
            [
              72.864192,
              19.065857
            ],
            [
              72.864124,
              19.065863
            ],
            [
              72.864097,
              19.065795
            ],
            [
              72.863747,
              19.065576
            ],
            [
              72.863669,
              19.065605
            ],
            [
              72.863628,
              19.065506
            ],
            [
              72.863055,
              19.0651
            ],
            [
              72.863201,
              19.064916
            ],
            [
              72.863322,
              19.064916
            ],
            [
              72.863361,
              19.064827
            ],
            [
              72.863328,
              19.06479
            ],
            [
              72.863677,
              19.064505
            ],
            [
              72.863787,
              19.064513
            ],
            [
              72.86388,
              19.064446
            ],
            [
              72.86382,
              19.064371
            ],
            [
              72.864183,
              19.064109
            ],
            [
              72.864279,
              19.064127
            ],
            [
              72.864357,
              19.064057
            ],
            [
              72.864304,
              19.064003
            ],
            [
              72.864558,
              19.063776
            ],
            [
              72.86456,
              19.063742
            ],
            [
              72.864525,
              19.063741
            ],
            [
              72.864528,
              19.063682
            ],
            [
              72.864596,
              19.063684
            ],
            [
              72.864671,
              19.063609
            ],
            [
              72.864646,
              19.063587
            ],
            [
              72.864766,
              19.063466
            ],
            [
              72.865001,
              19.063472
            ],
            [
              72.865,
              19.063513
            ],
            [
              72.865055,
              19.063584
            ],
            [
              72.865076,
              19.063651
            ],
            [
              72.865098,
              19.063688
            ],
            [
              72.865118,
              19.063751
            ],
            [
              72.865096,
              19.063784
            ],
            [
              72.865099,
              19.063862
            ],
            [
              72.865046,
              19.063864
            ],
            [
              72.865043,
              19.06379
            ],
            [
              72.864942,
              19.063656
            ],
            [
              72.864814,
              19.063652
            ],
            [
              72.864682,
              19.063787
            ],
            [
              72.864699,
              19.06384
            ],
            [
              72.86452,
              19.064006
            ],
            [
              72.864553,
              19.064073
            ],
            [
              72.864761,
              19.064088
            ],
            [
              72.864809,
              19.064014
            ],
            [
              72.865108,
              19.064023
            ],
            [
              72.865127,
              19.064065
            ],
            [
              72.865182,
              19.064067
            ],
            [
              72.865197,
              19.0641
            ],
            [
              72.865241,
              19.064102
            ],
            [
              72.865239,
              19.064136
            ],
            [
              72.865193,
              19.064134
            ],
            [
              72.865191,
              19.064171
            ],
            [
              72.865106,
              19.064166
            ],
            [
              72.86507,
              19.06419
            ],
            [
              72.864908,
              19.064186
            ],
            [
              72.864832,
              19.064248
            ],
            [
              72.864401,
              19.064233
            ],
            [
              72.864364,
              19.06425
            ],
            [
              72.864231,
              19.064241
            ],
            [
              72.864021,
              19.064386
            ],
            [
              72.864075,
              19.064455
            ],
            [
              72.86441,
              19.064472
            ],
            [
              72.864468,
              19.064419
            ],
            [
              72.865,
              19.06444
            ],
            [
              72.865019,
              19.064469
            ],
            [
              72.865071,
              19.064474
            ],
            [
              72.865091,
              19.064505
            ],
            [
              72.865197,
              19.064503
            ],
            [
              72.865197,
              19.064568
            ],
            [
              72.865004,
              19.064565
            ],
            [
              72.864963,
              19.064597
            ],
            [
              72.864561,
              19.064581
            ],
            [
              72.864475,
              19.064638
            ],
            [
              72.863898,
              19.064613
            ],
            [
              72.863877,
              19.064632
            ],
            [
              72.863732,
              19.064633
            ],
            [
              72.863556,
              19.064786
            ],
            [
              72.863588,
              19.064818
            ],
            [
              72.863587,
              19.06484
            ],
            [
              72.863917,
              19.064853
            ],
            [
              72.863975,
              19.064784
            ],
            [
              72.864518,
              19.064818
            ],
            [
              72.864539,
              19.06485
            ],
            [
              72.864601,
              19.064853
            ],
            [
              72.8646,
              19.064878
            ],
            [
              72.864694,
              19.064883
            ],
            [
              72.864691,
              19.064928
            ],
            [
              72.864611,
              19.064924
            ],
            [
              72.86461,
              19.064957
            ],
            [
              72.864511,
              19.064953
            ],
            [
              72.86447,
              19.064977
            ],
            [
              72.864063,
              19.064961
            ],
            [
              72.864005,
              19.065028
            ],
            [
              72.863448,
              19.065029
            ],
            [
              72.863366,
              19.065104
            ],
            [
              72.86332,
              19.065115
            ],
            [
              72.863641,
              19.065337
            ],
            [
              72.863828,
              19.065289
            ],
            [
              72.863883,
              19.065334
            ],
            [
              72.863993,
              19.065306
            ],
            [
              72.864062,
              19.065362
            ],
            [
              72.864229,
              19.06533
            ],
            [
              72.864272,
              19.065254
            ],
            [
              72.864712,
              19.065172
            ],
            [
              72.864761,
              19.065215
            ],
            [
              72.864913,
              19.065184
            ],
            [
              72.864932,
              19.065268
            ],
            [
              72.864742,
              19.065306
            ],
            [
              72.864706,
              19.065344
            ],
            [
              72.864389,
              19.065398
            ],
            [
              72.864355,
              19.065487
            ],
            [
              72.863996,
              19.065566
            ],
            [
              72.864225,
              19.065715
            ],
            [
              72.86468,
              19.06561
            ],
            [
              72.86472,
              19.065536
            ],
            [
              72.865235,
              19.065445
            ],
            [
              72.865257,
              19.065469
            ],
            [
              72.865313,
              19.065464
            ],
            [
              72.865336,
              19.06549
            ],
            [
              72.865446,
              19.065478
            ],
            [
              72.865451,
              19.065522
            ],
            [
              72.865345,
              19.065533
            ],
            [
              72.86535,
              19.065576
            ],
            [
              72.865282,
              19.065583
            ],
            [
              72.865254,
              19.065613
            ],
            [
              72.864851,
              19.065667
            ],
            [
              72.864793,
              19.065766
            ],
            [
              72.864394,
              19.065856
            ],
            [
              72.864643,
              19.066006
            ],
            [
              72.865151,
              19.065918
            ],
            [
              72.865186,
              19.066097
            ],
            [
              72.865516,
              19.066291
            ],
            [
              72.86563,
              19.066258
            ],
            [
              72.865511,
              19.065894
            ]
          ],
          [
            [
              72.86575,
              19.066161
            ],
            [
              72.865944,
              19.066092
            ],
            [
              72.865871,
              19.06591
            ],
            [
              72.865677,
              19.065979
            ],
            [
              72.86575,
              19.066161
            ]
          ]
        ]
      },
      "properties": {
        "ulpin": "27-BKC-1000-F08-U801",
        "building_id": "BKC-BLDG-1000",
        "building_name": "BKC Block 1",
        "floor": 8,
        "total_floors": 9,
        "base_height": 24.5,
        "height": 28.0,
        "owner": "Rajesh Mehta",
        "tax_status": "Paid",
        "tax_color": "#2ECC71",
        "default_color": "#3A3A3A",
        "land_type": "Residential"
      }
    },
    {
      "type": "Feature",
      "geometry": {
        "type": "Polygon",
        "coordinates": [
          [
            [
              72.865511,
              19.065894
            ],
            [
              72.865881,
              19.065792
            ],
            [
              72.865991,
              19.066148
            ],
            [
              72.865752,
              19.066214
            ],
            [
              72.865777,
              19.066297
            ],
            [
              72.865697,
              19.066319
            ],
            [
              72.865711,
              19.066364
            ],
            [
              72.865326,
              19.06647
            ],
            [
              72.86528,
              19.06632
            ],
            [
              72.86494,
              19.066111
            ],
            [
              72.864892,
              19.06618
            ],
            [
              72.864915,
              19.066246
            ],
            [
              72.864899,
              19.066283
            ],
            [
              72.864852,
              19.066302
            ],
            [
              72.864654,
              19.066147
            ],
            [
              72.864577,
              19.066178
            ],
            [
              72.864528,
              19.06607
            ],
            [
              72.864192,
              19.065857
            ],
            [
              72.864124,
              19.065863
            ],
            [
              72.864097,
              19.065795
            ],
            [
              72.863747,
              19.065576
            ],
            [
              72.863669,
              19.065605
            ],
            [
              72.863628,
              19.065506
            ],
            [
              72.863055,
              19.0651
            ],
            [
              72.863201,
              19.064916
            ],
            [
              72.863322,
              19.064916
            ],
            [
              72.863361,
              19.064827
            ],
            [
              72.863328,
              19.06479
            ],
            [
              72.863677,
              19.064505
            ],
            [
              72.863787,
              19.064513
            ],
            [
              72.86388,
              19.064446
            ],
            [
              72.86382,
              19.064371
            ],
            [
              72.864183,
              19.064109
            ],
            [
              72.864279,
              19.064127
            ],
            [
              72.864357,
              19.064057
            ],
            [
              72.864304,
              19.064003
            ],
            [
              72.864558,
              19.063776
            ],
            [
              72.86456,
              19.063742
            ],
            [
              72.864525,
              19.063741
            ],
            [
              72.864528,
              19.063682
            ],
            [
              72.864596,
              19.063684
            ],
            [
              72.864671,
              19.063609
            ],
            [
              72.864646,
              19.063587
            ],
            [
              72.864766,
              19.063466
            ],
            [
              72.865001,
              19.063472
            ],
            [
              72.865,
              19.063513
            ],
            [
              72.865055,
              19.063584
            ],
            [
              72.865076,
              19.063651
            ],
            [
              72.865098,
              19.063688
            ],
            [
              72.865118,
              19.063751
            ],
            [
              72.865096,
              19.063784
            ],
            [
              72.865099,
              19.063862
            ],
            [
              72.865046,
              19.063864
            ],
            [
              72.865043,
              19.06379
            ],
            [
              72.864942,
              19.063656
            ],
            [
              72.864814,
              19.063652
            ],
            [
              72.864682,
              19.063787
            ],
            [
              72.864699,
              19.06384
            ],
            [
              72.86452,
              19.064006
            ],
            [
              72.864553,
              19.064073
            ],
            [
              72.864761,
              19.064088
            ],
            [
              72.864809,
              19.064014
            ],
            [
              72.865108,
              19.064023
            ],
            [
              72.865127,
              19.064065
            ],
            [
              72.865182,
              19.064067
            ],
            [
              72.865197,
              19.0641
            ],
            [
              72.865241,
              19.064102
            ],
            [
              72.865239,
              19.064136
            ],
            [
              72.865193,
              19.064134
            ],
            [
              72.865191,
              19.064171
            ],
            [
              72.865106,
              19.064166
            ],
            [
              72.86507,
              19.06419
            ],
            [
              72.864908,
              19.064186
            ],
            [
              72.864832,
              19.064248
            ],
            [
              72.864401,
              19.064233
            ],
            [
              72.864364,
              19.06425
            ],
            [
              72.864231,
              19.064241
            ],
            [
              72.864021,
              19.064386
            ],
            [
              72.864075,
              19.064455
            ],
            [
              72.86441,
              19.064472
            ],
            [
              72.864468,
              19.064419
            ],
            [
              72.865,
              19.06444
            ],
            [
              72.865019,
              19.064469
            ],
            [
              72.865071,
              19.064474
            ],
            [
              72.865091,
              19.064505
            ],
            [
              72.865197,
              19.064503
            ],
            [
              72.865197,
              19.064568
            ],
            [
              72.865004,
              19.064565
            ],
            [
              72.864963,
              19.064597
            ],
            [
              72.864561,
              19.064581
            ],
            [
              72.864475,
              19.064638
            ],
            [
              72.863898,
              19.064613
            ],
            [
              72.863877,
              19.064632
            ],
            [
              72.863732,
              19.064633
            ],
            [
              72.863556,
              19.064786
            ],
            [
              72.863588,
              19.064818
            ],
            [
              72.863587,
              19.06484
            ],
            [
              72.863917,
              19.064853
            ],
            [
              72.863975,
              19.064784
            ],
            [
              72.864518,
              19.064818
            ],
            [
              72.864539,
              19.06485
            ],
            [
              72.864601,
              19.064853
            ],
            [
              72.8646,
              19.064878
            ],
            [
              72.864694,
              19.064883
            ],
            [
              72.864691,
              19.064928
            ],
            [
              72.864611,
              19.064924
            ],
            [
              72.86461,
              19.064957
            ],
            [
              72.864511,
              19.064953
            ],
            [
              72.86447,
              19.064977
            ],
            [
              72.864063,
              19.064961
            ],
            [
              72.864005,
              19.065028
            ],
            [
              72.863448,
              19.065029
            ],
            [
              72.863366,
              19.065104
            ],
            [
              72.86332,
              19.065115
            ],
            [
              72.863641,
              19.065337
            ],
            [
              72.863828,
              19.065289
            ],
            [
              72.863883,
              19.065334
            ],
            [
              72.863993,
              19.065306
            ],
            [
              72.864062,
              19.065362
            ],
            [
              72.864229,
              19.06533
            ],
            [
              72.864272,
              19.065254
            ],
            [
              72.864712,
              19.065172
            ],
            [
              72.864761,
              19.065215
            ],
            [
              72.864913,
              19.065184
            ],
            [
              72.864932,
              19.065268
            ],
            [
              72.864742,
              19.065306
            ],
            [
              72.864706,
              19.065344
            ],
            [
              72.864389,
              19.065398
            ],
            [
              72.864355,
              19.065487
            ],
            [
              72.863996,
              19.065566
            ],
            [
              72.864225,
              19.065715
            ],
            [
              72.86468,
              19.06561
            ],
            [
              72.86472,
              19.065536
            ],
            [
              72.865235,
              19.065445
            ],
            [
              72.865257,
              19.065469
            ],
            [
              72.865313,
              19.065464
            ],
            [
              72.865336,
              19.06549
            ],
            [
              72.865446,
              19.065478
            ],
            [
              72.865451,
              19.065522
            ],
            [
              72.865345,
              19.065533
            ],
            [
              72.86535,
              19.065576
            ],
            [
              72.865282,
              19.065583
            ],
            [
              72.865254,
              19.065613
            ],
            [
              72.864851,
              19.065667
            ],
            [
              72.864793,
              19.065766
            ],
            [
              72.864394,
              19.065856
            ],
            [
              72.864643,
              19.066006
            ],
            [
              72.865151,
              19.065918
            ],
            [
              72.865186,
              19.066097
            ],
            [
              72.865516,
              19.066291
            ],
            [
              72.86563,
              19.066258
            ],
            [
              72.865511,
              19.065894
            ]
          ],
          [
            [
              72.86575,
              19.066161
            ],
            [
              72.865944,
              19.066092
            ],
            [
              72.865871,
              19.06591
            ],
            [
              72.865677,
              19.065979
            ],
            [
              72.86575,
              19.066161
            ]
          ]
        ]
      },
      "properties": {
        "ulpin": "27-BKC-1000-F09-U901",
        "building_id": "BKC-BLDG-1000",
        "building_name": "BKC Block 1",
        "floor": 9,
        "total_floors": 9,
        "base_height": 28.0,
        "height": 31.5,
        "owner": "Neha Gupta",
        "tax_status": "Paid",
        "tax_color": "#2ECC71",
        "default_color": "#3A3A3A",
        "land_type": "Residential"
      }
    },
    {
      "type": "Feature",
      "geometry": {
        "type": "Polygon",
        "coordinates": [
          [
            [
              72.867277,
              19.0623
            ],
            [
              72.8671,
              19.064237
            ],
            [
              72.866552,
              19.064193
            ],
            [
              72.866729,
              19.062256
            ],
            [
              72.867277,
              19.0623
            ]
          ]
        ]
      },
      "properties": {
        "ulpin": "27-BKC-1001-F01-U101",
        "building_id": "BKC-BLDG-1001",
        "building_name": "Jio World Residences",
        "floor": 1,
        "total_floors": 14,
        "base_height": 0.0,
        "height": 3.5,
        "owner": "Ramesh Sharma",
        "tax_status": "Paid",
        "tax_color": "#2ECC71",
        "default_color": "#3A3A3A",
        "land_type": "Commercial"
      }
    },
    {
      "type": "Feature",
      "geometry": {
        "type": "Polygon",
        "coordinates": [
          [
            [
              72.867277,
              19.0623
            ],
            [
              72.8671,
              19.064237
            ],
            [
              72.866552,
              19.064193
            ],
            [
              72.866729,
              19.062256
            ],
            [
              72.867277,
              19.0623
            ]
          ]
        ]
      },
      "properties": {
        "ulpin": "27-BKC-1001-F02-U201",
        "building_id": "BKC-BLDG-1001",
        "building_name": "Jio World Residences",
        "floor": 2,
        "total_floors": 14,
        "base_height": 3.5,
        "height": 7.0,
        "owner": "Priya Patel",
        "tax_status": "Paid",
        "tax_color": "#2ECC71",
        "default_color": "#3A3A3A",
        "land_type": "Commercial"
      }
    },
    {
      "type": "Feature",
      "geometry": {
        "type": "Polygon",
        "coordinates": [
          [
            [
              72.867277,
              19.0623
            ],
            [
              72.8671,
              19.064237
            ],
            [
              72.866552,
              19.064193
            ],
            [
              72.866729,
              19.062256
            ],
            [
              72.867277,
              19.0623
            ]
          ]
        ]
      },
      "properties": {
        "ulpin": "27-BKC-1001-F03-U301",
        "building_id": "BKC-BLDG-1001",
        "building_name": "Jio World Residences",
        "floor": 3,
        "total_floors": 14,
        "base_height": 7.0,
        "height": 10.5,
        "owner": "Priya Patel",
        "tax_status": "Paid",
        "tax_color": "#2ECC71",
        "default_color": "#3A3A3A",
        "land_type": "Commercial"
      }
    },
    {
      "type": "Feature",
      "geometry": {
        "type": "Polygon",
        "coordinates": [
          [
            [
              72.867277,
              19.0623
            ],
            [
              72.8671,
              19.064237
            ],
            [
              72.866552,
              19.064193
            ],
            [
              72.866729,
              19.062256
            ],
            [
              72.867277,
              19.0623
            ]
          ]
        ]
      },
      "properties": {
        "ulpin": "27-BKC-1001-F04-U401",
        "building_id": "BKC-BLDG-1001",
        "building_name": "Jio World Residences",
        "floor": 4,
        "total_floors": 14,
        "base_height": 10.5,
        "height": 14.0,
        "owner": "Vikram Shah",
        "tax_status": "Paid",
        "tax_color": "#2ECC71",
        "default_color": "#3A3A3A",
        "land_type": "Residential"
      }
    },
    {
      "type": "Feature",
      "geometry": {
        "type": "Polygon",
        "coordinates": [
          [
            [
              72.867277,
              19.0623
            ],
            [
              72.8671,
              19.064237
            ],
            [
              72.866552,
              19.064193
            ],
            [
              72.866729,
              19.062256
            ],
            [
              72.867277,
              19.0623
            ]
          ]
        ]
      },
      "properties": {
        "ulpin": "27-BKC-1001-F05-U501",
        "building_id": "BKC-BLDG-1001",
        "building_name": "Jio World Residences",
        "floor": 5,
        "total_floors": 14,
        "base_height": 14.0,
        "height": 17.5,
        "owner": "Ananya Roy",
        "tax_status": "Paid",
        "tax_color": "#2ECC71",
        "default_color": "#3A3A3A",
        "land_type": "Residential"
      }
    },
    {
      "type": "Feature",
      "geometry": {
        "type": "Polygon",
        "coordinates": [
          [
            [
              72.867277,
              19.0623
            ],
            [
              72.8671,
              19.064237
            ],
            [
              72.866552,
              19.064193
            ],
            [
              72.866729,
              19.062256
            ],
            [
              72.867277,
              19.0623
            ]
          ]
        ]
      },
      "properties": {
        "ulpin": "27-BKC-1001-F06-U601",
        "building_id": "BKC-BLDG-1001",
        "building_name": "Jio World Residences",
        "floor": 6,
        "total_floors": 14,
        "base_height": 17.5,
        "height": 21.0,
        "owner": "Sunita Deshmukh",
        "tax_status": "Default",
        "tax_color": "#E74C3C",
        "default_color": "#3A3A3A",
        "land_type": "Residential"
      }
    },
    {
      "type": "Feature",
      "geometry": {
        "type": "Polygon",
        "coordinates": [
          [
            [
              72.867277,
              19.0623
            ],
            [
              72.8671,
              19.064237
            ],
            [
              72.866552,
              19.064193
            ],
            [
              72.866729,
              19.062256
            ],
            [
              72.867277,
              19.0623
            ]
          ]
        ]
      },
      "properties": {
        "ulpin": "27-BKC-1001-F07-U701",
        "building_id": "BKC-BLDG-1001",
        "building_name": "Jio World Residences",
        "floor": 7,
        "total_floors": 14,
        "base_height": 21.0,
        "height": 24.5,
        "owner": "Ananya Roy",
        "tax_status": "Paid",
        "tax_color": "#2ECC71",
        "default_color": "#3A3A3A",
        "land_type": "Residential"
      }
    },
    {
      "type": "Feature",
      "geometry": {
        "type": "Polygon",
        "coordinates": [
          [
            [
              72.867277,
              19.0623
            ],
            [
              72.8671,
              19.064237
            ],
            [
              72.866552,
              19.064193
            ],
            [
              72.866729,
              19.062256
            ],
            [
              72.867277,
              19.0623
            ]
          ]
        ]
      },
      "properties": {
        "ulpin": "27-BKC-1001-F08-U801",
        "building_id": "BKC-BLDG-1001",
        "building_name": "Jio World Residences",
        "floor": 8,
        "total_floors": 14,
        "base_height": 24.5,
        "height": 28.0,
        "owner": "Sunita Deshmukh",
        "tax_status": "Default",
        "tax_color": "#E74C3C",
        "default_color": "#3A3A3A",
        "land_type": "Residential"
      }
    },
    {
      "type": "Feature",
      "geometry": {
        "type": "Polygon",
        "coordinates": [
          [
            [
              72.867277,
              19.0623
            ],
            [
              72.8671,
              19.064237
            ],
            [
              72.866552,
              19.064193
            ],
            [
              72.866729,
              19.062256
            ],
            [
              72.867277,
              19.0623
            ]
          ]
        ]
      },
      "properties": {
        "ulpin": "27-BKC-1001-F09-U901",
        "building_id": "BKC-BLDG-1001",
        "building_name": "Jio World Residences",
        "floor": 9,
        "total_floors": 14,
        "base_height": 28.0,
        "height": 31.5,
        "owner": "Neha Gupta",
        "tax_status": "Paid",
        "tax_color": "#2ECC71",
        "default_color": "#3A3A3A",
        "land_type": "Residential"
      }
    },
    {
      "type": "Feature",
      "geometry": {
        "type": "Polygon",
        "coordinates": [
          [
            [
              72.867277,
              19.0623
            ],
            [
              72.8671,
              19.064237
            ],
            [
              72.866552,
              19.064193
            ],
            [
              72.866729,
              19.062256
            ],
            [
              72.867277,
              19.0623
            ]
          ]
        ]
      },
      "properties": {
        "ulpin": "27-BKC-1001-F10-U1001",
        "building_id": "BKC-BLDG-1001",
        "building_name": "Jio World Residences",
        "floor": 10,
        "total_floors": 14,
        "base_height": 31.5,
        "height": 35.0,
        "owner": "Sunita Deshmukh",
        "tax_status": "Paid",
        "tax_color": "#2ECC71",
        "default_color": "#3A3A3A",
        "land_type": "Residential"
      }
    },
    {
      "type": "Feature",
      "geometry": {
        "type": "Polygon",
        "coordinates": [
          [
            [
              72.867277,
              19.0623
            ],
            [
              72.8671,
              19.064237
            ],
            [
              72.866552,
              19.064193
            ],
            [
              72.866729,
              19.062256
            ],
            [
              72.867277,
              19.0623
            ]
          ]
        ]
      },
      "properties": {
        "ulpin": "27-BKC-1001-F11-U1101",
        "building_id": "BKC-BLDG-1001",
        "building_name": "Jio World Residences",
        "floor": 11,
        "total_floors": 14,
        "base_height": 35.0,
        "height": 38.5,
        "owner": "Neha Gupta",
        "tax_status": "Paid",
        "tax_color": "#2ECC71",
        "default_color": "#3A3A3A",
        "land_type": "Residential"
      }
    },
    {
      "type": "Feature",
      "geometry": {
        "type": "Polygon",
        "coordinates": [
          [
            [
              72.867277,
              19.0623
            ],
            [
              72.8671,
              19.064237
            ],
            [
              72.866552,
              19.064193
            ],
            [
              72.866729,
              19.062256
            ],
            [
              72.867277,
              19.0623
            ]
          ]
        ]
      },
      "properties": {
        "ulpin": "27-BKC-1001-F12-U1201",
        "building_id": "BKC-BLDG-1001",
        "building_name": "Jio World Residences",
        "floor": 12,
        "total_floors": 14,
        "base_height": 38.5,
        "height": 42.0,
        "owner": "Neha Gupta",
        "tax_status": "Paid",
        "tax_color": "#2ECC71",
        "default_color": "#3A3A3A",
        "land_type": "Residential"
      }
    },
    {
      "type": "Feature",
      "geometry": {
        "type": "Polygon",
        "coordinates": [
          [
            [
              72.867277,
              19.0623
            ],
            [
              72.8671,
              19.064237
            ],
            [
              72.866552,
              19.064193
            ],
            [
              72.866729,
              19.062256
            ],
            [
              72.867277,
              19.0623
            ]
          ]
        ]
      },
      "properties": {
        "ulpin": "27-BKC-1001-F13-U1301",
        "building_id": "BKC-BLDG-1001",
        "building_name": "Jio World Residences",
        "floor": 13,
        "total_floors": 14,
        "base_height": 42.0,
        "height": 45.5,
        "owner": "Amit Verma",
        "tax_status": "Paid",
        "tax_color": "#2ECC71",
        "default_color": "#3A3A3A",
        "land_type": "Residential"
      }
    },
    {
      "type": "Feature",
      "geometry": {
        "type": "Polygon",
        "coordinates": [
          [
            [
              72.867277,
              19.0623
            ],
            [
              72.8671,
              19.064237
            ],
            [
              72.866552,
              19.064193
            ],
            [
              72.866729,
              19.062256
            ],
            [
              72.867277,
              19.0623
            ]
          ]
        ]
      },
      "properties": {
        "ulpin": "27-BKC-1001-F14-U1401",
        "building_id": "BKC-BLDG-1001",
        "building_name": "Jio World Residences",
        "floor": 14,
        "total_floors": 14,
        "base_height": 45.5,
        "height": 49.0,
        "owner": "Amit Verma",
        "tax_status": "Paid",
        "tax_color": "#2ECC71",
        "default_color": "#3A3A3A",
        "land_type": "Residential"
      }
    },
    {
      "type": "Feature",
      "geometry": {
        "type": "Polygon",
        "coordinates": [
          [
            [
              72.867174,
              19.064694
            ],
            [
              72.867281,
              19.063491
            ],
            [
              72.867383,
              19.062288
            ],
            [
              72.867712,
              19.062313
            ],
            [
              72.867502,
              19.06472
            ],
            [
              72.867174,
              19.064694
            ]
          ]
        ]
      },
      "properties": {
        "ulpin": "27-BKC-1002-F01-U101",
        "building_id": "BKC-BLDG-1002",
        "building_name": "Jio World Convention Centre",
        "floor": 1,
        "total_floors": 13,
        "base_height": 0.0,
        "height": 3.5,
        "owner": "Vikram Shah",
        "tax_status": "Paid",
        "tax_color": "#2ECC71",
        "default_color": "#3A3A3A",
        "land_type": "Commercial"
      }
    },
    {
      "type": "Feature",
      "geometry": {
        "type": "Polygon",
        "coordinates": [
          [
            [
              72.867174,
              19.064694
            ],
            [
              72.867281,
              19.063491
            ],
            [
              72.867383,
              19.062288
            ],
            [
              72.867712,
              19.062313
            ],
            [
              72.867502,
              19.06472
            ],
            [
              72.867174,
              19.064694
            ]
          ]
        ]
      },
      "properties": {
        "ulpin": "27-BKC-1002-F02-U201",
        "building_id": "BKC-BLDG-1002",
        "building_name": "Jio World Convention Centre",
        "floor": 2,
        "total_floors": 13,
        "base_height": 3.5,
        "height": 7.0,
        "owner": "Vikram Shah",
        "tax_status": "Paid",
        "tax_color": "#2ECC71",
        "default_color": "#3A3A3A",
        "land_type": "Commercial"
      }
    },
    {
      "type": "Feature",
      "geometry": {
        "type": "Polygon",
        "coordinates": [
          [
            [
              72.867174,
              19.064694
            ],
            [
              72.867281,
              19.063491
            ],
            [
              72.867383,
              19.062288
            ],
            [
              72.867712,
              19.062313
            ],
            [
              72.867502,
              19.06472
            ],
            [
              72.867174,
              19.064694
            ]
          ]
        ]
      },
      "properties": {
        "ulpin": "27-BKC-1002-F03-U301",
        "building_id": "BKC-BLDG-1002",
        "building_name": "Jio World Convention Centre",
        "floor": 3,
        "total_floors": 13,
        "base_height": 7.0,
        "height": 10.5,
        "owner": "Vikram Shah",
        "tax_status": "Paid",
        "tax_color": "#2ECC71",
        "default_color": "#3A3A3A",
        "land_type": "Commercial"
      }
    },
    {
      "type": "Feature",
      "geometry": {
        "type": "Polygon",
        "coordinates": [
          [
            [
              72.867174,
              19.064694
            ],
            [
              72.867281,
              19.063491
            ],
            [
              72.867383,
              19.062288
            ],
            [
              72.867712,
              19.062313
            ],
            [
              72.867502,
              19.06472
            ],
            [
              72.867174,
              19.064694
            ]
          ]
        ]
      },
      "properties": {
        "ulpin": "27-BKC-1002-F04-U401",
        "building_id": "BKC-BLDG-1002",
        "building_name": "Jio World Convention Centre",
        "floor": 4,
        "total_floors": 13,
        "base_height": 10.5,
        "height": 14.0,
        "owner": "Neha Gupta",
        "tax_status": "Default",
        "tax_color": "#E74C3C",
        "default_color": "#3A3A3A",
        "land_type": "Residential"
      }
    },
    {
      "type": "Feature",
      "geometry": {
        "type": "Polygon",
        "coordinates": [
          [
            [
              72.867174,
              19.064694
            ],
            [
              72.867281,
              19.063491
            ],
            [
              72.867383,
              19.062288
            ],
            [
              72.867712,
              19.062313
            ],
            [
              72.867502,
              19.06472
            ],
            [
              72.867174,
              19.064694
            ]
          ]
        ]
      },
      "properties": {
        "ulpin": "27-BKC-1002-F05-U501",
        "building_id": "BKC-BLDG-1002",
        "building_name": "Jio World Convention Centre",
        "floor": 5,
        "total_floors": 13,
        "base_height": 14.0,
        "height": 17.5,
        "owner": "Priya Patel",
        "tax_status": "Paid",
        "tax_color": "#2ECC71",
        "default_color": "#3A3A3A",
        "land_type": "Residential"
      }
    },
    {
      "type": "Feature",
      "geometry": {
        "type": "Polygon",
        "coordinates": [
          [
            [
              72.867174,
              19.064694
            ],
            [
              72.867281,
              19.063491
            ],
            [
              72.867383,
              19.062288
            ],
            [
              72.867712,
              19.062313
            ],
            [
              72.867502,
              19.06472
            ],
            [
              72.867174,
              19.064694
            ]
          ]
        ]
      },
      "properties": {
        "ulpin": "27-BKC-1002-F06-U601",
        "building_id": "BKC-BLDG-1002",
        "building_name": "Jio World Convention Centre",
        "floor": 6,
        "total_floors": 13,
        "base_height": 17.5,
        "height": 21.0,
        "owner": "Ramesh Sharma",
        "tax_status": "Paid",
        "tax_color": "#2ECC71",
        "default_color": "#3A3A3A",
        "land_type": "Residential"
      }
    },
    {
      "type": "Feature",
      "geometry": {
        "type": "Polygon",
        "coordinates": [
          [
            [
              72.867174,
              19.064694
            ],
            [
              72.867281,
              19.063491
            ],
            [
              72.867383,
              19.062288
            ],
            [
              72.867712,
              19.062313
            ],
            [
              72.867502,
              19.06472
            ],
            [
              72.867174,
              19.064694
            ]
          ]
        ]
      },
      "properties": {
        "ulpin": "27-BKC-1002-F07-U701",
        "building_id": "BKC-BLDG-1002",
        "building_name": "Jio World Convention Centre",
        "floor": 7,
        "total_floors": 13,
        "base_height": 21.0,
        "height": 24.5,
        "owner": "Ramesh Sharma",
        "tax_status": "Default",
        "tax_color": "#E74C3C",
        "default_color": "#3A3A3A",
        "land_type": "Residential"
      }
    },
    {
      "type": "Feature",
      "geometry": {
        "type": "Polygon",
        "coordinates": [
          [
            [
              72.867174,
              19.064694
            ],
            [
              72.867281,
              19.063491
            ],
            [
              72.867383,
              19.062288
            ],
            [
              72.867712,
              19.062313
            ],
            [
              72.867502,
              19.06472
            ],
            [
              72.867174,
              19.064694
            ]
          ]
        ]
      },
      "properties": {
        "ulpin": "27-BKC-1002-F08-U801",
        "building_id": "BKC-BLDG-1002",
        "building_name": "Jio World Convention Centre",
        "floor": 8,
        "total_floors": 13,
        "base_height": 24.5,
        "height": 28.0,
        "owner": "Priya Patel",
        "tax_status": "Default",
        "tax_color": "#E74C3C",
        "default_color": "#3A3A3A",
        "land_type": "Residential"
      }
    },
    {
      "type": "Feature",
      "geometry": {
        "type": "Polygon",
        "coordinates": [
          [
            [
              72.867174,
              19.064694
            ],
            [
              72.867281,
              19.063491
            ],
            [
              72.867383,
              19.062288
            ],
            [
              72.867712,
              19.062313
            ],
            [
              72.867502,
              19.06472
            ],
            [
              72.867174,
              19.064694
            ]
          ]
        ]
      },
      "properties": {
        "ulpin": "27-BKC-1002-F09-U901",
        "building_id": "BKC-BLDG-1002",
        "building_name": "Jio World Convention Centre",
        "floor": 9,
        "total_floors": 13,
        "base_height": 28.0,
        "height": 31.5,
        "owner": "Priya Patel",
        "tax_status": "Paid",
        "tax_color": "#2ECC71",
        "default_color": "#3A3A3A",
        "land_type": "Residential"
      }
    },
    {
      "type": "Feature",
      "geometry": {
        "type": "Polygon",
        "coordinates": [
          [
            [
              72.867174,
              19.064694
            ],
            [
              72.867281,
              19.063491
            ],
            [
              72.867383,
              19.062288
            ],
            [
              72.867712,
              19.062313
            ],
            [
              72.867502,
              19.06472
            ],
            [
              72.867174,
              19.064694
            ]
          ]
        ]
      },
      "properties": {
        "ulpin": "27-BKC-1002-F10-U1001",
        "building_id": "BKC-BLDG-1002",
        "building_name": "Jio World Convention Centre",
        "floor": 10,
        "total_floors": 13,
        "base_height": 31.5,
        "height": 35.0,
        "owner": "Neha Gupta",
        "tax_status": "Paid",
        "tax_color": "#2ECC71",
        "default_color": "#3A3A3A",
        "land_type": "Residential"
      }
    },
    {
      "type": "Feature",
      "geometry": {
        "type": "Polygon",
        "coordinates": [
          [
            [
              72.867174,
              19.064694
            ],
            [
              72.867281,
              19.063491
            ],
            [
              72.867383,
              19.062288
            ],
            [
              72.867712,
              19.062313
            ],
            [
              72.867502,
              19.06472
            ],
            [
              72.867174,
              19.064694
            ]
          ]
        ]
      },
      "properties": {
        "ulpin": "27-BKC-1002-F11-U1101",
        "building_id": "BKC-BLDG-1002",
        "building_name": "Jio World Convention Centre",
        "floor": 11,
        "total_floors": 13,
        "base_height": 35.0,
        "height": 38.5,
        "owner": "Sunita Deshmukh",
        "tax_status": "Default",
        "tax_color": "#E74C3C",
        "default_color": "#3A3A3A",
        "land_type": "Residential"
      }
    },
    {
      "type": "Feature",
      "geometry": {
        "type": "Polygon",
        "coordinates": [
          [
            [
              72.867174,
              19.064694
            ],
            [
              72.867281,
              19.063491
            ],
            [
              72.867383,
              19.062288
            ],
            [
              72.867712,
              19.062313
            ],
            [
              72.867502,
              19.06472
            ],
            [
              72.867174,
              19.064694
            ]
          ]
        ]
      },
      "properties": {
        "ulpin": "27-BKC-1002-F12-U1201",
        "building_id": "BKC-BLDG-1002",
        "building_name": "Jio World Convention Centre",
        "floor": 12,
        "total_floors": 13,
        "base_height": 38.5,
        "height": 42.0,
        "owner": "Neha Gupta",
        "tax_status": "Paid",
        "tax_color": "#2ECC71",
        "default_color": "#3A3A3A",
        "land_type": "Residential"
      }
    },
    {
      "type": "Feature",
      "geometry": {
        "type": "Polygon",
        "coordinates": [
          [
            [
              72.867174,
              19.064694
            ],
            [
              72.867281,
              19.063491
            ],
            [
              72.867383,
              19.062288
            ],
            [
              72.867712,
              19.062313
            ],
            [
              72.867502,
              19.06472
            ],
            [
              72.867174,
              19.064694
            ]
          ]
        ]
      },
      "properties": {
        "ulpin": "27-BKC-1002-F13-U1301",
        "building_id": "BKC-BLDG-1002",
        "building_name": "Jio World Convention Centre",
        "floor": 13,
        "total_floors": 13,
        "base_height": 42.0,
        "height": 45.5,
        "owner": "Amit Verma",
        "tax_status": "Paid",
        "tax_color": "#2ECC71",
        "default_color": "#3A3A3A",
        "land_type": "Residential"
      }
    },
    {
      "type": "Feature",
      "geometry": {
        "type": "Polygon",
        "coordinates": [
          [
            [
              72.865797,
              19.063776
            ],
            [
              72.865523,
              19.063076
            ],
            [
              72.866462,
              19.062406
            ],
            [
              72.866588,
              19.062788
            ],
            [
              72.866062,
              19.063239
            ],
            [
              72.866215,
              19.06363
            ],
            [
              72.865797,
              19.063776
            ]
          ]
        ]
      },
      "properties": {
        "ulpin": "27-BKC-1003-F01-U101",
        "building_id": "BKC-BLDG-1003",
        "building_name": "Jio World Offices",
        "floor": 1,
        "total_floors": 14,
        "base_height": 0.0,
        "height": 3.5,
        "owner": "Neha Gupta",
        "tax_status": "Paid",
        "tax_color": "#2ECC71",
        "default_color": "#3A3A3A",
        "land_type": "Commercial"
      }
    },
    {
      "type": "Feature",
      "geometry": {
        "type": "Polygon",
        "coordinates": [
          [
            [
              72.865797,
              19.063776
            ],
            [
              72.865523,
              19.063076
            ],
            [
              72.866462,
              19.062406
            ],
            [
              72.866588,
              19.062788
            ],
            [
              72.866062,
              19.063239
            ],
            [
              72.866215,
              19.06363
            ],
            [
              72.865797,
              19.063776
            ]
          ]
        ]
      },
      "properties": {
        "ulpin": "27-BKC-1003-F02-U201",
        "building_id": "BKC-BLDG-1003",
        "building_name": "Jio World Offices",
        "floor": 2,
        "total_floors": 14,
        "base_height": 3.5,
        "height": 7.0,
        "owner": "Rajesh Mehta",
        "tax_status": "Paid",
        "tax_color": "#2ECC71",
        "default_color": "#3A3A3A",
        "land_type": "Commercial"
      }
    },
    {
      "type": "Feature",
      "geometry": {
        "type": "Polygon",
        "coordinates": [
          [
            [
              72.865797,
              19.063776
            ],
            [
              72.865523,
              19.063076
            ],
            [
              72.866462,
              19.062406
            ],
            [
              72.866588,
              19.062788
            ],
            [
              72.866062,
              19.063239
            ],
            [
              72.866215,
              19.06363
            ],
            [
              72.865797,
              19.063776
            ]
          ]
        ]
      },
      "properties": {
        "ulpin": "27-BKC-1003-F03-U301",
        "building_id": "BKC-BLDG-1003",
        "building_name": "Jio World Offices",
        "floor": 3,
        "total_floors": 14,
        "base_height": 7.0,
        "height": 10.5,
        "owner": "Sunita Deshmukh",
        "tax_status": "Paid",
        "tax_color": "#2ECC71",
        "default_color": "#3A3A3A",
        "land_type": "Commercial"
      }
    },
    {
      "type": "Feature",
      "geometry": {
        "type": "Polygon",
        "coordinates": [
          [
            [
              72.865797,
              19.063776
            ],
            [
              72.865523,
              19.063076
            ],
            [
              72.866462,
              19.062406
            ],
            [
              72.866588,
              19.062788
            ],
            [
              72.866062,
              19.063239
            ],
            [
              72.866215,
              19.06363
            ],
            [
              72.865797,
              19.063776
            ]
          ]
        ]
      },
      "properties": {
        "ulpin": "27-BKC-1003-F04-U401",
        "building_id": "BKC-BLDG-1003",
        "building_name": "Jio World Offices",
        "floor": 4,
        "total_floors": 14,
        "base_height": 10.5,
        "height": 14.0,
        "owner": "Ramesh Sharma",
        "tax_status": "Paid",
        "tax_color": "#2ECC71",
        "default_color": "#3A3A3A",
        "land_type": "Residential"
      }
    },
    {
      "type": "Feature",
      "geometry": {
        "type": "Polygon",
        "coordinates": [
          [
            [
              72.865797,
              19.063776
            ],
            [
              72.865523,
              19.063076
            ],
            [
              72.866462,
              19.062406
            ],
            [
              72.866588,
              19.062788
            ],
            [
              72.866062,
              19.063239
            ],
            [
              72.866215,
              19.06363
            ],
            [
              72.865797,
              19.063776
            ]
          ]
        ]
      },
      "properties": {
        "ulpin": "27-BKC-1003-F05-U501",
        "building_id": "BKC-BLDG-1003",
        "building_name": "Jio World Offices",
        "floor": 5,
        "total_floors": 14,
        "base_height": 14.0,
        "height": 17.5,
        "owner": "Rajesh Mehta",
        "tax_status": "Paid",
        "tax_color": "#2ECC71",
        "default_color": "#3A3A3A",
        "land_type": "Residential"
      }
    },
    {
      "type": "Feature",
      "geometry": {
        "type": "Polygon",
        "coordinates": [
          [
            [
              72.865797,
              19.063776
            ],
            [
              72.865523,
              19.063076
            ],
            [
              72.866462,
              19.062406
            ],
            [
              72.866588,
              19.062788
            ],
            [
              72.866062,
              19.063239
            ],
            [
              72.866215,
              19.06363
            ],
            [
              72.865797,
              19.063776
            ]
          ]
        ]
      },
      "properties": {
        "ulpin": "27-BKC-1003-F06-U601",
        "building_id": "BKC-BLDG-1003",
        "building_name": "Jio World Offices",
        "floor": 6,
        "total_floors": 14,
        "base_height": 17.5,
        "height": 21.0,
        "owner": "Ramesh Sharma",
        "tax_status": "Default",
        "tax_color": "#E74C3C",
        "default_color": "#3A3A3A",
        "land_type": "Residential"
      }
    },
    {
      "type": "Feature",
      "geometry": {
        "type": "Polygon",
        "coordinates": [
          [
            [
              72.865797,
              19.063776
            ],
            [
              72.865523,
              19.063076
            ],
            [
              72.866462,
              19.062406
            ],
            [
              72.866588,
              19.062788
            ],
            [
              72.866062,
              19.063239
            ],
            [
              72.866215,
              19.06363
            ],
            [
              72.865797,
              19.063776
            ]
          ]
        ]
      },
      "properties": {
        "ulpin": "27-BKC-1003-F07-U701",
        "building_id": "BKC-BLDG-1003",
        "building_name": "Jio World Offices",
        "floor": 7,
        "total_floors": 14,
        "base_height": 21.0,
        "height": 24.5,
        "owner": "Amit Verma",
        "tax_status": "Paid",
        "tax_color": "#2ECC71",
        "default_color": "#3A3A3A",
        "land_type": "Residential"
      }
    },
    {
      "type": "Feature",
      "geometry": {
        "type": "Polygon",
        "coordinates": [
          [
            [
              72.865797,
              19.063776
            ],
            [
              72.865523,
              19.063076
            ],
            [
              72.866462,
              19.062406
            ],
            [
              72.866588,
              19.062788
            ],
            [
              72.866062,
              19.063239
            ],
            [
              72.866215,
              19.06363
            ],
            [
              72.865797,
              19.063776
            ]
          ]
        ]
      },
      "properties": {
        "ulpin": "27-BKC-1003-F08-U801",
        "building_id": "BKC-BLDG-1003",
        "building_name": "Jio World Offices",
        "floor": 8,
        "total_floors": 14,
        "base_height": 24.5,
        "height": 28.0,
        "owner": "Priya Patel",
        "tax_status": "Default",
        "tax_color": "#E74C3C",
        "default_color": "#3A3A3A",
        "land_type": "Residential"
      }
    },
    {
      "type": "Feature",
      "geometry": {
        "type": "Polygon",
        "coordinates": [
          [
            [
              72.865797,
              19.063776
            ],
            [
              72.865523,
              19.063076
            ],
            [
              72.866462,
              19.062406
            ],
            [
              72.866588,
              19.062788
            ],
            [
              72.866062,
              19.063239
            ],
            [
              72.866215,
              19.06363
            ],
            [
              72.865797,
              19.063776
            ]
          ]
        ]
      },
      "properties": {
        "ulpin": "27-BKC-1003-F09-U901",
        "building_id": "BKC-BLDG-1003",
        "building_name": "Jio World Offices",
        "floor": 9,
        "total_floors": 14,
        "base_height": 28.0,
        "height": 31.5,
        "owner": "Ananya Roy",
        "tax_status": "Paid",
        "tax_color": "#2ECC71",
        "default_color": "#3A3A3A",
        "land_type": "Residential"
      }
    },
    {
      "type": "Feature",
      "geometry": {
        "type": "Polygon",
        "coordinates": [
          [
            [
              72.865797,
              19.063776
            ],
            [
              72.865523,
              19.063076
            ],
            [
              72.866462,
              19.062406
            ],
            [
              72.866588,
              19.062788
            ],
            [
              72.866062,
              19.063239
            ],
            [
              72.866215,
              19.06363
            ],
            [
              72.865797,
              19.063776
            ]
          ]
        ]
      },
      "properties": {
        "ulpin": "27-BKC-1003-F10-U1001",
        "building_id": "BKC-BLDG-1003",
        "building_name": "Jio World Offices",
        "floor": 10,
        "total_floors": 14,
        "base_height": 31.5,
        "height": 35.0,
        "owner": "Rajesh Mehta",
        "tax_status": "Paid",
        "tax_color": "#2ECC71",
        "default_color": "#3A3A3A",
        "land_type": "Residential"
      }
    },
    {
      "type": "Feature",
      "geometry": {
        "type": "Polygon",
        "coordinates": [
          [
            [
              72.865797,
              19.063776
            ],
            [
              72.865523,
              19.063076
            ],
            [
              72.866462,
              19.062406
            ],
            [
              72.866588,
              19.062788
            ],
            [
              72.866062,
              19.063239
            ],
            [
              72.866215,
              19.06363
            ],
            [
              72.865797,
              19.063776
            ]
          ]
        ]
      },
      "properties": {
        "ulpin": "27-BKC-1003-F11-U1101",
        "building_id": "BKC-BLDG-1003",
        "building_name": "Jio World Offices",
        "floor": 11,
        "total_floors": 14,
        "base_height": 35.0,
        "height": 38.5,
        "owner": "Sunita Deshmukh",
        "tax_status": "Default",
        "tax_color": "#E74C3C",
        "default_color": "#3A3A3A",
        "land_type": "Residential"
      }
    },
    {
      "type": "Feature",
      "geometry": {
        "type": "Polygon",
        "coordinates": [
          [
            [
              72.865797,
              19.063776
            ],
            [
              72.865523,
              19.063076
            ],
            [
              72.866462,
              19.062406
            ],
            [
              72.866588,
              19.062788
            ],
            [
              72.866062,
              19.063239
            ],
            [
              72.866215,
              19.06363
            ],
            [
              72.865797,
              19.063776
            ]
          ]
        ]
      },
      "properties": {
        "ulpin": "27-BKC-1003-F12-U1201",
        "building_id": "BKC-BLDG-1003",
        "building_name": "Jio World Offices",
        "floor": 12,
        "total_floors": 14,
        "base_height": 38.5,
        "height": 42.0,
        "owner": "Sunita Deshmukh",
        "tax_status": "Default",
        "tax_color": "#E74C3C",
        "default_color": "#3A3A3A",
        "land_type": "Residential"
      }
    },
    {
      "type": "Feature",
      "geometry": {
        "type": "Polygon",
        "coordinates": [
          [
            [
              72.865797,
              19.063776
            ],
            [
              72.865523,
              19.063076
            ],
            [
              72.866462,
              19.062406
            ],
            [
              72.866588,
              19.062788
            ],
            [
              72.866062,
              19.063239
            ],
            [
              72.866215,
              19.06363
            ],
            [
              72.865797,
              19.063776
            ]
          ]
        ]
      },
      "properties": {
        "ulpin": "27-BKC-1003-F13-U1301",
        "building_id": "BKC-BLDG-1003",
        "building_name": "Jio World Offices",
        "floor": 13,
        "total_floors": 14,
        "base_height": 42.0,
        "height": 45.5,
        "owner": "Amit Verma",
        "tax_status": "Paid",
        "tax_color": "#2ECC71",
        "default_color": "#3A3A3A",
        "land_type": "Residential"
      }
    },
    {
      "type": "Feature",
      "geometry": {
        "type": "Polygon",
        "coordinates": [
          [
            [
              72.865797,
              19.063776
            ],
            [
              72.865523,
              19.063076
            ],
            [
              72.866462,
              19.062406
            ],
            [
              72.866588,
              19.062788
            ],
            [
              72.866062,
              19.063239
            ],
            [
              72.866215,
              19.06363
            ],
            [
              72.865797,
              19.063776
            ]
          ]
        ]
      },
      "properties": {
        "ulpin": "27-BKC-1003-F14-U1401",
        "building_id": "BKC-BLDG-1003",
        "building_name": "Jio World Offices",
        "floor": 14,
        "total_floors": 14,
        "base_height": 45.5,
        "height": 49.0,
        "owner": "Neha Gupta",
        "tax_status": "Paid",
        "tax_color": "#2ECC71",
        "default_color": "#3A3A3A",
        "land_type": "Residential"
      }
    },
    {
      "type": "Feature",
      "geometry": {
        "type": "Polygon",
        "coordinates": [
          [
            [
              72.864516,
              19.060927
            ],
            [
              72.864545,
              19.060519
            ],
            [
              72.865016,
              19.06053
            ],
            [
              72.865044,
              19.06012
            ],
            [
              72.865554,
              19.060164
            ],
            [
              72.865513,
              19.061004
            ],
            [
              72.864516,
              19.060927
            ]
          ]
        ]
      },
      "properties": {
        "ulpin": "27-BKC-1004-F01-U101",
        "building_id": "BKC-BLDG-1004",
        "building_name": "One BKC",
        "floor": 1,
        "total_floors": 10,
        "base_height": 0.0,
        "height": 3.5,
        "owner": "Rajesh Mehta",
        "tax_status": "Paid",
        "tax_color": "#2ECC71",
        "default_color": "#3A3A3A",
        "land_type": "Commercial"
      }
    },
    {
      "type": "Feature",
      "geometry": {
        "type": "Polygon",
        "coordinates": [
          [
            [
              72.864516,
              19.060927
            ],
            [
              72.864545,
              19.060519
            ],
            [
              72.865016,
              19.06053
            ],
            [
              72.865044,
              19.06012
            ],
            [
              72.865554,
              19.060164
            ],
            [
              72.865513,
              19.061004
            ],
            [
              72.864516,
              19.060927
            ]
          ]
        ]
      },
      "properties": {
        "ulpin": "27-BKC-1004-F02-U201",
        "building_id": "BKC-BLDG-1004",
        "building_name": "One BKC",
        "floor": 2,
        "total_floors": 10,
        "base_height": 3.5,
        "height": 7.0,
        "owner": "Amit Verma",
        "tax_status": "Paid",
        "tax_color": "#2ECC71",
        "default_color": "#3A3A3A",
        "land_type": "Commercial"
      }
    },
    {
      "type": "Feature",
      "geometry": {
        "type": "Polygon",
        "coordinates": [
          [
            [
              72.864516,
              19.060927
            ],
            [
              72.864545,
              19.060519
            ],
            [
              72.865016,
              19.06053
            ],
            [
              72.865044,
              19.06012
            ],
            [
              72.865554,
              19.060164
            ],
            [
              72.865513,
              19.061004
            ],
            [
              72.864516,
              19.060927
            ]
          ]
        ]
      },
      "properties": {
        "ulpin": "27-BKC-1004-F03-U301",
        "building_id": "BKC-BLDG-1004",
        "building_name": "One BKC",
        "floor": 3,
        "total_floors": 10,
        "base_height": 7.0,
        "height": 10.5,
        "owner": "Rajesh Mehta",
        "tax_status": "Paid",
        "tax_color": "#2ECC71",
        "default_color": "#3A3A3A",
        "land_type": "Commercial"
      }
    },
    {
      "type": "Feature",
      "geometry": {
        "type": "Polygon",
        "coordinates": [
          [
            [
              72.864516,
              19.060927
            ],
            [
              72.864545,
              19.060519
            ],
            [
              72.865016,
              19.06053
            ],
            [
              72.865044,
              19.06012
            ],
            [
              72.865554,
              19.060164
            ],
            [
              72.865513,
              19.061004
            ],
            [
              72.864516,
              19.060927
            ]
          ]
        ]
      },
      "properties": {
        "ulpin": "27-BKC-1004-F04-U401",
        "building_id": "BKC-BLDG-1004",
        "building_name": "One BKC",
        "floor": 4,
        "total_floors": 10,
        "base_height": 10.5,
        "height": 14.0,
        "owner": "Neha Gupta",
        "tax_status": "Default",
        "tax_color": "#E74C3C",
        "default_color": "#3A3A3A",
        "land_type": "Residential"
      }
    },
    {
      "type": "Feature",
      "geometry": {
        "type": "Polygon",
        "coordinates": [
          [
            [
              72.864516,
              19.060927
            ],
            [
              72.864545,
              19.060519
            ],
            [
              72.865016,
              19.06053
            ],
            [
              72.865044,
              19.06012
            ],
            [
              72.865554,
              19.060164
            ],
            [
              72.865513,
              19.061004
            ],
            [
              72.864516,
              19.060927
            ]
          ]
        ]
      },
      "properties": {
        "ulpin": "27-BKC-1004-F05-U501",
        "building_id": "BKC-BLDG-1004",
        "building_name": "One BKC",
        "floor": 5,
        "total_floors": 10,
        "base_height": 14.0,
        "height": 17.5,
        "owner": "Vikram Shah",
        "tax_status": "Paid",
        "tax_color": "#2ECC71",
        "default_color": "#3A3A3A",
        "land_type": "Residential"
      }
    },
    {
      "type": "Feature",
      "geometry": {
        "type": "Polygon",
        "coordinates": [
          [
            [
              72.864516,
              19.060927
            ],
            [
              72.864545,
              19.060519
            ],
            [
              72.865016,
              19.06053
            ],
            [
              72.865044,
              19.06012
            ],
            [
              72.865554,
              19.060164
            ],
            [
              72.865513,
              19.061004
            ],
            [
              72.864516,
              19.060927
            ]
          ]
        ]
      },
      "properties": {
        "ulpin": "27-BKC-1004-F06-U601",
        "building_id": "BKC-BLDG-1004",
        "building_name": "One BKC",
        "floor": 6,
        "total_floors": 10,
        "base_height": 17.5,
        "height": 21.0,
        "owner": "Ramesh Sharma",
        "tax_status": "Paid",
        "tax_color": "#2ECC71",
        "default_color": "#3A3A3A",
        "land_type": "Residential"
      }
    },
    {
      "type": "Feature",
      "geometry": {
        "type": "Polygon",
        "coordinates": [
          [
            [
              72.864516,
              19.060927
            ],
            [
              72.864545,
              19.060519
            ],
            [
              72.865016,
              19.06053
            ],
            [
              72.865044,
              19.06012
            ],
            [
              72.865554,
              19.060164
            ],
            [
              72.865513,
              19.061004
            ],
            [
              72.864516,
              19.060927
            ]
          ]
        ]
      },
      "properties": {
        "ulpin": "27-BKC-1004-F07-U701",
        "building_id": "BKC-BLDG-1004",
        "building_name": "One BKC",
        "floor": 7,
        "total_floors": 10,
        "base_height": 21.0,
        "height": 24.5,
        "owner": "Vikram Shah",
        "tax_status": "Paid",
        "tax_color": "#2ECC71",
        "default_color": "#3A3A3A",
        "land_type": "Residential"
      }
    },
    {
      "type": "Feature",
      "geometry": {
        "type": "Polygon",
        "coordinates": [
          [
            [
              72.864516,
              19.060927
            ],
            [
              72.864545,
              19.060519
            ],
            [
              72.865016,
              19.06053
            ],
            [
              72.865044,
              19.06012
            ],
            [
              72.865554,
              19.060164
            ],
            [
              72.865513,
              19.061004
            ],
            [
              72.864516,
              19.060927
            ]
          ]
        ]
      },
      "properties": {
        "ulpin": "27-BKC-1004-F08-U801",
        "building_id": "BKC-BLDG-1004",
        "building_name": "One BKC",
        "floor": 8,
        "total_floors": 10,
        "base_height": 24.5,
        "height": 28.0,
        "owner": "Amit Verma",
        "tax_status": "Paid",
        "tax_color": "#2ECC71",
        "default_color": "#3A3A3A",
        "land_type": "Residential"
      }
    },
    {
      "type": "Feature",
      "geometry": {
        "type": "Polygon",
        "coordinates": [
          [
            [
              72.864516,
              19.060927
            ],
            [
              72.864545,
              19.060519
            ],
            [
              72.865016,
              19.06053
            ],
            [
              72.865044,
              19.06012
            ],
            [
              72.865554,
              19.060164
            ],
            [
              72.865513,
              19.061004
            ],
            [
              72.864516,
              19.060927
            ]
          ]
        ]
      },
      "properties": {
        "ulpin": "27-BKC-1004-F09-U901",
        "building_id": "BKC-BLDG-1004",
        "building_name": "One BKC",
        "floor": 9,
        "total_floors": 10,
        "base_height": 28.0,
        "height": 31.5,
        "owner": "Vikram Shah",
        "tax_status": "Paid",
        "tax_color": "#2ECC71",
        "default_color": "#3A3A3A",
        "land_type": "Residential"
      }
    },
    {
      "type": "Feature",
      "geometry": {
        "type": "Polygon",
        "coordinates": [
          [
            [
              72.864516,
              19.060927
            ],
            [
              72.864545,
              19.060519
            ],
            [
              72.865016,
              19.06053
            ],
            [
              72.865044,
              19.06012
            ],
            [
              72.865554,
              19.060164
            ],
            [
              72.865513,
              19.061004
            ],
            [
              72.864516,
              19.060927
            ]
          ]
        ]
      },
      "properties": {
        "ulpin": "27-BKC-1004-F10-U1001",
        "building_id": "BKC-BLDG-1004",
        "building_name": "One BKC",
        "floor": 10,
        "total_floors": 10,
        "base_height": 31.5,
        "height": 35.0,
        "owner": "Sunita Deshmukh",
        "tax_status": "Paid",
        "tax_color": "#2ECC71",
        "default_color": "#3A3A3A",
        "land_type": "Residential"
      }
    },
    {
      "type": "Feature",
      "geometry": {
        "type": "Polygon",
        "coordinates": [
          [
            [
              72.859494,
              19.060067
            ],
            [
              72.86018,
              19.059805
            ],
            [
              72.860341,
              19.060481
            ],
            [
              72.859615,
              19.060748
            ],
            [
              72.859413,
              19.060318
            ],
            [
              72.859494,
              19.060067
            ]
          ]
        ]
      },
      "properties": {
        "ulpin": "27-BKC-1005-F01-U101",
        "building_id": "BKC-BLDG-1005",
        "building_name": "National Stock Exchange",
        "floor": 1,
        "total_floors": 12,
        "base_height": 0.0,
        "height": 3.5,
        "owner": "Priya Patel",
        "tax_status": "Paid",
        "tax_color": "#2ECC71",
        "default_color": "#3A3A3A",
        "land_type": "Commercial"
      }
    },
    {
      "type": "Feature",
      "geometry": {
        "type": "Polygon",
        "coordinates": [
          [
            [
              72.859494,
              19.060067
            ],
            [
              72.86018,
              19.059805
            ],
            [
              72.860341,
              19.060481
            ],
            [
              72.859615,
              19.060748
            ],
            [
              72.859413,
              19.060318
            ],
            [
              72.859494,
              19.060067
            ]
          ]
        ]
      },
      "properties": {
        "ulpin": "27-BKC-1005-F02-U201",
        "building_id": "BKC-BLDG-1005",
        "building_name": "National Stock Exchange",
        "floor": 2,
        "total_floors": 12,
        "base_height": 3.5,
        "height": 7.0,
        "owner": "Rajesh Mehta",
        "tax_status": "Default",
        "tax_color": "#E74C3C",
        "default_color": "#3A3A3A",
        "land_type": "Commercial"
      }
    },
    {
      "type": "Feature",
      "geometry": {
        "type": "Polygon",
        "coordinates": [
          [
            [
              72.859494,
              19.060067
            ],
            [
              72.86018,
              19.059805
            ],
            [
              72.860341,
              19.060481
            ],
            [
              72.859615,
              19.060748
            ],
            [
              72.859413,
              19.060318
            ],
            [
              72.859494,
              19.060067
            ]
          ]
        ]
      },
      "properties": {
        "ulpin": "27-BKC-1005-F03-U301",
        "building_id": "BKC-BLDG-1005",
        "building_name": "National Stock Exchange",
        "floor": 3,
        "total_floors": 12,
        "base_height": 7.0,
        "height": 10.5,
        "owner": "Vikram Shah",
        "tax_status": "Paid",
        "tax_color": "#2ECC71",
        "default_color": "#3A3A3A",
        "land_type": "Commercial"
      }
    },
    {
      "type": "Feature",
      "geometry": {
        "type": "Polygon",
        "coordinates": [
          [
            [
              72.859494,
              19.060067
            ],
            [
              72.86018,
              19.059805
            ],
            [
              72.860341,
              19.060481
            ],
            [
              72.859615,
              19.060748
            ],
            [
              72.859413,
              19.060318
            ],
            [
              72.859494,
              19.060067
            ]
          ]
        ]
      },
      "properties": {
        "ulpin": "27-BKC-1005-F04-U401",
        "building_id": "BKC-BLDG-1005",
        "building_name": "National Stock Exchange",
        "floor": 4,
        "total_floors": 12,
        "base_height": 10.5,
        "height": 14.0,
        "owner": "Rajesh Mehta",
        "tax_status": "Default",
        "tax_color": "#E74C3C",
        "default_color": "#3A3A3A",
        "land_type": "Residential"
      }
    },
    {
      "type": "Feature",
      "geometry": {
        "type": "Polygon",
        "coordinates": [
          [
            [
              72.859494,
              19.060067
            ],
            [
              72.86018,
              19.059805
            ],
            [
              72.860341,
              19.060481
            ],
            [
              72.859615,
              19.060748
            ],
            [
              72.859413,
              19.060318
            ],
            [
              72.859494,
              19.060067
            ]
          ]
        ]
      },
      "properties": {
        "ulpin": "27-BKC-1005-F05-U501",
        "building_id": "BKC-BLDG-1005",
        "building_name": "National Stock Exchange",
        "floor": 5,
        "total_floors": 12,
        "base_height": 14.0,
        "height": 17.5,
        "owner": "Rajesh Mehta",
        "tax_status": "Paid",
        "tax_color": "#2ECC71",
        "default_color": "#3A3A3A",
        "land_type": "Residential"
      }
    },
    {
      "type": "Feature",
      "geometry": {
        "type": "Polygon",
        "coordinates": [
          [
            [
              72.859494,
              19.060067
            ],
            [
              72.86018,
              19.059805
            ],
            [
              72.860341,
              19.060481
            ],
            [
              72.859615,
              19.060748
            ],
            [
              72.859413,
              19.060318
            ],
            [
              72.859494,
              19.060067
            ]
          ]
        ]
      },
      "properties": {
        "ulpin": "27-BKC-1005-F06-U601",
        "building_id": "BKC-BLDG-1005",
        "building_name": "National Stock Exchange",
        "floor": 6,
        "total_floors": 12,
        "base_height": 17.5,
        "height": 21.0,
        "owner": "Ananya Roy",
        "tax_status": "Default",
        "tax_color": "#E74C3C",
        "default_color": "#3A3A3A",
        "land_type": "Residential"
      }
    },
    {
      "type": "Feature",
      "geometry": {
        "type": "Polygon",
        "coordinates": [
          [
            [
              72.859494,
              19.060067
            ],
            [
              72.86018,
              19.059805
            ],
            [
              72.860341,
              19.060481
            ],
            [
              72.859615,
              19.060748
            ],
            [
              72.859413,
              19.060318
            ],
            [
              72.859494,
              19.060067
            ]
          ]
        ]
      },
      "properties": {
        "ulpin": "27-BKC-1005-F07-U701",
        "building_id": "BKC-BLDG-1005",
        "building_name": "National Stock Exchange",
        "floor": 7,
        "total_floors": 12,
        "base_height": 21.0,
        "height": 24.5,
        "owner": "Ananya Roy",
        "tax_status": "Paid",
        "tax_color": "#2ECC71",
        "default_color": "#3A3A3A",
        "land_type": "Residential"
      }
    },
    {
      "type": "Feature",
      "geometry": {
        "type": "Polygon",
        "coordinates": [
          [
            [
              72.859494,
              19.060067
            ],
            [
              72.86018,
              19.059805
            ],
            [
              72.860341,
              19.060481
            ],
            [
              72.859615,
              19.060748
            ],
            [
              72.859413,
              19.060318
            ],
            [
              72.859494,
              19.060067
            ]
          ]
        ]
      },
      "properties": {
        "ulpin": "27-BKC-1005-F08-U801",
        "building_id": "BKC-BLDG-1005",
        "building_name": "National Stock Exchange",
        "floor": 8,
        "total_floors": 12,
        "base_height": 24.5,
        "height": 28.0,
        "owner": "Ramesh Sharma",
        "tax_status": "Default",
        "tax_color": "#E74C3C",
        "default_color": "#3A3A3A",
        "land_type": "Residential"
      }
    },
    {
      "type": "Feature",
      "geometry": {
        "type": "Polygon",
        "coordinates": [
          [
            [
              72.859494,
              19.060067
            ],
            [
              72.86018,
              19.059805
            ],
            [
              72.860341,
              19.060481
            ],
            [
              72.859615,
              19.060748
            ],
            [
              72.859413,
              19.060318
            ],
            [
              72.859494,
              19.060067
            ]
          ]
        ]
      },
      "properties": {
        "ulpin": "27-BKC-1005-F09-U901",
        "building_id": "BKC-BLDG-1005",
        "building_name": "National Stock Exchange",
        "floor": 9,
        "total_floors": 12,
        "base_height": 28.0,
        "height": 31.5,
        "owner": "Ramesh Sharma",
        "tax_status": "Default",
        "tax_color": "#E74C3C",
        "default_color": "#3A3A3A",
        "land_type": "Residential"
      }
    },
    {
      "type": "Feature",
      "geometry": {
        "type": "Polygon",
        "coordinates": [
          [
            [
              72.859494,
              19.060067
            ],
            [
              72.86018,
              19.059805
            ],
            [
              72.860341,
              19.060481
            ],
            [
              72.859615,
              19.060748
            ],
            [
              72.859413,
              19.060318
            ],
            [
              72.859494,
              19.060067
            ]
          ]
        ]
      },
      "properties": {
        "ulpin": "27-BKC-1005-F10-U1001",
        "building_id": "BKC-BLDG-1005",
        "building_name": "National Stock Exchange",
        "floor": 10,
        "total_floors": 12,
        "base_height": 31.5,
        "height": 35.0,
        "owner": "Vikram Shah",
        "tax_status": "Paid",
        "tax_color": "#2ECC71",
        "default_color": "#3A3A3A",
        "land_type": "Residential"
      }
    },
    {
      "type": "Feature",
      "geometry": {
        "type": "Polygon",
        "coordinates": [
          [
            [
              72.859494,
              19.060067
            ],
            [
              72.86018,
              19.059805
            ],
            [
              72.860341,
              19.060481
            ],
            [
              72.859615,
              19.060748
            ],
            [
              72.859413,
              19.060318
            ],
            [
              72.859494,
              19.060067
            ]
          ]
        ]
      },
      "properties": {
        "ulpin": "27-BKC-1005-F11-U1101",
        "building_id": "BKC-BLDG-1005",
        "building_name": "National Stock Exchange",
        "floor": 11,
        "total_floors": 12,
        "base_height": 35.0,
        "height": 38.5,
        "owner": "Amit Verma",
        "tax_status": "Default",
        "tax_color": "#E74C3C",
        "default_color": "#3A3A3A",
        "land_type": "Residential"
      }
    },
    {
      "type": "Feature",
      "geometry": {
        "type": "Polygon",
        "coordinates": [
          [
            [
              72.859494,
              19.060067
            ],
            [
              72.86018,
              19.059805
            ],
            [
              72.860341,
              19.060481
            ],
            [
              72.859615,
              19.060748
            ],
            [
              72.859413,
              19.060318
            ],
            [
              72.859494,
              19.060067
            ]
          ]
        ]
      },
      "properties": {
        "ulpin": "27-BKC-1005-F12-U1201",
        "building_id": "BKC-BLDG-1005",
        "building_name": "National Stock Exchange",
        "floor": 12,
        "total_floors": 12,
        "base_height": 38.5,
        "height": 42.0,
        "owner": "Amit Verma",
        "tax_status": "Paid",
        "tax_color": "#2ECC71",
        "default_color": "#3A3A3A",
        "land_type": "Residential"
      }
    },
    {
      "type": "Feature",
      "geometry": {
        "type": "Polygon",
        "coordinates": [
          [
            [
              72.863452,
              19.063156
            ],
            [
              72.863797,
              19.062878
            ],
            [
              72.863834,
              19.062812
            ],
            [
              72.864028,
              19.062684
            ],
            [
              72.864089,
              19.062636
            ],
            [
              72.864155,
              19.062613
            ],
            [
              72.864209,
              19.062664
            ],
            [
              72.864311,
              19.062574
            ],
            [
              72.86434,
              19.06261
            ],
            [
              72.864404,
              19.06257
            ],
            [
              72.864429,
              19.062601
            ],
            [
              72.864472,
              19.062591
            ],
            [
              72.864517,
              19.062615
            ],
            [
              72.86453,
              19.062649
            ],
            [
              72.864529,
              19.062687
            ],
            [
              72.864506,
              19.062723
            ],
            [
              72.864632,
              19.062848
            ],
            [
              72.864405,
              19.063051
            ],
            [
              72.864361,
              19.063007
            ],
            [
              72.86398,
              19.063347
            ],
            [
              72.864039,
              19.063406
            ],
            [
              72.863841,
              19.063573
            ],
            [
              72.863665,
              19.063377
            ],
            [
              72.863634,
              19.063336
            ],
            [
              72.863452,
              19.063156
            ]
          ]
        ]
      },
      "properties": {
        "ulpin": "27-BKC-1006-F01-U101",
        "building_id": "BKC-BLDG-1006",
        "building_name": "Laxmi Tower",
        "floor": 1,
        "total_floors": 7,
        "base_height": 0.0,
        "height": 3.5,
        "owner": "Rajesh Mehta",
        "tax_status": "Default",
        "tax_color": "#E74C3C",
        "default_color": "#3A3A3A",
        "land_type": "Commercial"
      }
    },
    {
      "type": "Feature",
      "geometry": {
        "type": "Polygon",
        "coordinates": [
          [
            [
              72.863452,
              19.063156
            ],
            [
              72.863797,
              19.062878
            ],
            [
              72.863834,
              19.062812
            ],
            [
              72.864028,
              19.062684
            ],
            [
              72.864089,
              19.062636
            ],
            [
              72.864155,
              19.062613
            ],
            [
              72.864209,
              19.062664
            ],
            [
              72.864311,
              19.062574
            ],
            [
              72.86434,
              19.06261
            ],
            [
              72.864404,
              19.06257
            ],
            [
              72.864429,
              19.062601
            ],
            [
              72.864472,
              19.062591
            ],
            [
              72.864517,
              19.062615
            ],
            [
              72.86453,
              19.062649
            ],
            [
              72.864529,
              19.062687
            ],
            [
              72.864506,
              19.062723
            ],
            [
              72.864632,
              19.062848
            ],
            [
              72.864405,
              19.063051
            ],
            [
              72.864361,
              19.063007
            ],
            [
              72.86398,
              19.063347
            ],
            [
              72.864039,
              19.063406
            ],
            [
              72.863841,
              19.063573
            ],
            [
              72.863665,
              19.063377
            ],
            [
              72.863634,
              19.063336
            ],
            [
              72.863452,
              19.063156
            ]
          ]
        ]
      },
      "properties": {
        "ulpin": "27-BKC-1006-F02-U201",
        "building_id": "BKC-BLDG-1006",
        "building_name": "Laxmi Tower",
        "floor": 2,
        "total_floors": 7,
        "base_height": 3.5,
        "height": 7.0,
        "owner": "Vikram Shah",
        "tax_status": "Default",
        "tax_color": "#E74C3C",
        "default_color": "#3A3A3A",
        "land_type": "Commercial"
      }
    },
    {
      "type": "Feature",
      "geometry": {
        "type": "Polygon",
        "coordinates": [
          [
            [
              72.863452,
              19.063156
            ],
            [
              72.863797,
              19.062878
            ],
            [
              72.863834,
              19.062812
            ],
            [
              72.864028,
              19.062684
            ],
            [
              72.864089,
              19.062636
            ],
            [
              72.864155,
              19.062613
            ],
            [
              72.864209,
              19.062664
            ],
            [
              72.864311,
              19.062574
            ],
            [
              72.86434,
              19.06261
            ],
            [
              72.864404,
              19.06257
            ],
            [
              72.864429,
              19.062601
            ],
            [
              72.864472,
              19.062591
            ],
            [
              72.864517,
              19.062615
            ],
            [
              72.86453,
              19.062649
            ],
            [
              72.864529,
              19.062687
            ],
            [
              72.864506,
              19.062723
            ],
            [
              72.864632,
              19.062848
            ],
            [
              72.864405,
              19.063051
            ],
            [
              72.864361,
              19.063007
            ],
            [
              72.86398,
              19.063347
            ],
            [
              72.864039,
              19.063406
            ],
            [
              72.863841,
              19.063573
            ],
            [
              72.863665,
              19.063377
            ],
            [
              72.863634,
              19.063336
            ],
            [
              72.863452,
              19.063156
            ]
          ]
        ]
      },
      "properties": {
        "ulpin": "27-BKC-1006-F03-U301",
        "building_id": "BKC-BLDG-1006",
        "building_name": "Laxmi Tower",
        "floor": 3,
        "total_floors": 7,
        "base_height": 7.0,
        "height": 10.5,
        "owner": "Ramesh Sharma",
        "tax_status": "Paid",
        "tax_color": "#2ECC71",
        "default_color": "#3A3A3A",
        "land_type": "Commercial"
      }
    },
    {
      "type": "Feature",
      "geometry": {
        "type": "Polygon",
        "coordinates": [
          [
            [
              72.863452,
              19.063156
            ],
            [
              72.863797,
              19.062878
            ],
            [
              72.863834,
              19.062812
            ],
            [
              72.864028,
              19.062684
            ],
            [
              72.864089,
              19.062636
            ],
            [
              72.864155,
              19.062613
            ],
            [
              72.864209,
              19.062664
            ],
            [
              72.864311,
              19.062574
            ],
            [
              72.86434,
              19.06261
            ],
            [
              72.864404,
              19.06257
            ],
            [
              72.864429,
              19.062601
            ],
            [
              72.864472,
              19.062591
            ],
            [
              72.864517,
              19.062615
            ],
            [
              72.86453,
              19.062649
            ],
            [
              72.864529,
              19.062687
            ],
            [
              72.864506,
              19.062723
            ],
            [
              72.864632,
              19.062848
            ],
            [
              72.864405,
              19.063051
            ],
            [
              72.864361,
              19.063007
            ],
            [
              72.86398,
              19.063347
            ],
            [
              72.864039,
              19.063406
            ],
            [
              72.863841,
              19.063573
            ],
            [
              72.863665,
              19.063377
            ],
            [
              72.863634,
              19.063336
            ],
            [
              72.863452,
              19.063156
            ]
          ]
        ]
      },
      "properties": {
        "ulpin": "27-BKC-1006-F04-U401",
        "building_id": "BKC-BLDG-1006",
        "building_name": "Laxmi Tower",
        "floor": 4,
        "total_floors": 7,
        "base_height": 10.5,
        "height": 14.0,
        "owner": "Neha Gupta",
        "tax_status": "Default",
        "tax_color": "#E74C3C",
        "default_color": "#3A3A3A",
        "land_type": "Residential"
      }
    },
    {
      "type": "Feature",
      "geometry": {
        "type": "Polygon",
        "coordinates": [
          [
            [
              72.863452,
              19.063156
            ],
            [
              72.863797,
              19.062878
            ],
            [
              72.863834,
              19.062812
            ],
            [
              72.864028,
              19.062684
            ],
            [
              72.864089,
              19.062636
            ],
            [
              72.864155,
              19.062613
            ],
            [
              72.864209,
              19.062664
            ],
            [
              72.864311,
              19.062574
            ],
            [
              72.86434,
              19.06261
            ],
            [
              72.864404,
              19.06257
            ],
            [
              72.864429,
              19.062601
            ],
            [
              72.864472,
              19.062591
            ],
            [
              72.864517,
              19.062615
            ],
            [
              72.86453,
              19.062649
            ],
            [
              72.864529,
              19.062687
            ],
            [
              72.864506,
              19.062723
            ],
            [
              72.864632,
              19.062848
            ],
            [
              72.864405,
              19.063051
            ],
            [
              72.864361,
              19.063007
            ],
            [
              72.86398,
              19.063347
            ],
            [
              72.864039,
              19.063406
            ],
            [
              72.863841,
              19.063573
            ],
            [
              72.863665,
              19.063377
            ],
            [
              72.863634,
              19.063336
            ],
            [
              72.863452,
              19.063156
            ]
          ]
        ]
      },
      "properties": {
        "ulpin": "27-BKC-1006-F05-U501",
        "building_id": "BKC-BLDG-1006",
        "building_name": "Laxmi Tower",
        "floor": 5,
        "total_floors": 7,
        "base_height": 14.0,
        "height": 17.5,
        "owner": "Ramesh Sharma",
        "tax_status": "Paid",
        "tax_color": "#2ECC71",
        "default_color": "#3A3A3A",
        "land_type": "Residential"
      }
    },
    {
      "type": "Feature",
      "geometry": {
        "type": "Polygon",
        "coordinates": [
          [
            [
              72.863452,
              19.063156
            ],
            [
              72.863797,
              19.062878
            ],
            [
              72.863834,
              19.062812
            ],
            [
              72.864028,
              19.062684
            ],
            [
              72.864089,
              19.062636
            ],
            [
              72.864155,
              19.062613
            ],
            [
              72.864209,
              19.062664
            ],
            [
              72.864311,
              19.062574
            ],
            [
              72.86434,
              19.06261
            ],
            [
              72.864404,
              19.06257
            ],
            [
              72.864429,
              19.062601
            ],
            [
              72.864472,
              19.062591
            ],
            [
              72.864517,
              19.062615
            ],
            [
              72.86453,
              19.062649
            ],
            [
              72.864529,
              19.062687
            ],
            [
              72.864506,
              19.062723
            ],
            [
              72.864632,
              19.062848
            ],
            [
              72.864405,
              19.063051
            ],
            [
              72.864361,
              19.063007
            ],
            [
              72.86398,
              19.063347
            ],
            [
              72.864039,
              19.063406
            ],
            [
              72.863841,
              19.063573
            ],
            [
              72.863665,
              19.063377
            ],
            [
              72.863634,
              19.063336
            ],
            [
              72.863452,
              19.063156
            ]
          ]
        ]
      },
      "properties": {
        "ulpin": "27-BKC-1006-F06-U601",
        "building_id": "BKC-BLDG-1006",
        "building_name": "Laxmi Tower",
        "floor": 6,
        "total_floors": 7,
        "base_height": 17.5,
        "height": 21.0,
        "owner": "Rajesh Mehta",
        "tax_status": "Paid",
        "tax_color": "#2ECC71",
        "default_color": "#3A3A3A",
        "land_type": "Residential"
      }
    },
    {
      "type": "Feature",
      "geometry": {
        "type": "Polygon",
        "coordinates": [
          [
            [
              72.863452,
              19.063156
            ],
            [
              72.863797,
              19.062878
            ],
            [
              72.863834,
              19.062812
            ],
            [
              72.864028,
              19.062684
            ],
            [
              72.864089,
              19.062636
            ],
            [
              72.864155,
              19.062613
            ],
            [
              72.864209,
              19.062664
            ],
            [
              72.864311,
              19.062574
            ],
            [
              72.86434,
              19.06261
            ],
            [
              72.864404,
              19.06257
            ],
            [
              72.864429,
              19.062601
            ],
            [
              72.864472,
              19.062591
            ],
            [
              72.864517,
              19.062615
            ],
            [
              72.86453,
              19.062649
            ],
            [
              72.864529,
              19.062687
            ],
            [
              72.864506,
              19.062723
            ],
            [
              72.864632,
              19.062848
            ],
            [
              72.864405,
              19.063051
            ],
            [
              72.864361,
              19.063007
            ],
            [
              72.86398,
              19.063347
            ],
            [
              72.864039,
              19.063406
            ],
            [
              72.863841,
              19.063573
            ],
            [
              72.863665,
              19.063377
            ],
            [
              72.863634,
              19.063336
            ],
            [
              72.863452,
              19.063156
            ]
          ]
        ]
      },
      "properties": {
        "ulpin": "27-BKC-1006-F07-U701",
        "building_id": "BKC-BLDG-1006",
        "building_name": "Laxmi Tower",
        "floor": 7,
        "total_floors": 7,
        "base_height": 21.0,
        "height": 24.5,
        "owner": "Vikram Shah",
        "tax_status": "Default",
        "tax_color": "#E74C3C",
        "default_color": "#3A3A3A",
        "land_type": "Residential"
      }
    },
    {
      "type": "Feature",
      "geometry": {
        "type": "Polygon",
        "coordinates": [
          [
            [
              72.86048,
              19.063482
            ],
            [
              72.860072,
              19.062719
            ],
            [
              72.860613,
              19.06246
            ],
            [
              72.861021,
              19.063224
            ],
            [
              72.86048,
              19.063482
            ]
          ]
        ]
      },
      "properties": {
        "ulpin": "27-BKC-1007-F01-U101",
        "building_id": "BKC-BLDG-1007",
        "building_name": "BKC Block 8",
        "floor": 1,
        "total_floors": 14,
        "base_height": 0.0,
        "height": 3.5,
        "owner": "Ramesh Sharma",
        "tax_status": "Paid",
        "tax_color": "#2ECC71",
        "default_color": "#3A3A3A",
        "land_type": "Commercial"
      }
    },
    {
      "type": "Feature",
      "geometry": {
        "type": "Polygon",
        "coordinates": [
          [
            [
              72.86048,
              19.063482
            ],
            [
              72.860072,
              19.062719
            ],
            [
              72.860613,
              19.06246
            ],
            [
              72.861021,
              19.063224
            ],
            [
              72.86048,
              19.063482
            ]
          ]
        ]
      },
      "properties": {
        "ulpin": "27-BKC-1007-F02-U201",
        "building_id": "BKC-BLDG-1007",
        "building_name": "BKC Block 8",
        "floor": 2,
        "total_floors": 14,
        "base_height": 3.5,
        "height": 7.0,
        "owner": "Sunita Deshmukh",
        "tax_status": "Paid",
        "tax_color": "#2ECC71",
        "default_color": "#3A3A3A",
        "land_type": "Commercial"
      }
    },
    {
      "type": "Feature",
      "geometry": {
        "type": "Polygon",
        "coordinates": [
          [
            [
              72.86048,
              19.063482
            ],
            [
              72.860072,
              19.062719
            ],
            [
              72.860613,
              19.06246
            ],
            [
              72.861021,
              19.063224
            ],
            [
              72.86048,
              19.063482
            ]
          ]
        ]
      },
      "properties": {
        "ulpin": "27-BKC-1007-F03-U301",
        "building_id": "BKC-BLDG-1007",
        "building_name": "BKC Block 8",
        "floor": 3,
        "total_floors": 14,
        "base_height": 7.0,
        "height": 10.5,
        "owner": "Neha Gupta",
        "tax_status": "Paid",
        "tax_color": "#2ECC71",
        "default_color": "#3A3A3A",
        "land_type": "Commercial"
      }
    },
    {
      "type": "Feature",
      "geometry": {
        "type": "Polygon",
        "coordinates": [
          [
            [
              72.86048,
              19.063482
            ],
            [
              72.860072,
              19.062719
            ],
            [
              72.860613,
              19.06246
            ],
            [
              72.861021,
              19.063224
            ],
            [
              72.86048,
              19.063482
            ]
          ]
        ]
      },
      "properties": {
        "ulpin": "27-BKC-1007-F04-U401",
        "building_id": "BKC-BLDG-1007",
        "building_name": "BKC Block 8",
        "floor": 4,
        "total_floors": 14,
        "base_height": 10.5,
        "height": 14.0,
        "owner": "Sunita Deshmukh",
        "tax_status": "Default",
        "tax_color": "#E74C3C",
        "default_color": "#3A3A3A",
        "land_type": "Residential"
      }
    },
    {
      "type": "Feature",
      "geometry": {
        "type": "Polygon",
        "coordinates": [
          [
            [
              72.86048,
              19.063482
            ],
            [
              72.860072,
              19.062719
            ],
            [
              72.860613,
              19.06246
            ],
            [
              72.861021,
              19.063224
            ],
            [
              72.86048,
              19.063482
            ]
          ]
        ]
      },
      "properties": {
        "ulpin": "27-BKC-1007-F05-U501",
        "building_id": "BKC-BLDG-1007",
        "building_name": "BKC Block 8",
        "floor": 5,
        "total_floors": 14,
        "base_height": 14.0,
        "height": 17.5,
        "owner": "Sunita Deshmukh",
        "tax_status": "Default",
        "tax_color": "#E74C3C",
        "default_color": "#3A3A3A",
        "land_type": "Residential"
      }
    },
    {
      "type": "Feature",
      "geometry": {
        "type": "Polygon",
        "coordinates": [
          [
            [
              72.86048,
              19.063482
            ],
            [
              72.860072,
              19.062719
            ],
            [
              72.860613,
              19.06246
            ],
            [
              72.861021,
              19.063224
            ],
            [
              72.86048,
              19.063482
            ]
          ]
        ]
      },
      "properties": {
        "ulpin": "27-BKC-1007-F06-U601",
        "building_id": "BKC-BLDG-1007",
        "building_name": "BKC Block 8",
        "floor": 6,
        "total_floors": 14,
        "base_height": 17.5,
        "height": 21.0,
        "owner": "Priya Patel",
        "tax_status": "Default",
        "tax_color": "#E74C3C",
        "default_color": "#3A3A3A",
        "land_type": "Residential"
      }
    },
    {
      "type": "Feature",
      "geometry": {
        "type": "Polygon",
        "coordinates": [
          [
            [
              72.86048,
              19.063482
            ],
            [
              72.860072,
              19.062719
            ],
            [
              72.860613,
              19.06246
            ],
            [
              72.861021,
              19.063224
            ],
            [
              72.86048,
              19.063482
            ]
          ]
        ]
      },
      "properties": {
        "ulpin": "27-BKC-1007-F07-U701",
        "building_id": "BKC-BLDG-1007",
        "building_name": "BKC Block 8",
        "floor": 7,
        "total_floors": 14,
        "base_height": 21.0,
        "height": 24.5,
        "owner": "Ananya Roy",
        "tax_status": "Paid",
        "tax_color": "#2ECC71",
        "default_color": "#3A3A3A",
        "land_type": "Residential"
      }
    },
    {
      "type": "Feature",
      "geometry": {
        "type": "Polygon",
        "coordinates": [
          [
            [
              72.86048,
              19.063482
            ],
            [
              72.860072,
              19.062719
            ],
            [
              72.860613,
              19.06246
            ],
            [
              72.861021,
              19.063224
            ],
            [
              72.86048,
              19.063482
            ]
          ]
        ]
      },
      "properties": {
        "ulpin": "27-BKC-1007-F08-U801",
        "building_id": "BKC-BLDG-1007",
        "building_name": "BKC Block 8",
        "floor": 8,
        "total_floors": 14,
        "base_height": 24.5,
        "height": 28.0,
        "owner": "Neha Gupta",
        "tax_status": "Paid",
        "tax_color": "#2ECC71",
        "default_color": "#3A3A3A",
        "land_type": "Residential"
      }
    },
    {
      "type": "Feature",
      "geometry": {
        "type": "Polygon",
        "coordinates": [
          [
            [
              72.86048,
              19.063482
            ],
            [
              72.860072,
              19.062719
            ],
            [
              72.860613,
              19.06246
            ],
            [
              72.861021,
              19.063224
            ],
            [
              72.86048,
              19.063482
            ]
          ]
        ]
      },
      "properties": {
        "ulpin": "27-BKC-1007-F09-U901",
        "building_id": "BKC-BLDG-1007",
        "building_name": "BKC Block 8",
        "floor": 9,
        "total_floors": 14,
        "base_height": 28.0,
        "height": 31.5,
        "owner": "Neha Gupta",
        "tax_status": "Paid",
        "tax_color": "#2ECC71",
        "default_color": "#3A3A3A",
        "land_type": "Residential"
      }
    },
    {
      "type": "Feature",
      "geometry": {
        "type": "Polygon",
        "coordinates": [
          [
            [
              72.86048,
              19.063482
            ],
            [
              72.860072,
              19.062719
            ],
            [
              72.860613,
              19.06246
            ],
            [
              72.861021,
              19.063224
            ],
            [
              72.86048,
              19.063482
            ]
          ]
        ]
      },
      "properties": {
        "ulpin": "27-BKC-1007-F10-U1001",
        "building_id": "BKC-BLDG-1007",
        "building_name": "BKC Block 8",
        "floor": 10,
        "total_floors": 14,
        "base_height": 31.5,
        "height": 35.0,
        "owner": "Ramesh Sharma",
        "tax_status": "Paid",
        "tax_color": "#2ECC71",
        "default_color": "#3A3A3A",
        "land_type": "Residential"
      }
    },
    {
      "type": "Feature",
      "geometry": {
        "type": "Polygon",
        "coordinates": [
          [
            [
              72.86048,
              19.063482
            ],
            [
              72.860072,
              19.062719
            ],
            [
              72.860613,
              19.06246
            ],
            [
              72.861021,
              19.063224
            ],
            [
              72.86048,
              19.063482
            ]
          ]
        ]
      },
      "properties": {
        "ulpin": "27-BKC-1007-F11-U1101",
        "building_id": "BKC-BLDG-1007",
        "building_name": "BKC Block 8",
        "floor": 11,
        "total_floors": 14,
        "base_height": 35.0,
        "height": 38.5,
        "owner": "Neha Gupta",
        "tax_status": "Paid",
        "tax_color": "#2ECC71",
        "default_color": "#3A3A3A",
        "land_type": "Residential"
      }
    },
    {
      "type": "Feature",
      "geometry": {
        "type": "Polygon",
        "coordinates": [
          [
            [
              72.86048,
              19.063482
            ],
            [
              72.860072,
              19.062719
            ],
            [
              72.860613,
              19.06246
            ],
            [
              72.861021,
              19.063224
            ],
            [
              72.86048,
              19.063482
            ]
          ]
        ]
      },
      "properties": {
        "ulpin": "27-BKC-1007-F12-U1201",
        "building_id": "BKC-BLDG-1007",
        "building_name": "BKC Block 8",
        "floor": 12,
        "total_floors": 14,
        "base_height": 38.5,
        "height": 42.0,
        "owner": "Vikram Shah",
        "tax_status": "Default",
        "tax_color": "#E74C3C",
        "default_color": "#3A3A3A",
        "land_type": "Residential"
      }
    },
    {
      "type": "Feature",
      "geometry": {
        "type": "Polygon",
        "coordinates": [
          [
            [
              72.86048,
              19.063482
            ],
            [
              72.860072,
              19.062719
            ],
            [
              72.860613,
              19.06246
            ],
            [
              72.861021,
              19.063224
            ],
            [
              72.86048,
              19.063482
            ]
          ]
        ]
      },
      "properties": {
        "ulpin": "27-BKC-1007-F13-U1301",
        "building_id": "BKC-BLDG-1007",
        "building_name": "BKC Block 8",
        "floor": 13,
        "total_floors": 14,
        "base_height": 42.0,
        "height": 45.5,
        "owner": "Sunita Deshmukh",
        "tax_status": "Paid",
        "tax_color": "#2ECC71",
        "default_color": "#3A3A3A",
        "land_type": "Residential"
      }
    },
    {
      "type": "Feature",
      "geometry": {
        "type": "Polygon",
        "coordinates": [
          [
            [
              72.86048,
              19.063482
            ],
            [
              72.860072,
              19.062719
            ],
            [
              72.860613,
              19.06246
            ],
            [
              72.861021,
              19.063224
            ],
            [
              72.86048,
              19.063482
            ]
          ]
        ]
      },
      "properties": {
        "ulpin": "27-BKC-1007-F14-U1401",
        "building_id": "BKC-BLDG-1007",
        "building_name": "BKC Block 8",
        "floor": 14,
        "total_floors": 14,
        "base_height": 45.5,
        "height": 49.0,
        "owner": "Amit Verma",
        "tax_status": "Paid",
        "tax_color": "#2ECC71",
        "default_color": "#3A3A3A",
        "land_type": "Residential"
      }
    },
    {
      "type": "Feature",
      "geometry": {
        "type": "Polygon",
        "coordinates": [
          [
            [
              72.860928,
              19.063941
            ],
            [
              72.860853,
              19.063685
            ],
            [
              72.860877,
              19.063598
            ],
            [
              72.860946,
              19.063541
            ],
            [
              72.861214,
              19.063482
            ],
            [
              72.861773,
              19.063916
            ],
            [
              72.861801,
              19.064146
            ],
            [
              72.861733,
              19.064269
            ],
            [
              72.861538,
              19.064302
            ],
            [
              72.861544,
              19.064332
            ],
            [
              72.861464,
              19.064345
            ],
            [
              72.861385,
              19.064189
            ],
            [
              72.861168,
              19.064097
            ],
            [
              72.860982,
              19.06396
            ],
            [
              72.860928,
              19.063941
            ]
          ]
        ]
      },
      "properties": {
        "ulpin": "27-BKC-1008-F01-U101",
        "building_id": "BKC-BLDG-1008",
        "building_name": "ICICI Bank",
        "floor": 1,
        "total_floors": 6,
        "base_height": 0.0,
        "height": 3.5,
        "owner": "Priya Patel",
        "tax_status": "Default",
        "tax_color": "#E74C3C",
        "default_color": "#3A3A3A",
        "land_type": "Commercial"
      }
    },
    {
      "type": "Feature",
      "geometry": {
        "type": "Polygon",
        "coordinates": [
          [
            [
              72.860928,
              19.063941
            ],
            [
              72.860853,
              19.063685
            ],
            [
              72.860877,
              19.063598
            ],
            [
              72.860946,
              19.063541
            ],
            [
              72.861214,
              19.063482
            ],
            [
              72.861773,
              19.063916
            ],
            [
              72.861801,
              19.064146
            ],
            [
              72.861733,
              19.064269
            ],
            [
              72.861538,
              19.064302
            ],
            [
              72.861544,
              19.064332
            ],
            [
              72.861464,
              19.064345
            ],
            [
              72.861385,
              19.064189
            ],
            [
              72.861168,
              19.064097
            ],
            [
              72.860982,
              19.06396
            ],
            [
              72.860928,
              19.063941
            ]
          ]
        ]
      },
      "properties": {
        "ulpin": "27-BKC-1008-F02-U201",
        "building_id": "BKC-BLDG-1008",
        "building_name": "ICICI Bank",
        "floor": 2,
        "total_floors": 6,
        "base_height": 3.5,
        "height": 7.0,
        "owner": "Amit Verma",
        "tax_status": "Paid",
        "tax_color": "#2ECC71",
        "default_color": "#3A3A3A",
        "land_type": "Commercial"
      }
    },
    {
      "type": "Feature",
      "geometry": {
        "type": "Polygon",
        "coordinates": [
          [
            [
              72.860928,
              19.063941
            ],
            [
              72.860853,
              19.063685
            ],
            [
              72.860877,
              19.063598
            ],
            [
              72.860946,
              19.063541
            ],
            [
              72.861214,
              19.063482
            ],
            [
              72.861773,
              19.063916
            ],
            [
              72.861801,
              19.064146
            ],
            [
              72.861733,
              19.064269
            ],
            [
              72.861538,
              19.064302
            ],
            [
              72.861544,
              19.064332
            ],
            [
              72.861464,
              19.064345
            ],
            [
              72.861385,
              19.064189
            ],
            [
              72.861168,
              19.064097
            ],
            [
              72.860982,
              19.06396
            ],
            [
              72.860928,
              19.063941
            ]
          ]
        ]
      },
      "properties": {
        "ulpin": "27-BKC-1008-F03-U301",
        "building_id": "BKC-BLDG-1008",
        "building_name": "ICICI Bank",
        "floor": 3,
        "total_floors": 6,
        "base_height": 7.0,
        "height": 10.5,
        "owner": "Sunita Deshmukh",
        "tax_status": "Default",
        "tax_color": "#E74C3C",
        "default_color": "#3A3A3A",
        "land_type": "Commercial"
      }
    },
    {
      "type": "Feature",
      "geometry": {
        "type": "Polygon",
        "coordinates": [
          [
            [
              72.860928,
              19.063941
            ],
            [
              72.860853,
              19.063685
            ],
            [
              72.860877,
              19.063598
            ],
            [
              72.860946,
              19.063541
            ],
            [
              72.861214,
              19.063482
            ],
            [
              72.861773,
              19.063916
            ],
            [
              72.861801,
              19.064146
            ],
            [
              72.861733,
              19.064269
            ],
            [
              72.861538,
              19.064302
            ],
            [
              72.861544,
              19.064332
            ],
            [
              72.861464,
              19.064345
            ],
            [
              72.861385,
              19.064189
            ],
            [
              72.861168,
              19.064097
            ],
            [
              72.860982,
              19.06396
            ],
            [
              72.860928,
              19.063941
            ]
          ]
        ]
      },
      "properties": {
        "ulpin": "27-BKC-1008-F04-U401",
        "building_id": "BKC-BLDG-1008",
        "building_name": "ICICI Bank",
        "floor": 4,
        "total_floors": 6,
        "base_height": 10.5,
        "height": 14.0,
        "owner": "Amit Verma",
        "tax_status": "Default",
        "tax_color": "#E74C3C",
        "default_color": "#3A3A3A",
        "land_type": "Residential"
      }
    },
    {
      "type": "Feature",
      "geometry": {
        "type": "Polygon",
        "coordinates": [
          [
            [
              72.860928,
              19.063941
            ],
            [
              72.860853,
              19.063685
            ],
            [
              72.860877,
              19.063598
            ],
            [
              72.860946,
              19.063541
            ],
            [
              72.861214,
              19.063482
            ],
            [
              72.861773,
              19.063916
            ],
            [
              72.861801,
              19.064146
            ],
            [
              72.861733,
              19.064269
            ],
            [
              72.861538,
              19.064302
            ],
            [
              72.861544,
              19.064332
            ],
            [
              72.861464,
              19.064345
            ],
            [
              72.861385,
              19.064189
            ],
            [
              72.861168,
              19.064097
            ],
            [
              72.860982,
              19.06396
            ],
            [
              72.860928,
              19.063941
            ]
          ]
        ]
      },
      "properties": {
        "ulpin": "27-BKC-1008-F05-U501",
        "building_id": "BKC-BLDG-1008",
        "building_name": "ICICI Bank",
        "floor": 5,
        "total_floors": 6,
        "base_height": 14.0,
        "height": 17.5,
        "owner": "Ananya Roy",
        "tax_status": "Paid",
        "tax_color": "#2ECC71",
        "default_color": "#3A3A3A",
        "land_type": "Residential"
      }
    },
    {
      "type": "Feature",
      "geometry": {
        "type": "Polygon",
        "coordinates": [
          [
            [
              72.860928,
              19.063941
            ],
            [
              72.860853,
              19.063685
            ],
            [
              72.860877,
              19.063598
            ],
            [
              72.860946,
              19.063541
            ],
            [
              72.861214,
              19.063482
            ],
            [
              72.861773,
              19.063916
            ],
            [
              72.861801,
              19.064146
            ],
            [
              72.861733,
              19.064269
            ],
            [
              72.861538,
              19.064302
            ],
            [
              72.861544,
              19.064332
            ],
            [
              72.861464,
              19.064345
            ],
            [
              72.861385,
              19.064189
            ],
            [
              72.861168,
              19.064097
            ],
            [
              72.860982,
              19.06396
            ],
            [
              72.860928,
              19.063941
            ]
          ]
        ]
      },
      "properties": {
        "ulpin": "27-BKC-1008-F06-U601",
        "building_id": "BKC-BLDG-1008",
        "building_name": "ICICI Bank",
        "floor": 6,
        "total_floors": 6,
        "base_height": 17.5,
        "height": 21.0,
        "owner": "Sunita Deshmukh",
        "tax_status": "Paid",
        "tax_color": "#2ECC71",
        "default_color": "#3A3A3A",
        "land_type": "Residential"
      }
    },
    {
      "type": "Feature",
      "geometry": {
        "type": "Polygon",
        "coordinates": [
          [
            [
              72.86673,
              19.059203
            ],
            [
              72.867192,
              19.058958
            ],
            [
              72.867386,
              19.059386
            ],
            [
              72.867643,
              19.059797
            ],
            [
              72.86718,
              19.060013
            ],
            [
              72.867033,
              19.059677
            ],
            [
              72.86673,
              19.059203
            ]
          ]
        ]
      },
      "properties": {
        "ulpin": "27-BKC-1009-F01-U101",
        "building_id": "BKC-BLDG-1009",
        "building_name": "BKC Block 10",
        "floor": 1,
        "total_floors": 11,
        "base_height": 0.0,
        "height": 3.5,
        "owner": "Neha Gupta",
        "tax_status": "Paid",
        "tax_color": "#2ECC71",
        "default_color": "#3A3A3A",
        "land_type": "Commercial"
      }
    },
    {
      "type": "Feature",
      "geometry": {
        "type": "Polygon",
        "coordinates": [
          [
            [
              72.86673,
              19.059203
            ],
            [
              72.867192,
              19.058958
            ],
            [
              72.867386,
              19.059386
            ],
            [
              72.867643,
              19.059797
            ],
            [
              72.86718,
              19.060013
            ],
            [
              72.867033,
              19.059677
            ],
            [
              72.86673,
              19.059203
            ]
          ]
        ]
      },
      "properties": {
        "ulpin": "27-BKC-1009-F02-U201",
        "building_id": "BKC-BLDG-1009",
        "building_name": "BKC Block 10",
        "floor": 2,
        "total_floors": 11,
        "base_height": 3.5,
        "height": 7.0,
        "owner": "Sunita Deshmukh",
        "tax_status": "Paid",
        "tax_color": "#2ECC71",
        "default_color": "#3A3A3A",
        "land_type": "Commercial"
      }
    },
    {
      "type": "Feature",
      "geometry": {
        "type": "Polygon",
        "coordinates": [
          [
            [
              72.86673,
              19.059203
            ],
            [
              72.867192,
              19.058958
            ],
            [
              72.867386,
              19.059386
            ],
            [
              72.867643,
              19.059797
            ],
            [
              72.86718,
              19.060013
            ],
            [
              72.867033,
              19.059677
            ],
            [
              72.86673,
              19.059203
            ]
          ]
        ]
      },
      "properties": {
        "ulpin": "27-BKC-1009-F03-U301",
        "building_id": "BKC-BLDG-1009",
        "building_name": "BKC Block 10",
        "floor": 3,
        "total_floors": 11,
        "base_height": 7.0,
        "height": 10.5,
        "owner": "Ramesh Sharma",
        "tax_status": "Default",
        "tax_color": "#E74C3C",
        "default_color": "#3A3A3A",
        "land_type": "Commercial"
      }
    },
    {
      "type": "Feature",
      "geometry": {
        "type": "Polygon",
        "coordinates": [
          [
            [
              72.86673,
              19.059203
            ],
            [
              72.867192,
              19.058958
            ],
            [
              72.867386,
              19.059386
            ],
            [
              72.867643,
              19.059797
            ],
            [
              72.86718,
              19.060013
            ],
            [
              72.867033,
              19.059677
            ],
            [
              72.86673,
              19.059203
            ]
          ]
        ]
      },
      "properties": {
        "ulpin": "27-BKC-1009-F04-U401",
        "building_id": "BKC-BLDG-1009",
        "building_name": "BKC Block 10",
        "floor": 4,
        "total_floors": 11,
        "base_height": 10.5,
        "height": 14.0,
        "owner": "Priya Patel",
        "tax_status": "Paid",
        "tax_color": "#2ECC71",
        "default_color": "#3A3A3A",
        "land_type": "Residential"
      }
    },
    {
      "type": "Feature",
      "geometry": {
        "type": "Polygon",
        "coordinates": [
          [
            [
              72.86673,
              19.059203
            ],
            [
              72.867192,
              19.058958
            ],
            [
              72.867386,
              19.059386
            ],
            [
              72.867643,
              19.059797
            ],
            [
              72.86718,
              19.060013
            ],
            [
              72.867033,
              19.059677
            ],
            [
              72.86673,
              19.059203
            ]
          ]
        ]
      },
      "properties": {
        "ulpin": "27-BKC-1009-F05-U501",
        "building_id": "BKC-BLDG-1009",
        "building_name": "BKC Block 10",
        "floor": 5,
        "total_floors": 11,
        "base_height": 14.0,
        "height": 17.5,
        "owner": "Neha Gupta",
        "tax_status": "Paid",
        "tax_color": "#2ECC71",
        "default_color": "#3A3A3A",
        "land_type": "Residential"
      }
    },
    {
      "type": "Feature",
      "geometry": {
        "type": "Polygon",
        "coordinates": [
          [
            [
              72.86673,
              19.059203
            ],
            [
              72.867192,
              19.058958
            ],
            [
              72.867386,
              19.059386
            ],
            [
              72.867643,
              19.059797
            ],
            [
              72.86718,
              19.060013
            ],
            [
              72.867033,
              19.059677
            ],
            [
              72.86673,
              19.059203
            ]
          ]
        ]
      },
      "properties": {
        "ulpin": "27-BKC-1009-F06-U601",
        "building_id": "BKC-BLDG-1009",
        "building_name": "BKC Block 10",
        "floor": 6,
        "total_floors": 11,
        "base_height": 17.5,
        "height": 21.0,
        "owner": "Ananya Roy",
        "tax_status": "Paid",
        "tax_color": "#2ECC71",
        "default_color": "#3A3A3A",
        "land_type": "Residential"
      }
    },
    {
      "type": "Feature",
      "geometry": {
        "type": "Polygon",
        "coordinates": [
          [
            [
              72.86673,
              19.059203
            ],
            [
              72.867192,
              19.058958
            ],
            [
              72.867386,
              19.059386
            ],
            [
              72.867643,
              19.059797
            ],
            [
              72.86718,
              19.060013
            ],
            [
              72.867033,
              19.059677
            ],
            [
              72.86673,
              19.059203
            ]
          ]
        ]
      },
      "properties": {
        "ulpin": "27-BKC-1009-F07-U701",
        "building_id": "BKC-BLDG-1009",
        "building_name": "BKC Block 10",
        "floor": 7,
        "total_floors": 11,
        "base_height": 21.0,
        "height": 24.5,
        "owner": "Vikram Shah",
        "tax_status": "Paid",
        "tax_color": "#2ECC71",
        "default_color": "#3A3A3A",
        "land_type": "Residential"
      }
    },
    {
      "type": "Feature",
      "geometry": {
        "type": "Polygon",
        "coordinates": [
          [
            [
              72.86673,
              19.059203
            ],
            [
              72.867192,
              19.058958
            ],
            [
              72.867386,
              19.059386
            ],
            [
              72.867643,
              19.059797
            ],
            [
              72.86718,
              19.060013
            ],
            [
              72.867033,
              19.059677
            ],
            [
              72.86673,
              19.059203
            ]
          ]
        ]
      },
      "properties": {
        "ulpin": "27-BKC-1009-F08-U801",
        "building_id": "BKC-BLDG-1009",
        "building_name": "BKC Block 10",
        "floor": 8,
        "total_floors": 11,
        "base_height": 24.5,
        "height": 28.0,
        "owner": "Ananya Roy",
        "tax_status": "Default",
        "tax_color": "#E74C3C",
        "default_color": "#3A3A3A",
        "land_type": "Residential"
      }
    },
    {
      "type": "Feature",
      "geometry": {
        "type": "Polygon",
        "coordinates": [
          [
            [
              72.86673,
              19.059203
            ],
            [
              72.867192,
              19.058958
            ],
            [
              72.867386,
              19.059386
            ],
            [
              72.867643,
              19.059797
            ],
            [
              72.86718,
              19.060013
            ],
            [
              72.867033,
              19.059677
            ],
            [
              72.86673,
              19.059203
            ]
          ]
        ]
      },
      "properties": {
        "ulpin": "27-BKC-1009-F09-U901",
        "building_id": "BKC-BLDG-1009",
        "building_name": "BKC Block 10",
        "floor": 9,
        "total_floors": 11,
        "base_height": 28.0,
        "height": 31.5,
        "owner": "Rajesh Mehta",
        "tax_status": "Paid",
        "tax_color": "#2ECC71",
        "default_color": "#3A3A3A",
        "land_type": "Residential"
      }
    },
    {
      "type": "Feature",
      "geometry": {
        "type": "Polygon",
        "coordinates": [
          [
            [
              72.86673,
              19.059203
            ],
            [
              72.867192,
              19.058958
            ],
            [
              72.867386,
              19.059386
            ],
            [
              72.867643,
              19.059797
            ],
            [
              72.86718,
              19.060013
            ],
            [
              72.867033,
              19.059677
            ],
            [
              72.86673,
              19.059203
            ]
          ]
        ]
      },
      "properties": {
        "ulpin": "27-BKC-1009-F10-U1001",
        "building_id": "BKC-BLDG-1009",
        "building_name": "BKC Block 10",
        "floor": 10,
        "total_floors": 11,
        "base_height": 31.5,
        "height": 35.0,
        "owner": "Ananya Roy",
        "tax_status": "Paid",
        "tax_color": "#2ECC71",
        "default_color": "#3A3A3A",
        "land_type": "Residential"
      }
    },
    {
      "type": "Feature",
      "geometry": {
        "type": "Polygon",
        "coordinates": [
          [
            [
              72.86673,
              19.059203
            ],
            [
              72.867192,
              19.058958
            ],
            [
              72.867386,
              19.059386
            ],
            [
              72.867643,
              19.059797
            ],
            [
              72.86718,
              19.060013
            ],
            [
              72.867033,
              19.059677
            ],
            [
              72.86673,
              19.059203
            ]
          ]
        ]
      },
      "properties": {
        "ulpin": "27-BKC-1009-F11-U1101",
        "building_id": "BKC-BLDG-1009",
        "building_name": "BKC Block 10",
        "floor": 11,
        "total_floors": 11,
        "base_height": 35.0,
        "height": 38.5,
        "owner": "Priya Patel",
        "tax_status": "Paid",
        "tax_color": "#2ECC71",
        "default_color": "#3A3A3A",
        "land_type": "Residential"
      }
    },
    {
      "type": "Feature",
      "geometry": {
        "type": "Polygon",
        "coordinates": [
          [
            [
              72.86812,
              19.065484
            ],
            [
              72.868171,
              19.064663
            ],
            [
              72.868454,
              19.064679
            ],
            [
              72.86845,
              19.064752
            ],
            [
              72.868506,
              19.064755
            ],
            [
              72.86851,
              19.064682
            ],
            [
              72.868697,
              19.064692
            ],
            [
              72.868647,
              19.065513
            ],
            [
              72.86812,
              19.065484
            ]
          ]
        ]
      },
      "properties": {
        "ulpin": "27-BKC-1010-F01-U101",
        "building_id": "BKC-BLDG-1010",
        "building_name": "BKC Block 11",
        "floor": 1,
        "total_floors": 6,
        "base_height": 0.0,
        "height": 3.5,
        "owner": "Sunita Deshmukh",
        "tax_status": "Paid",
        "tax_color": "#2ECC71",
        "default_color": "#3A3A3A",
        "land_type": "Commercial"
      }
    },
    {
      "type": "Feature",
      "geometry": {
        "type": "Polygon",
        "coordinates": [
          [
            [
              72.86812,
              19.065484
            ],
            [
              72.868171,
              19.064663
            ],
            [
              72.868454,
              19.064679
            ],
            [
              72.86845,
              19.064752
            ],
            [
              72.868506,
              19.064755
            ],
            [
              72.86851,
              19.064682
            ],
            [
              72.868697,
              19.064692
            ],
            [
              72.868647,
              19.065513
            ],
            [
              72.86812,
              19.065484
            ]
          ]
        ]
      },
      "properties": {
        "ulpin": "27-BKC-1010-F02-U201",
        "building_id": "BKC-BLDG-1010",
        "building_name": "BKC Block 11",
        "floor": 2,
        "total_floors": 6,
        "base_height": 3.5,
        "height": 7.0,
        "owner": "Ramesh Sharma",
        "tax_status": "Default",
        "tax_color": "#E74C3C",
        "default_color": "#3A3A3A",
        "land_type": "Commercial"
      }
    },
    {
      "type": "Feature",
      "geometry": {
        "type": "Polygon",
        "coordinates": [
          [
            [
              72.86812,
              19.065484
            ],
            [
              72.868171,
              19.064663
            ],
            [
              72.868454,
              19.064679
            ],
            [
              72.86845,
              19.064752
            ],
            [
              72.868506,
              19.064755
            ],
            [
              72.86851,
              19.064682
            ],
            [
              72.868697,
              19.064692
            ],
            [
              72.868647,
              19.065513
            ],
            [
              72.86812,
              19.065484
            ]
          ]
        ]
      },
      "properties": {
        "ulpin": "27-BKC-1010-F03-U301",
        "building_id": "BKC-BLDG-1010",
        "building_name": "BKC Block 11",
        "floor": 3,
        "total_floors": 6,
        "base_height": 7.0,
        "height": 10.5,
        "owner": "Rajesh Mehta",
        "tax_status": "Paid",
        "tax_color": "#2ECC71",
        "default_color": "#3A3A3A",
        "land_type": "Commercial"
      }
    },
    {
      "type": "Feature",
      "geometry": {
        "type": "Polygon",
        "coordinates": [
          [
            [
              72.86812,
              19.065484
            ],
            [
              72.868171,
              19.064663
            ],
            [
              72.868454,
              19.064679
            ],
            [
              72.86845,
              19.064752
            ],
            [
              72.868506,
              19.064755
            ],
            [
              72.86851,
              19.064682
            ],
            [
              72.868697,
              19.064692
            ],
            [
              72.868647,
              19.065513
            ],
            [
              72.86812,
              19.065484
            ]
          ]
        ]
      },
      "properties": {
        "ulpin": "27-BKC-1010-F04-U401",
        "building_id": "BKC-BLDG-1010",
        "building_name": "BKC Block 11",
        "floor": 4,
        "total_floors": 6,
        "base_height": 10.5,
        "height": 14.0,
        "owner": "Rajesh Mehta",
        "tax_status": "Paid",
        "tax_color": "#2ECC71",
        "default_color": "#3A3A3A",
        "land_type": "Residential"
      }
    },
    {
      "type": "Feature",
      "geometry": {
        "type": "Polygon",
        "coordinates": [
          [
            [
              72.86812,
              19.065484
            ],
            [
              72.868171,
              19.064663
            ],
            [
              72.868454,
              19.064679
            ],
            [
              72.86845,
              19.064752
            ],
            [
              72.868506,
              19.064755
            ],
            [
              72.86851,
              19.064682
            ],
            [
              72.868697,
              19.064692
            ],
            [
              72.868647,
              19.065513
            ],
            [
              72.86812,
              19.065484
            ]
          ]
        ]
      },
      "properties": {
        "ulpin": "27-BKC-1010-F05-U501",
        "building_id": "BKC-BLDG-1010",
        "building_name": "BKC Block 11",
        "floor": 5,
        "total_floors": 6,
        "base_height": 14.0,
        "height": 17.5,
        "owner": "Sunita Deshmukh",
        "tax_status": "Paid",
        "tax_color": "#2ECC71",
        "default_color": "#3A3A3A",
        "land_type": "Residential"
      }
    },
    {
      "type": "Feature",
      "geometry": {
        "type": "Polygon",
        "coordinates": [
          [
            [
              72.86812,
              19.065484
            ],
            [
              72.868171,
              19.064663
            ],
            [
              72.868454,
              19.064679
            ],
            [
              72.86845,
              19.064752
            ],
            [
              72.868506,
              19.064755
            ],
            [
              72.86851,
              19.064682
            ],
            [
              72.868697,
              19.064692
            ],
            [
              72.868647,
              19.065513
            ],
            [
              72.86812,
              19.065484
            ]
          ]
        ]
      },
      "properties": {
        "ulpin": "27-BKC-1010-F06-U601",
        "building_id": "BKC-BLDG-1010",
        "building_name": "BKC Block 11",
        "floor": 6,
        "total_floors": 6,
        "base_height": 17.5,
        "height": 21.0,
        "owner": "Sunita Deshmukh",
        "tax_status": "Paid",
        "tax_color": "#2ECC71",
        "default_color": "#3A3A3A",
        "land_type": "Residential"
      }
    },
    {
      "type": "Feature",
      "geometry": {
        "type": "Polygon",
        "coordinates": [
          [
            [
              72.862457,
              19.063535
            ],
            [
              72.862225,
              19.063692
            ],
            [
              72.861335,
              19.063066
            ],
            [
              72.86171,
              19.062748
            ],
            [
              72.862457,
              19.063535
            ]
          ]
        ]
      },
      "properties": {
        "ulpin": "27-BKC-1011-F01-U101",
        "building_id": "BKC-BLDG-1011",
        "building_name": "The Capital",
        "floor": 1,
        "total_floors": 12,
        "base_height": 0.0,
        "height": 3.5,
        "owner": "Vikram Shah",
        "tax_status": "Paid",
        "tax_color": "#2ECC71",
        "default_color": "#3A3A3A",
        "land_type": "Commercial"
      }
    },
    {
      "type": "Feature",
      "geometry": {
        "type": "Polygon",
        "coordinates": [
          [
            [
              72.862457,
              19.063535
            ],
            [
              72.862225,
              19.063692
            ],
            [
              72.861335,
              19.063066
            ],
            [
              72.86171,
              19.062748
            ],
            [
              72.862457,
              19.063535
            ]
          ]
        ]
      },
      "properties": {
        "ulpin": "27-BKC-1011-F02-U201",
        "building_id": "BKC-BLDG-1011",
        "building_name": "The Capital",
        "floor": 2,
        "total_floors": 12,
        "base_height": 3.5,
        "height": 7.0,
        "owner": "Sunita Deshmukh",
        "tax_status": "Paid",
        "tax_color": "#2ECC71",
        "default_color": "#3A3A3A",
        "land_type": "Commercial"
      }
    },
    {
      "type": "Feature",
      "geometry": {
        "type": "Polygon",
        "coordinates": [
          [
            [
              72.862457,
              19.063535
            ],
            [
              72.862225,
              19.063692
            ],
            [
              72.861335,
              19.063066
            ],
            [
              72.86171,
              19.062748
            ],
            [
              72.862457,
              19.063535
            ]
          ]
        ]
      },
      "properties": {
        "ulpin": "27-BKC-1011-F03-U301",
        "building_id": "BKC-BLDG-1011",
        "building_name": "The Capital",
        "floor": 3,
        "total_floors": 12,
        "base_height": 7.0,
        "height": 10.5,
        "owner": "Amit Verma",
        "tax_status": "Paid",
        "tax_color": "#2ECC71",
        "default_color": "#3A3A3A",
        "land_type": "Commercial"
      }
    },
    {
      "type": "Feature",
      "geometry": {
        "type": "Polygon",
        "coordinates": [
          [
            [
              72.862457,
              19.063535
            ],
            [
              72.862225,
              19.063692
            ],
            [
              72.861335,
              19.063066
            ],
            [
              72.86171,
              19.062748
            ],
            [
              72.862457,
              19.063535
            ]
          ]
        ]
      },
      "properties": {
        "ulpin": "27-BKC-1011-F04-U401",
        "building_id": "BKC-BLDG-1011",
        "building_name": "The Capital",
        "floor": 4,
        "total_floors": 12,
        "base_height": 10.5,
        "height": 14.0,
        "owner": "Amit Verma",
        "tax_status": "Paid",
        "tax_color": "#2ECC71",
        "default_color": "#3A3A3A",
        "land_type": "Residential"
      }
    },
    {
      "type": "Feature",
      "geometry": {
        "type": "Polygon",
        "coordinates": [
          [
            [
              72.862457,
              19.063535
            ],
            [
              72.862225,
              19.063692
            ],
            [
              72.861335,
              19.063066
            ],
            [
              72.86171,
              19.062748
            ],
            [
              72.862457,
              19.063535
            ]
          ]
        ]
      },
      "properties": {
        "ulpin": "27-BKC-1011-F05-U501",
        "building_id": "BKC-BLDG-1011",
        "building_name": "The Capital",
        "floor": 5,
        "total_floors": 12,
        "base_height": 14.0,
        "height": 17.5,
        "owner": "Sunita Deshmukh",
        "tax_status": "Paid",
        "tax_color": "#2ECC71",
        "default_color": "#3A3A3A",
        "land_type": "Residential"
      }
    },
    {
      "type": "Feature",
      "geometry": {
        "type": "Polygon",
        "coordinates": [
          [
            [
              72.862457,
              19.063535
            ],
            [
              72.862225,
              19.063692
            ],
            [
              72.861335,
              19.063066
            ],
            [
              72.86171,
              19.062748
            ],
            [
              72.862457,
              19.063535
            ]
          ]
        ]
      },
      "properties": {
        "ulpin": "27-BKC-1011-F06-U601",
        "building_id": "BKC-BLDG-1011",
        "building_name": "The Capital",
        "floor": 6,
        "total_floors": 12,
        "base_height": 17.5,
        "height": 21.0,
        "owner": "Amit Verma",
        "tax_status": "Default",
        "tax_color": "#E74C3C",
        "default_color": "#3A3A3A",
        "land_type": "Residential"
      }
    },
    {
      "type": "Feature",
      "geometry": {
        "type": "Polygon",
        "coordinates": [
          [
            [
              72.862457,
              19.063535
            ],
            [
              72.862225,
              19.063692
            ],
            [
              72.861335,
              19.063066
            ],
            [
              72.86171,
              19.062748
            ],
            [
              72.862457,
              19.063535
            ]
          ]
        ]
      },
      "properties": {
        "ulpin": "27-BKC-1011-F07-U701",
        "building_id": "BKC-BLDG-1011",
        "building_name": "The Capital",
        "floor": 7,
        "total_floors": 12,
        "base_height": 21.0,
        "height": 24.5,
        "owner": "Ananya Roy",
        "tax_status": "Default",
        "tax_color": "#E74C3C",
        "default_color": "#3A3A3A",
        "land_type": "Residential"
      }
    },
    {
      "type": "Feature",
      "geometry": {
        "type": "Polygon",
        "coordinates": [
          [
            [
              72.862457,
              19.063535
            ],
            [
              72.862225,
              19.063692
            ],
            [
              72.861335,
              19.063066
            ],
            [
              72.86171,
              19.062748
            ],
            [
              72.862457,
              19.063535
            ]
          ]
        ]
      },
      "properties": {
        "ulpin": "27-BKC-1011-F08-U801",
        "building_id": "BKC-BLDG-1011",
        "building_name": "The Capital",
        "floor": 8,
        "total_floors": 12,
        "base_height": 24.5,
        "height": 28.0,
        "owner": "Ramesh Sharma",
        "tax_status": "Paid",
        "tax_color": "#2ECC71",
        "default_color": "#3A3A3A",
        "land_type": "Residential"
      }
    },
    {
      "type": "Feature",
      "geometry": {
        "type": "Polygon",
        "coordinates": [
          [
            [
              72.862457,
              19.063535
            ],
            [
              72.862225,
              19.063692
            ],
            [
              72.861335,
              19.063066
            ],
            [
              72.86171,
              19.062748
            ],
            [
              72.862457,
              19.063535
            ]
          ]
        ]
      },
      "properties": {
        "ulpin": "27-BKC-1011-F09-U901",
        "building_id": "BKC-BLDG-1011",
        "building_name": "The Capital",
        "floor": 9,
        "total_floors": 12,
        "base_height": 28.0,
        "height": 31.5,
        "owner": "Vikram Shah",
        "tax_status": "Default",
        "tax_color": "#E74C3C",
        "default_color": "#3A3A3A",
        "land_type": "Residential"
      }
    },
    {
      "type": "Feature",
      "geometry": {
        "type": "Polygon",
        "coordinates": [
          [
            [
              72.862457,
              19.063535
            ],
            [
              72.862225,
              19.063692
            ],
            [
              72.861335,
              19.063066
            ],
            [
              72.86171,
              19.062748
            ],
            [
              72.862457,
              19.063535
            ]
          ]
        ]
      },
      "properties": {
        "ulpin": "27-BKC-1011-F10-U1001",
        "building_id": "BKC-BLDG-1011",
        "building_name": "The Capital",
        "floor": 10,
        "total_floors": 12,
        "base_height": 31.5,
        "height": 35.0,
        "owner": "Ananya Roy",
        "tax_status": "Default",
        "tax_color": "#E74C3C",
        "default_color": "#3A3A3A",
        "land_type": "Residential"
      }
    },
    {
      "type": "Feature",
      "geometry": {
        "type": "Polygon",
        "coordinates": [
          [
            [
              72.862457,
              19.063535
            ],
            [
              72.862225,
              19.063692
            ],
            [
              72.861335,
              19.063066
            ],
            [
              72.86171,
              19.062748
            ],
            [
              72.862457,
              19.063535
            ]
          ]
        ]
      },
      "properties": {
        "ulpin": "27-BKC-1011-F11-U1101",
        "building_id": "BKC-BLDG-1011",
        "building_name": "The Capital",
        "floor": 11,
        "total_floors": 12,
        "base_height": 35.0,
        "height": 38.5,
        "owner": "Neha Gupta",
        "tax_status": "Paid",
        "tax_color": "#2ECC71",
        "default_color": "#3A3A3A",
        "land_type": "Residential"
      }
    },
    {
      "type": "Feature",
      "geometry": {
        "type": "Polygon",
        "coordinates": [
          [
            [
              72.862457,
              19.063535
            ],
            [
              72.862225,
              19.063692
            ],
            [
              72.861335,
              19.063066
            ],
            [
              72.86171,
              19.062748
            ],
            [
              72.862457,
              19.063535
            ]
          ]
        ]
      },
      "properties": {
        "ulpin": "27-BKC-1011-F12-U1201",
        "building_id": "BKC-BLDG-1011",
        "building_name": "The Capital",
        "floor": 12,
        "total_floors": 12,
        "base_height": 38.5,
        "height": 42.0,
        "owner": "Amit Verma",
        "tax_status": "Paid",
        "tax_color": "#2ECC71",
        "default_color": "#3A3A3A",
        "land_type": "Residential"
      }
    },
    {
      "type": "Feature",
      "geometry": {
        "type": "Polygon",
        "coordinates": [
          [
            [
              72.867982,
              19.066713
            ],
            [
              72.868337,
              19.066897
            ],
            [
              72.86835,
              19.066892
            ],
            [
              72.868403,
              19.066892
            ],
            [
              72.868452,
              19.066912
            ],
            [
              72.868489,
              19.066948
            ],
            [
              72.868509,
              19.066994
            ],
            [
              72.868509,
              19.067044
            ],
            [
              72.868488,
              19.06709
            ],
            [
              72.86845,
              19.067126
            ],
            [
              72.868401,
              19.067144
            ],
            [
              72.868348,
              19.067144
            ],
            [
              72.868299,
              19.067124
            ],
            [
              72.868262,
              19.067089
            ],
            [
              72.868242,
              19.067042
            ],
            [
              72.868242,
              19.067021
            ],
            [
              72.8681,
              19.066947
            ],
            [
              72.868076,
              19.06698
            ],
            [
              72.868088,
              19.066988
            ],
            [
              72.86788,
              19.067268
            ],
            [
              72.867553,
              19.067051
            ],
            [
              72.867538,
              19.066902
            ],
            [
              72.867724,
              19.066812
            ],
            [
              72.867751,
              19.066826
            ],
            [
              72.867741,
              19.066809
            ],
            [
              72.867735,
              19.066785
            ],
            [
              72.867733,
              19.066763
            ],
            [
              72.867738,
              19.066718
            ],
            [
              72.86754,
              19.066406
            ],
            [
              72.8675,
              19.066395
            ],
            [
              72.867461,
              19.066364
            ],
            [
              72.867437,
              19.066321
            ],
            [
              72.867433,
              19.066273
            ],
            [
              72.867448,
              19.066226
            ],
            [
              72.867481,
              19.066189
            ],
            [
              72.867526,
              19.066167
            ],
            [
              72.867577,
              19.066162
            ],
            [
              72.867626,
              19.066177
            ],
            [
              72.867666,
              19.066208
            ],
            [
              72.86769,
              19.066251
            ],
            [
              72.867694,
              19.066299
            ],
            [
              72.867685,
              19.066327
            ],
            [
              72.867882,
              19.066635
            ],
            [
              72.867902,
              19.066638
            ],
            [
              72.867947,
              19.066661
            ],
            [
              72.867978,
              19.066699
            ],
            [
              72.867982,
              19.066713
            ]
          ]
        ]
      },
      "properties": {
        "ulpin": "27-BKC-1012-F01-U101",
        "building_id": "BKC-BLDG-1012",
        "building_name": "BKC Block 13",
        "floor": 1,
        "total_floors": 15,
        "base_height": 0.0,
        "height": 3.5,
        "owner": "Ananya Roy",
        "tax_status": "Paid",
        "tax_color": "#2ECC71",
        "default_color": "#3A3A3A",
        "land_type": "Commercial"
      }
    },
    {
      "type": "Feature",
      "geometry": {
        "type": "Polygon",
        "coordinates": [
          [
            [
              72.867982,
              19.066713
            ],
            [
              72.868337,
              19.066897
            ],
            [
              72.86835,
              19.066892
            ],
            [
              72.868403,
              19.066892
            ],
            [
              72.868452,
              19.066912
            ],
            [
              72.868489,
              19.066948
            ],
            [
              72.868509,
              19.066994
            ],
            [
              72.868509,
              19.067044
            ],
            [
              72.868488,
              19.06709
            ],
            [
              72.86845,
              19.067126
            ],
            [
              72.868401,
              19.067144
            ],
            [
              72.868348,
              19.067144
            ],
            [
              72.868299,
              19.067124
            ],
            [
              72.868262,
              19.067089
            ],
            [
              72.868242,
              19.067042
            ],
            [
              72.868242,
              19.067021
            ],
            [
              72.8681,
              19.066947
            ],
            [
              72.868076,
              19.06698
            ],
            [
              72.868088,
              19.066988
            ],
            [
              72.86788,
              19.067268
            ],
            [
              72.867553,
              19.067051
            ],
            [
              72.867538,
              19.066902
            ],
            [
              72.867724,
              19.066812
            ],
            [
              72.867751,
              19.066826
            ],
            [
              72.867741,
              19.066809
            ],
            [
              72.867735,
              19.066785
            ],
            [
              72.867733,
              19.066763
            ],
            [
              72.867738,
              19.066718
            ],
            [
              72.86754,
              19.066406
            ],
            [
              72.8675,
              19.066395
            ],
            [
              72.867461,
              19.066364
            ],
            [
              72.867437,
              19.066321
            ],
            [
              72.867433,
              19.066273
            ],
            [
              72.867448,
              19.066226
            ],
            [
              72.867481,
              19.066189
            ],
            [
              72.867526,
              19.066167
            ],
            [
              72.867577,
              19.066162
            ],
            [
              72.867626,
              19.066177
            ],
            [
              72.867666,
              19.066208
            ],
            [
              72.86769,
              19.066251
            ],
            [
              72.867694,
              19.066299
            ],
            [
              72.867685,
              19.066327
            ],
            [
              72.867882,
              19.066635
            ],
            [
              72.867902,
              19.066638
            ],
            [
              72.867947,
              19.066661
            ],
            [
              72.867978,
              19.066699
            ],
            [
              72.867982,
              19.066713
            ]
          ]
        ]
      },
      "properties": {
        "ulpin": "27-BKC-1012-F02-U201",
        "building_id": "BKC-BLDG-1012",
        "building_name": "BKC Block 13",
        "floor": 2,
        "total_floors": 15,
        "base_height": 3.5,
        "height": 7.0,
        "owner": "Sunita Deshmukh",
        "tax_status": "Paid",
        "tax_color": "#2ECC71",
        "default_color": "#3A3A3A",
        "land_type": "Commercial"
      }
    },
    {
      "type": "Feature",
      "geometry": {
        "type": "Polygon",
        "coordinates": [
          [
            [
              72.867982,
              19.066713
            ],
            [
              72.868337,
              19.066897
            ],
            [
              72.86835,
              19.066892
            ],
            [
              72.868403,
              19.066892
            ],
            [
              72.868452,
              19.066912
            ],
            [
              72.868489,
              19.066948
            ],
            [
              72.868509,
              19.066994
            ],
            [
              72.868509,
              19.067044
            ],
            [
              72.868488,
              19.06709
            ],
            [
              72.86845,
              19.067126
            ],
            [
              72.868401,
              19.067144
            ],
            [
              72.868348,
              19.067144
            ],
            [
              72.868299,
              19.067124
            ],
            [
              72.868262,
              19.067089
            ],
            [
              72.868242,
              19.067042
            ],
            [
              72.868242,
              19.067021
            ],
            [
              72.8681,
              19.066947
            ],
            [
              72.868076,
              19.06698
            ],
            [
              72.868088,
              19.066988
            ],
            [
              72.86788,
              19.067268
            ],
            [
              72.867553,
              19.067051
            ],
            [
              72.867538,
              19.066902
            ],
            [
              72.867724,
              19.066812
            ],
            [
              72.867751,
              19.066826
            ],
            [
              72.867741,
              19.066809
            ],
            [
              72.867735,
              19.066785
            ],
            [
              72.867733,
              19.066763
            ],
            [
              72.867738,
              19.066718
            ],
            [
              72.86754,
              19.066406
            ],
            [
              72.8675,
              19.066395
            ],
            [
              72.867461,
              19.066364
            ],
            [
              72.867437,
              19.066321
            ],
            [
              72.867433,
              19.066273
            ],
            [
              72.867448,
              19.066226
            ],
            [
              72.867481,
              19.066189
            ],
            [
              72.867526,
              19.066167
            ],
            [
              72.867577,
              19.066162
            ],
            [
              72.867626,
              19.066177
            ],
            [
              72.867666,
              19.066208
            ],
            [
              72.86769,
              19.066251
            ],
            [
              72.867694,
              19.066299
            ],
            [
              72.867685,
              19.066327
            ],
            [
              72.867882,
              19.066635
            ],
            [
              72.867902,
              19.066638
            ],
            [
              72.867947,
              19.066661
            ],
            [
              72.867978,
              19.066699
            ],
            [
              72.867982,
              19.066713
            ]
          ]
        ]
      },
      "properties": {
        "ulpin": "27-BKC-1012-F03-U301",
        "building_id": "BKC-BLDG-1012",
        "building_name": "BKC Block 13",
        "floor": 3,
        "total_floors": 15,
        "base_height": 7.0,
        "height": 10.5,
        "owner": "Sunita Deshmukh",
        "tax_status": "Paid",
        "tax_color": "#2ECC71",
        "default_color": "#3A3A3A",
        "land_type": "Commercial"
      }
    },
    {
      "type": "Feature",
      "geometry": {
        "type": "Polygon",
        "coordinates": [
          [
            [
              72.867982,
              19.066713
            ],
            [
              72.868337,
              19.066897
            ],
            [
              72.86835,
              19.066892
            ],
            [
              72.868403,
              19.066892
            ],
            [
              72.868452,
              19.066912
            ],
            [
              72.868489,
              19.066948
            ],
            [
              72.868509,
              19.066994
            ],
            [
              72.868509,
              19.067044
            ],
            [
              72.868488,
              19.06709
            ],
            [
              72.86845,
              19.067126
            ],
            [
              72.868401,
              19.067144
            ],
            [
              72.868348,
              19.067144
            ],
            [
              72.868299,
              19.067124
            ],
            [
              72.868262,
              19.067089
            ],
            [
              72.868242,
              19.067042
            ],
            [
              72.868242,
              19.067021
            ],
            [
              72.8681,
              19.066947
            ],
            [
              72.868076,
              19.06698
            ],
            [
              72.868088,
              19.066988
            ],
            [
              72.86788,
              19.067268
            ],
            [
              72.867553,
              19.067051
            ],
            [
              72.867538,
              19.066902
            ],
            [
              72.867724,
              19.066812
            ],
            [
              72.867751,
              19.066826
            ],
            [
              72.867741,
              19.066809
            ],
            [
              72.867735,
              19.066785
            ],
            [
              72.867733,
              19.066763
            ],
            [
              72.867738,
              19.066718
            ],
            [
              72.86754,
              19.066406
            ],
            [
              72.8675,
              19.066395
            ],
            [
              72.867461,
              19.066364
            ],
            [
              72.867437,
              19.066321
            ],
            [
              72.867433,
              19.066273
            ],
            [
              72.867448,
              19.066226
            ],
            [
              72.867481,
              19.066189
            ],
            [
              72.867526,
              19.066167
            ],
            [
              72.867577,
              19.066162
            ],
            [
              72.867626,
              19.066177
            ],
            [
              72.867666,
              19.066208
            ],
            [
              72.86769,
              19.066251
            ],
            [
              72.867694,
              19.066299
            ],
            [
              72.867685,
              19.066327
            ],
            [
              72.867882,
              19.066635
            ],
            [
              72.867902,
              19.066638
            ],
            [
              72.867947,
              19.066661
            ],
            [
              72.867978,
              19.066699
            ],
            [
              72.867982,
              19.066713
            ]
          ]
        ]
      },
      "properties": {
        "ulpin": "27-BKC-1012-F04-U401",
        "building_id": "BKC-BLDG-1012",
        "building_name": "BKC Block 13",
        "floor": 4,
        "total_floors": 15,
        "base_height": 10.5,
        "height": 14.0,
        "owner": "Priya Patel",
        "tax_status": "Paid",
        "tax_color": "#2ECC71",
        "default_color": "#3A3A3A",
        "land_type": "Residential"
      }
    },
    {
      "type": "Feature",
      "geometry": {
        "type": "Polygon",
        "coordinates": [
          [
            [
              72.867982,
              19.066713
            ],
            [
              72.868337,
              19.066897
            ],
            [
              72.86835,
              19.066892
            ],
            [
              72.868403,
              19.066892
            ],
            [
              72.868452,
              19.066912
            ],
            [
              72.868489,
              19.066948
            ],
            [
              72.868509,
              19.066994
            ],
            [
              72.868509,
              19.067044
            ],
            [
              72.868488,
              19.06709
            ],
            [
              72.86845,
              19.067126
            ],
            [
              72.868401,
              19.067144
            ],
            [
              72.868348,
              19.067144
            ],
            [
              72.868299,
              19.067124
            ],
            [
              72.868262,
              19.067089
            ],
            [
              72.868242,
              19.067042
            ],
            [
              72.868242,
              19.067021
            ],
            [
              72.8681,
              19.066947
            ],
            [
              72.868076,
              19.06698
            ],
            [
              72.868088,
              19.066988
            ],
            [
              72.86788,
              19.067268
            ],
            [
              72.867553,
              19.067051
            ],
            [
              72.867538,
              19.066902
            ],
            [
              72.867724,
              19.066812
            ],
            [
              72.867751,
              19.066826
            ],
            [
              72.867741,
              19.066809
            ],
            [
              72.867735,
              19.066785
            ],
            [
              72.867733,
              19.066763
            ],
            [
              72.867738,
              19.066718
            ],
            [
              72.86754,
              19.066406
            ],
            [
              72.8675,
              19.066395
            ],
            [
              72.867461,
              19.066364
            ],
            [
              72.867437,
              19.066321
            ],
            [
              72.867433,
              19.066273
            ],
            [
              72.867448,
              19.066226
            ],
            [
              72.867481,
              19.066189
            ],
            [
              72.867526,
              19.066167
            ],
            [
              72.867577,
              19.066162
            ],
            [
              72.867626,
              19.066177
            ],
            [
              72.867666,
              19.066208
            ],
            [
              72.86769,
              19.066251
            ],
            [
              72.867694,
              19.066299
            ],
            [
              72.867685,
              19.066327
            ],
            [
              72.867882,
              19.066635
            ],
            [
              72.867902,
              19.066638
            ],
            [
              72.867947,
              19.066661
            ],
            [
              72.867978,
              19.066699
            ],
            [
              72.867982,
              19.066713
            ]
          ]
        ]
      },
      "properties": {
        "ulpin": "27-BKC-1012-F05-U501",
        "building_id": "BKC-BLDG-1012",
        "building_name": "BKC Block 13",
        "floor": 5,
        "total_floors": 15,
        "base_height": 14.0,
        "height": 17.5,
        "owner": "Priya Patel",
        "tax_status": "Default",
        "tax_color": "#E74C3C",
        "default_color": "#3A3A3A",
        "land_type": "Residential"
      }
    },
    {
      "type": "Feature",
      "geometry": {
        "type": "Polygon",
        "coordinates": [
          [
            [
              72.867982,
              19.066713
            ],
            [
              72.868337,
              19.066897
            ],
            [
              72.86835,
              19.066892
            ],
            [
              72.868403,
              19.066892
            ],
            [
              72.868452,
              19.066912
            ],
            [
              72.868489,
              19.066948
            ],
            [
              72.868509,
              19.066994
            ],
            [
              72.868509,
              19.067044
            ],
            [
              72.868488,
              19.06709
            ],
            [
              72.86845,
              19.067126
            ],
            [
              72.868401,
              19.067144
            ],
            [
              72.868348,
              19.067144
            ],
            [
              72.868299,
              19.067124
            ],
            [
              72.868262,
              19.067089
            ],
            [
              72.868242,
              19.067042
            ],
            [
              72.868242,
              19.067021
            ],
            [
              72.8681,
              19.066947
            ],
            [
              72.868076,
              19.06698
            ],
            [
              72.868088,
              19.066988
            ],
            [
              72.86788,
              19.067268
            ],
            [
              72.867553,
              19.067051
            ],
            [
              72.867538,
              19.066902
            ],
            [
              72.867724,
              19.066812
            ],
            [
              72.867751,
              19.066826
            ],
            [
              72.867741,
              19.066809
            ],
            [
              72.867735,
              19.066785
            ],
            [
              72.867733,
              19.066763
            ],
            [
              72.867738,
              19.066718
            ],
            [
              72.86754,
              19.066406
            ],
            [
              72.8675,
              19.066395
            ],
            [
              72.867461,
              19.066364
            ],
            [
              72.867437,
              19.066321
            ],
            [
              72.867433,
              19.066273
            ],
            [
              72.867448,
              19.066226
            ],
            [
              72.867481,
              19.066189
            ],
            [
              72.867526,
              19.066167
            ],
            [
              72.867577,
              19.066162
            ],
            [
              72.867626,
              19.066177
            ],
            [
              72.867666,
              19.066208
            ],
            [
              72.86769,
              19.066251
            ],
            [
              72.867694,
              19.066299
            ],
            [
              72.867685,
              19.066327
            ],
            [
              72.867882,
              19.066635
            ],
            [
              72.867902,
              19.066638
            ],
            [
              72.867947,
              19.066661
            ],
            [
              72.867978,
              19.066699
            ],
            [
              72.867982,
              19.066713
            ]
          ]
        ]
      },
      "properties": {
        "ulpin": "27-BKC-1012-F06-U601",
        "building_id": "BKC-BLDG-1012",
        "building_name": "BKC Block 13",
        "floor": 6,
        "total_floors": 15,
        "base_height": 17.5,
        "height": 21.0,
        "owner": "Priya Patel",
        "tax_status": "Paid",
        "tax_color": "#2ECC71",
        "default_color": "#3A3A3A",
        "land_type": "Residential"
      }
    },
    {
      "type": "Feature",
      "geometry": {
        "type": "Polygon",
        "coordinates": [
          [
            [
              72.867982,
              19.066713
            ],
            [
              72.868337,
              19.066897
            ],
            [
              72.86835,
              19.066892
            ],
            [
              72.868403,
              19.066892
            ],
            [
              72.868452,
              19.066912
            ],
            [
              72.868489,
              19.066948
            ],
            [
              72.868509,
              19.066994
            ],
            [
              72.868509,
              19.067044
            ],
            [
              72.868488,
              19.06709
            ],
            [
              72.86845,
              19.067126
            ],
            [
              72.868401,
              19.067144
            ],
            [
              72.868348,
              19.067144
            ],
            [
              72.868299,
              19.067124
            ],
            [
              72.868262,
              19.067089
            ],
            [
              72.868242,
              19.067042
            ],
            [
              72.868242,
              19.067021
            ],
            [
              72.8681,
              19.066947
            ],
            [
              72.868076,
              19.06698
            ],
            [
              72.868088,
              19.066988
            ],
            [
              72.86788,
              19.067268
            ],
            [
              72.867553,
              19.067051
            ],
            [
              72.867538,
              19.066902
            ],
            [
              72.867724,
              19.066812
            ],
            [
              72.867751,
              19.066826
            ],
            [
              72.867741,
              19.066809
            ],
            [
              72.867735,
              19.066785
            ],
            [
              72.867733,
              19.066763
            ],
            [
              72.867738,
              19.066718
            ],
            [
              72.86754,
              19.066406
            ],
            [
              72.8675,
              19.066395
            ],
            [
              72.867461,
              19.066364
            ],
            [
              72.867437,
              19.066321
            ],
            [
              72.867433,
              19.066273
            ],
            [
              72.867448,
              19.066226
            ],
            [
              72.867481,
              19.066189
            ],
            [
              72.867526,
              19.066167
            ],
            [
              72.867577,
              19.066162
            ],
            [
              72.867626,
              19.066177
            ],
            [
              72.867666,
              19.066208
            ],
            [
              72.86769,
              19.066251
            ],
            [
              72.867694,
              19.066299
            ],
            [
              72.867685,
              19.066327
            ],
            [
              72.867882,
              19.066635
            ],
            [
              72.867902,
              19.066638
            ],
            [
              72.867947,
              19.066661
            ],
            [
              72.867978,
              19.066699
            ],
            [
              72.867982,
              19.066713
            ]
          ]
        ]
      },
      "properties": {
        "ulpin": "27-BKC-1012-F07-U701",
        "building_id": "BKC-BLDG-1012",
        "building_name": "BKC Block 13",
        "floor": 7,
        "total_floors": 15,
        "base_height": 21.0,
        "height": 24.5,
        "owner": "Sunita Deshmukh",
        "tax_status": "Paid",
        "tax_color": "#2ECC71",
        "default_color": "#3A3A3A",
        "land_type": "Residential"
      }
    },
    {
      "type": "Feature",
      "geometry": {
        "type": "Polygon",
        "coordinates": [
          [
            [
              72.867982,
              19.066713
            ],
            [
              72.868337,
              19.066897
            ],
            [
              72.86835,
              19.066892
            ],
            [
              72.868403,
              19.066892
            ],
            [
              72.868452,
              19.066912
            ],
            [
              72.868489,
              19.066948
            ],
            [
              72.868509,
              19.066994
            ],
            [
              72.868509,
              19.067044
            ],
            [
              72.868488,
              19.06709
            ],
            [
              72.86845,
              19.067126
            ],
            [
              72.868401,
              19.067144
            ],
            [
              72.868348,
              19.067144
            ],
            [
              72.868299,
              19.067124
            ],
            [
              72.868262,
              19.067089
            ],
            [
              72.868242,
              19.067042
            ],
            [
              72.868242,
              19.067021
            ],
            [
              72.8681,
              19.066947
            ],
            [
              72.868076,
              19.06698
            ],
            [
              72.868088,
              19.066988
            ],
            [
              72.86788,
              19.067268
            ],
            [
              72.867553,
              19.067051
            ],
            [
              72.867538,
              19.066902
            ],
            [
              72.867724,
              19.066812
            ],
            [
              72.867751,
              19.066826
            ],
            [
              72.867741,
              19.066809
            ],
            [
              72.867735,
              19.066785
            ],
            [
              72.867733,
              19.066763
            ],
            [
              72.867738,
              19.066718
            ],
            [
              72.86754,
              19.066406
            ],
            [
              72.8675,
              19.066395
            ],
            [
              72.867461,
              19.066364
            ],
            [
              72.867437,
              19.066321
            ],
            [
              72.867433,
              19.066273
            ],
            [
              72.867448,
              19.066226
            ],
            [
              72.867481,
              19.066189
            ],
            [
              72.867526,
              19.066167
            ],
            [
              72.867577,
              19.066162
            ],
            [
              72.867626,
              19.066177
            ],
            [
              72.867666,
              19.066208
            ],
            [
              72.86769,
              19.066251
            ],
            [
              72.867694,
              19.066299
            ],
            [
              72.867685,
              19.066327
            ],
            [
              72.867882,
              19.066635
            ],
            [
              72.867902,
              19.066638
            ],
            [
              72.867947,
              19.066661
            ],
            [
              72.867978,
              19.066699
            ],
            [
              72.867982,
              19.066713
            ]
          ]
        ]
      },
      "properties": {
        "ulpin": "27-BKC-1012-F08-U801",
        "building_id": "BKC-BLDG-1012",
        "building_name": "BKC Block 13",
        "floor": 8,
        "total_floors": 15,
        "base_height": 24.5,
        "height": 28.0,
        "owner": "Rajesh Mehta",
        "tax_status": "Paid",
        "tax_color": "#2ECC71",
        "default_color": "#3A3A3A",
        "land_type": "Residential"
      }
    },
    {
      "type": "Feature",
      "geometry": {
        "type": "Polygon",
        "coordinates": [
          [
            [
              72.867982,
              19.066713
            ],
            [
              72.868337,
              19.066897
            ],
            [
              72.86835,
              19.066892
            ],
            [
              72.868403,
              19.066892
            ],
            [
              72.868452,
              19.066912
            ],
            [
              72.868489,
              19.066948
            ],
            [
              72.868509,
              19.066994
            ],
            [
              72.868509,
              19.067044
            ],
            [
              72.868488,
              19.06709
            ],
            [
              72.86845,
              19.067126
            ],
            [
              72.868401,
              19.067144
            ],
            [
              72.868348,
              19.067144
            ],
            [
              72.868299,
              19.067124
            ],
            [
              72.868262,
              19.067089
            ],
            [
              72.868242,
              19.067042
            ],
            [
              72.868242,
              19.067021
            ],
            [
              72.8681,
              19.066947
            ],
            [
              72.868076,
              19.06698
            ],
            [
              72.868088,
              19.066988
            ],
            [
              72.86788,
              19.067268
            ],
            [
              72.867553,
              19.067051
            ],
            [
              72.867538,
              19.066902
            ],
            [
              72.867724,
              19.066812
            ],
            [
              72.867751,
              19.066826
            ],
            [
              72.867741,
              19.066809
            ],
            [
              72.867735,
              19.066785
            ],
            [
              72.867733,
              19.066763
            ],
            [
              72.867738,
              19.066718
            ],
            [
              72.86754,
              19.066406
            ],
            [
              72.8675,
              19.066395
            ],
            [
              72.867461,
              19.066364
            ],
            [
              72.867437,
              19.066321
            ],
            [
              72.867433,
              19.066273
            ],
            [
              72.867448,
              19.066226
            ],
            [
              72.867481,
              19.066189
            ],
            [
              72.867526,
              19.066167
            ],
            [
              72.867577,
              19.066162
            ],
            [
              72.867626,
              19.066177
            ],
            [
              72.867666,
              19.066208
            ],
            [
              72.86769,
              19.066251
            ],
            [
              72.867694,
              19.066299
            ],
            [
              72.867685,
              19.066327
            ],
            [
              72.867882,
              19.066635
            ],
            [
              72.867902,
              19.066638
            ],
            [
              72.867947,
              19.066661
            ],
            [
              72.867978,
              19.066699
            ],
            [
              72.867982,
              19.066713
            ]
          ]
        ]
      },
      "properties": {
        "ulpin": "27-BKC-1012-F09-U901",
        "building_id": "BKC-BLDG-1012",
        "building_name": "BKC Block 13",
        "floor": 9,
        "total_floors": 15,
        "base_height": 28.0,
        "height": 31.5,
        "owner": "Amit Verma",
        "tax_status": "Default",
        "tax_color": "#E74C3C",
        "default_color": "#3A3A3A",
        "land_type": "Residential"
      }
    },
    {
      "type": "Feature",
      "geometry": {
        "type": "Polygon",
        "coordinates": [
          [
            [
              72.867982,
              19.066713
            ],
            [
              72.868337,
              19.066897
            ],
            [
              72.86835,
              19.066892
            ],
            [
              72.868403,
              19.066892
            ],
            [
              72.868452,
              19.066912
            ],
            [
              72.868489,
              19.066948
            ],
            [
              72.868509,
              19.066994
            ],
            [
              72.868509,
              19.067044
            ],
            [
              72.868488,
              19.06709
            ],
            [
              72.86845,
              19.067126
            ],
            [
              72.868401,
              19.067144
            ],
            [
              72.868348,
              19.067144
            ],
            [
              72.868299,
              19.067124
            ],
            [
              72.868262,
              19.067089
            ],
            [
              72.868242,
              19.067042
            ],
            [
              72.868242,
              19.067021
            ],
            [
              72.8681,
              19.066947
            ],
            [
              72.868076,
              19.06698
            ],
            [
              72.868088,
              19.066988
            ],
            [
              72.86788,
              19.067268
            ],
            [
              72.867553,
              19.067051
            ],
            [
              72.867538,
              19.066902
            ],
            [
              72.867724,
              19.066812
            ],
            [
              72.867751,
              19.066826
            ],
            [
              72.867741,
              19.066809
            ],
            [
              72.867735,
              19.066785
            ],
            [
              72.867733,
              19.066763
            ],
            [
              72.867738,
              19.066718
            ],
            [
              72.86754,
              19.066406
            ],
            [
              72.8675,
              19.066395
            ],
            [
              72.867461,
              19.066364
            ],
            [
              72.867437,
              19.066321
            ],
            [
              72.867433,
              19.066273
            ],
            [
              72.867448,
              19.066226
            ],
            [
              72.867481,
              19.066189
            ],
            [
              72.867526,
              19.066167
            ],
            [
              72.867577,
              19.066162
            ],
            [
              72.867626,
              19.066177
            ],
            [
              72.867666,
              19.066208
            ],
            [
              72.86769,
              19.066251
            ],
            [
              72.867694,
              19.066299
            ],
            [
              72.867685,
              19.066327
            ],
            [
              72.867882,
              19.066635
            ],
            [
              72.867902,
              19.066638
            ],
            [
              72.867947,
              19.066661
            ],
            [
              72.867978,
              19.066699
            ],
            [
              72.867982,
              19.066713
            ]
          ]
        ]
      },
      "properties": {
        "ulpin": "27-BKC-1012-F10-U1001",
        "building_id": "BKC-BLDG-1012",
        "building_name": "BKC Block 13",
        "floor": 10,
        "total_floors": 15,
        "base_height": 31.5,
        "height": 35.0,
        "owner": "Neha Gupta",
        "tax_status": "Paid",
        "tax_color": "#2ECC71",
        "default_color": "#3A3A3A",
        "land_type": "Residential"
      }
    },
    {
      "type": "Feature",
      "geometry": {
        "type": "Polygon",
        "coordinates": [
          [
            [
              72.867982,
              19.066713
            ],
            [
              72.868337,
              19.066897
            ],
            [
              72.86835,
              19.066892
            ],
            [
              72.868403,
              19.066892
            ],
            [
              72.868452,
              19.066912
            ],
            [
              72.868489,
              19.066948
            ],
            [
              72.868509,
              19.066994
            ],
            [
              72.868509,
              19.067044
            ],
            [
              72.868488,
              19.06709
            ],
            [
              72.86845,
              19.067126
            ],
            [
              72.868401,
              19.067144
            ],
            [
              72.868348,
              19.067144
            ],
            [
              72.868299,
              19.067124
            ],
            [
              72.868262,
              19.067089
            ],
            [
              72.868242,
              19.067042
            ],
            [
              72.868242,
              19.067021
            ],
            [
              72.8681,
              19.066947
            ],
            [
              72.868076,
              19.06698
            ],
            [
              72.868088,
              19.066988
            ],
            [
              72.86788,
              19.067268
            ],
            [
              72.867553,
              19.067051
            ],
            [
              72.867538,
              19.066902
            ],
            [
              72.867724,
              19.066812
            ],
            [
              72.867751,
              19.066826
            ],
            [
              72.867741,
              19.066809
            ],
            [
              72.867735,
              19.066785
            ],
            [
              72.867733,
              19.066763
            ],
            [
              72.867738,
              19.066718
            ],
            [
              72.86754,
              19.066406
            ],
            [
              72.8675,
              19.066395
            ],
            [
              72.867461,
              19.066364
            ],
            [
              72.867437,
              19.066321
            ],
            [
              72.867433,
              19.066273
            ],
            [
              72.867448,
              19.066226
            ],
            [
              72.867481,
              19.066189
            ],
            [
              72.867526,
              19.066167
            ],
            [
              72.867577,
              19.066162
            ],
            [
              72.867626,
              19.066177
            ],
            [
              72.867666,
              19.066208
            ],
            [
              72.86769,
              19.066251
            ],
            [
              72.867694,
              19.066299
            ],
            [
              72.867685,
              19.066327
            ],
            [
              72.867882,
              19.066635
            ],
            [
              72.867902,
              19.066638
            ],
            [
              72.867947,
              19.066661
            ],
            [
              72.867978,
              19.066699
            ],
            [
              72.867982,
              19.066713
            ]
          ]
        ]
      },
      "properties": {
        "ulpin": "27-BKC-1012-F11-U1101",
        "building_id": "BKC-BLDG-1012",
        "building_name": "BKC Block 13",
        "floor": 11,
        "total_floors": 15,
        "base_height": 35.0,
        "height": 38.5,
        "owner": "Neha Gupta",
        "tax_status": "Default",
        "tax_color": "#E74C3C",
        "default_color": "#3A3A3A",
        "land_type": "Residential"
      }
    },
    {
      "type": "Feature",
      "geometry": {
        "type": "Polygon",
        "coordinates": [
          [
            [
              72.867982,
              19.066713
            ],
            [
              72.868337,
              19.066897
            ],
            [
              72.86835,
              19.066892
            ],
            [
              72.868403,
              19.066892
            ],
            [
              72.868452,
              19.066912
            ],
            [
              72.868489,
              19.066948
            ],
            [
              72.868509,
              19.066994
            ],
            [
              72.868509,
              19.067044
            ],
            [
              72.868488,
              19.06709
            ],
            [
              72.86845,
              19.067126
            ],
            [
              72.868401,
              19.067144
            ],
            [
              72.868348,
              19.067144
            ],
            [
              72.868299,
              19.067124
            ],
            [
              72.868262,
              19.067089
            ],
            [
              72.868242,
              19.067042
            ],
            [
              72.868242,
              19.067021
            ],
            [
              72.8681,
              19.066947
            ],
            [
              72.868076,
              19.06698
            ],
            [
              72.868088,
              19.066988
            ],
            [
              72.86788,
              19.067268
            ],
            [
              72.867553,
              19.067051
            ],
            [
              72.867538,
              19.066902
            ],
            [
              72.867724,
              19.066812
            ],
            [
              72.867751,
              19.066826
            ],
            [
              72.867741,
              19.066809
            ],
            [
              72.867735,
              19.066785
            ],
            [
              72.867733,
              19.066763
            ],
            [
              72.867738,
              19.066718
            ],
            [
              72.86754,
              19.066406
            ],
            [
              72.8675,
              19.066395
            ],
            [
              72.867461,
              19.066364
            ],
            [
              72.867437,
              19.066321
            ],
            [
              72.867433,
              19.066273
            ],
            [
              72.867448,
              19.066226
            ],
            [
              72.867481,
              19.066189
            ],
            [
              72.867526,
              19.066167
            ],
            [
              72.867577,
              19.066162
            ],
            [
              72.867626,
              19.066177
            ],
            [
              72.867666,
              19.066208
            ],
            [
              72.86769,
              19.066251
            ],
            [
              72.867694,
              19.066299
            ],
            [
              72.867685,
              19.066327
            ],
            [
              72.867882,
              19.066635
            ],
            [
              72.867902,
              19.066638
            ],
            [
              72.867947,
              19.066661
            ],
            [
              72.867978,
              19.066699
            ],
            [
              72.867982,
              19.066713
            ]
          ]
        ]
      },
      "properties": {
        "ulpin": "27-BKC-1012-F12-U1201",
        "building_id": "BKC-BLDG-1012",
        "building_name": "BKC Block 13",
        "floor": 12,
        "total_floors": 15,
        "base_height": 38.5,
        "height": 42.0,
        "owner": "Ramesh Sharma",
        "tax_status": "Paid",
        "tax_color": "#2ECC71",
        "default_color": "#3A3A3A",
        "land_type": "Residential"
      }
    },
    {
      "type": "Feature",
      "geometry": {
        "type": "Polygon",
        "coordinates": [
          [
            [
              72.867982,
              19.066713
            ],
            [
              72.868337,
              19.066897
            ],
            [
              72.86835,
              19.066892
            ],
            [
              72.868403,
              19.066892
            ],
            [
              72.868452,
              19.066912
            ],
            [
              72.868489,
              19.066948
            ],
            [
              72.868509,
              19.066994
            ],
            [
              72.868509,
              19.067044
            ],
            [
              72.868488,
              19.06709
            ],
            [
              72.86845,
              19.067126
            ],
            [
              72.868401,
              19.067144
            ],
            [
              72.868348,
              19.067144
            ],
            [
              72.868299,
              19.067124
            ],
            [
              72.868262,
              19.067089
            ],
            [
              72.868242,
              19.067042
            ],
            [
              72.868242,
              19.067021
            ],
            [
              72.8681,
              19.066947
            ],
            [
              72.868076,
              19.06698
            ],
            [
              72.868088,
              19.066988
            ],
            [
              72.86788,
              19.067268
            ],
            [
              72.867553,
              19.067051
            ],
            [
              72.867538,
              19.066902
            ],
            [
              72.867724,
              19.066812
            ],
            [
              72.867751,
              19.066826
            ],
            [
              72.867741,
              19.066809
            ],
            [
              72.867735,
              19.066785
            ],
            [
              72.867733,
              19.066763
            ],
            [
              72.867738,
              19.066718
            ],
            [
              72.86754,
              19.066406
            ],
            [
              72.8675,
              19.066395
            ],
            [
              72.867461,
              19.066364
            ],
            [
              72.867437,
              19.066321
            ],
            [
              72.867433,
              19.066273
            ],
            [
              72.867448,
              19.066226
            ],
            [
              72.867481,
              19.066189
            ],
            [
              72.867526,
              19.066167
            ],
            [
              72.867577,
              19.066162
            ],
            [
              72.867626,
              19.066177
            ],
            [
              72.867666,
              19.066208
            ],
            [
              72.86769,
              19.066251
            ],
            [
              72.867694,
              19.066299
            ],
            [
              72.867685,
              19.066327
            ],
            [
              72.867882,
              19.066635
            ],
            [
              72.867902,
              19.066638
            ],
            [
              72.867947,
              19.066661
            ],
            [
              72.867978,
              19.066699
            ],
            [
              72.867982,
              19.066713
            ]
          ]
        ]
      },
      "properties": {
        "ulpin": "27-BKC-1012-F13-U1301",
        "building_id": "BKC-BLDG-1012",
        "building_name": "BKC Block 13",
        "floor": 13,
        "total_floors": 15,
        "base_height": 42.0,
        "height": 45.5,
        "owner": "Priya Patel",
        "tax_status": "Paid",
        "tax_color": "#2ECC71",
        "default_color": "#3A3A3A",
        "land_type": "Residential"
      }
    },
    {
      "type": "Feature",
      "geometry": {
        "type": "Polygon",
        "coordinates": [
          [
            [
              72.867982,
              19.066713
            ],
            [
              72.868337,
              19.066897
            ],
            [
              72.86835,
              19.066892
            ],
            [
              72.868403,
              19.066892
            ],
            [
              72.868452,
              19.066912
            ],
            [
              72.868489,
              19.066948
            ],
            [
              72.868509,
              19.066994
            ],
            [
              72.868509,
              19.067044
            ],
            [
              72.868488,
              19.06709
            ],
            [
              72.86845,
              19.067126
            ],
            [
              72.868401,
              19.067144
            ],
            [
              72.868348,
              19.067144
            ],
            [
              72.868299,
              19.067124
            ],
            [
              72.868262,
              19.067089
            ],
            [
              72.868242,
              19.067042
            ],
            [
              72.868242,
              19.067021
            ],
            [
              72.8681,
              19.066947
            ],
            [
              72.868076,
              19.06698
            ],
            [
              72.868088,
              19.066988
            ],
            [
              72.86788,
              19.067268
            ],
            [
              72.867553,
              19.067051
            ],
            [
              72.867538,
              19.066902
            ],
            [
              72.867724,
              19.066812
            ],
            [
              72.867751,
              19.066826
            ],
            [
              72.867741,
              19.066809
            ],
            [
              72.867735,
              19.066785
            ],
            [
              72.867733,
              19.066763
            ],
            [
              72.867738,
              19.066718
            ],
            [
              72.86754,
              19.066406
            ],
            [
              72.8675,
              19.066395
            ],
            [
              72.867461,
              19.066364
            ],
            [
              72.867437,
              19.066321
            ],
            [
              72.867433,
              19.066273
            ],
            [
              72.867448,
              19.066226
            ],
            [
              72.867481,
              19.066189
            ],
            [
              72.867526,
              19.066167
            ],
            [
              72.867577,
              19.066162
            ],
            [
              72.867626,
              19.066177
            ],
            [
              72.867666,
              19.066208
            ],
            [
              72.86769,
              19.066251
            ],
            [
              72.867694,
              19.066299
            ],
            [
              72.867685,
              19.066327
            ],
            [
              72.867882,
              19.066635
            ],
            [
              72.867902,
              19.066638
            ],
            [
              72.867947,
              19.066661
            ],
            [
              72.867978,
              19.066699
            ],
            [
              72.867982,
              19.066713
            ]
          ]
        ]
      },
      "properties": {
        "ulpin": "27-BKC-1012-F14-U1401",
        "building_id": "BKC-BLDG-1012",
        "building_name": "BKC Block 13",
        "floor": 14,
        "total_floors": 15,
        "base_height": 45.5,
        "height": 49.0,
        "owner": "Amit Verma",
        "tax_status": "Paid",
        "tax_color": "#2ECC71",
        "default_color": "#3A3A3A",
        "land_type": "Residential"
      }
    },
    {
      "type": "Feature",
      "geometry": {
        "type": "Polygon",
        "coordinates": [
          [
            [
              72.867982,
              19.066713
            ],
            [
              72.868337,
              19.066897
            ],
            [
              72.86835,
              19.066892
            ],
            [
              72.868403,
              19.066892
            ],
            [
              72.868452,
              19.066912
            ],
            [
              72.868489,
              19.066948
            ],
            [
              72.868509,
              19.066994
            ],
            [
              72.868509,
              19.067044
            ],
            [
              72.868488,
              19.06709
            ],
            [
              72.86845,
              19.067126
            ],
            [
              72.868401,
              19.067144
            ],
            [
              72.868348,
              19.067144
            ],
            [
              72.868299,
              19.067124
            ],
            [
              72.868262,
              19.067089
            ],
            [
              72.868242,
              19.067042
            ],
            [
              72.868242,
              19.067021
            ],
            [
              72.8681,
              19.066947
            ],
            [
              72.868076,
              19.06698
            ],
            [
              72.868088,
              19.066988
            ],
            [
              72.86788,
              19.067268
            ],
            [
              72.867553,
              19.067051
            ],
            [
              72.867538,
              19.066902
            ],
            [
              72.867724,
              19.066812
            ],
            [
              72.867751,
              19.066826
            ],
            [
              72.867741,
              19.066809
            ],
            [
              72.867735,
              19.066785
            ],
            [
              72.867733,
              19.066763
            ],
            [
              72.867738,
              19.066718
            ],
            [
              72.86754,
              19.066406
            ],
            [
              72.8675,
              19.066395
            ],
            [
              72.867461,
              19.066364
            ],
            [
              72.867437,
              19.066321
            ],
            [
              72.867433,
              19.066273
            ],
            [
              72.867448,
              19.066226
            ],
            [
              72.867481,
              19.066189
            ],
            [
              72.867526,
              19.066167
            ],
            [
              72.867577,
              19.066162
            ],
            [
              72.867626,
              19.066177
            ],
            [
              72.867666,
              19.066208
            ],
            [
              72.86769,
              19.066251
            ],
            [
              72.867694,
              19.066299
            ],
            [
              72.867685,
              19.066327
            ],
            [
              72.867882,
              19.066635
            ],
            [
              72.867902,
              19.066638
            ],
            [
              72.867947,
              19.066661
            ],
            [
              72.867978,
              19.066699
            ],
            [
              72.867982,
              19.066713
            ]
          ]
        ]
      },
      "properties": {
        "ulpin": "27-BKC-1012-F15-U1501",
        "building_id": "BKC-BLDG-1012",
        "building_name": "BKC Block 13",
        "floor": 15,
        "total_floors": 15,
        "base_height": 49.0,
        "height": 52.5,
        "owner": "Neha Gupta",
        "tax_status": "Paid",
        "tax_color": "#2ECC71",
        "default_color": "#3A3A3A",
        "land_type": "Residential"
      }
    },
    {
      "type": "Feature",
      "geometry": {
        "type": "Polygon",
        "coordinates": [
          [
            [
              72.865537,
              19.059933
            ],
            [
              72.865012,
              19.059897
            ],
            [
              72.864739,
              19.059878
            ],
            [
              72.864762,
              19.059581
            ],
            [
              72.865055,
              19.059344
            ],
            [
              72.86558,
              19.05938
            ],
            [
              72.865537,
              19.059933
            ]
          ]
        ]
      },
      "properties": {
        "ulpin": "27-BKC-1013-F01-U101",
        "building_id": "BKC-BLDG-1013",
        "building_name": "BKC Block 14",
        "floor": 1,
        "total_floors": 11,
        "base_height": 0.0,
        "height": 3.5,
        "owner": "Ananya Roy",
        "tax_status": "Default",
        "tax_color": "#E74C3C",
        "default_color": "#3A3A3A",
        "land_type": "Commercial"
      }
    },
    {
      "type": "Feature",
      "geometry": {
        "type": "Polygon",
        "coordinates": [
          [
            [
              72.865537,
              19.059933
            ],
            [
              72.865012,
              19.059897
            ],
            [
              72.864739,
              19.059878
            ],
            [
              72.864762,
              19.059581
            ],
            [
              72.865055,
              19.059344
            ],
            [
              72.86558,
              19.05938
            ],
            [
              72.865537,
              19.059933
            ]
          ]
        ]
      },
      "properties": {
        "ulpin": "27-BKC-1013-F02-U201",
        "building_id": "BKC-BLDG-1013",
        "building_name": "BKC Block 14",
        "floor": 2,
        "total_floors": 11,
        "base_height": 3.5,
        "height": 7.0,
        "owner": "Rajesh Mehta",
        "tax_status": "Paid",
        "tax_color": "#2ECC71",
        "default_color": "#3A3A3A",
        "land_type": "Commercial"
      }
    },
    {
      "type": "Feature",
      "geometry": {
        "type": "Polygon",
        "coordinates": [
          [
            [
              72.865537,
              19.059933
            ],
            [
              72.865012,
              19.059897
            ],
            [
              72.864739,
              19.059878
            ],
            [
              72.864762,
              19.059581
            ],
            [
              72.865055,
              19.059344
            ],
            [
              72.86558,
              19.05938
            ],
            [
              72.865537,
              19.059933
            ]
          ]
        ]
      },
      "properties": {
        "ulpin": "27-BKC-1013-F03-U301",
        "building_id": "BKC-BLDG-1013",
        "building_name": "BKC Block 14",
        "floor": 3,
        "total_floors": 11,
        "base_height": 7.0,
        "height": 10.5,
        "owner": "Sunita Deshmukh",
        "tax_status": "Default",
        "tax_color": "#E74C3C",
        "default_color": "#3A3A3A",
        "land_type": "Commercial"
      }
    },
    {
      "type": "Feature",
      "geometry": {
        "type": "Polygon",
        "coordinates": [
          [
            [
              72.865537,
              19.059933
            ],
            [
              72.865012,
              19.059897
            ],
            [
              72.864739,
              19.059878
            ],
            [
              72.864762,
              19.059581
            ],
            [
              72.865055,
              19.059344
            ],
            [
              72.86558,
              19.05938
            ],
            [
              72.865537,
              19.059933
            ]
          ]
        ]
      },
      "properties": {
        "ulpin": "27-BKC-1013-F04-U401",
        "building_id": "BKC-BLDG-1013",
        "building_name": "BKC Block 14",
        "floor": 4,
        "total_floors": 11,
        "base_height": 10.5,
        "height": 14.0,
        "owner": "Vikram Shah",
        "tax_status": "Paid",
        "tax_color": "#2ECC71",
        "default_color": "#3A3A3A",
        "land_type": "Residential"
      }
    },
    {
      "type": "Feature",
      "geometry": {
        "type": "Polygon",
        "coordinates": [
          [
            [
              72.865537,
              19.059933
            ],
            [
              72.865012,
              19.059897
            ],
            [
              72.864739,
              19.059878
            ],
            [
              72.864762,
              19.059581
            ],
            [
              72.865055,
              19.059344
            ],
            [
              72.86558,
              19.05938
            ],
            [
              72.865537,
              19.059933
            ]
          ]
        ]
      },
      "properties": {
        "ulpin": "27-BKC-1013-F05-U501",
        "building_id": "BKC-BLDG-1013",
        "building_name": "BKC Block 14",
        "floor": 5,
        "total_floors": 11,
        "base_height": 14.0,
        "height": 17.5,
        "owner": "Priya Patel",
        "tax_status": "Paid",
        "tax_color": "#2ECC71",
        "default_color": "#3A3A3A",
        "land_type": "Residential"
      }
    },
    {
      "type": "Feature",
      "geometry": {
        "type": "Polygon",
        "coordinates": [
          [
            [
              72.865537,
              19.059933
            ],
            [
              72.865012,
              19.059897
            ],
            [
              72.864739,
              19.059878
            ],
            [
              72.864762,
              19.059581
            ],
            [
              72.865055,
              19.059344
            ],
            [
              72.86558,
              19.05938
            ],
            [
              72.865537,
              19.059933
            ]
          ]
        ]
      },
      "properties": {
        "ulpin": "27-BKC-1013-F06-U601",
        "building_id": "BKC-BLDG-1013",
        "building_name": "BKC Block 14",
        "floor": 6,
        "total_floors": 11,
        "base_height": 17.5,
        "height": 21.0,
        "owner": "Priya Patel",
        "tax_status": "Default",
        "tax_color": "#E74C3C",
        "default_color": "#3A3A3A",
        "land_type": "Residential"
      }
    },
    {
      "type": "Feature",
      "geometry": {
        "type": "Polygon",
        "coordinates": [
          [
            [
              72.865537,
              19.059933
            ],
            [
              72.865012,
              19.059897
            ],
            [
              72.864739,
              19.059878
            ],
            [
              72.864762,
              19.059581
            ],
            [
              72.865055,
              19.059344
            ],
            [
              72.86558,
              19.05938
            ],
            [
              72.865537,
              19.059933
            ]
          ]
        ]
      },
      "properties": {
        "ulpin": "27-BKC-1013-F07-U701",
        "building_id": "BKC-BLDG-1013",
        "building_name": "BKC Block 14",
        "floor": 7,
        "total_floors": 11,
        "base_height": 21.0,
        "height": 24.5,
        "owner": "Amit Verma",
        "tax_status": "Default",
        "tax_color": "#E74C3C",
        "default_color": "#3A3A3A",
        "land_type": "Residential"
      }
    },
    {
      "type": "Feature",
      "geometry": {
        "type": "Polygon",
        "coordinates": [
          [
            [
              72.865537,
              19.059933
            ],
            [
              72.865012,
              19.059897
            ],
            [
              72.864739,
              19.059878
            ],
            [
              72.864762,
              19.059581
            ],
            [
              72.865055,
              19.059344
            ],
            [
              72.86558,
              19.05938
            ],
            [
              72.865537,
              19.059933
            ]
          ]
        ]
      },
      "properties": {
        "ulpin": "27-BKC-1013-F08-U801",
        "building_id": "BKC-BLDG-1013",
        "building_name": "BKC Block 14",
        "floor": 8,
        "total_floors": 11,
        "base_height": 24.5,
        "height": 28.0,
        "owner": "Priya Patel",
        "tax_status": "Default",
        "tax_color": "#E74C3C",
        "default_color": "#3A3A3A",
        "land_type": "Residential"
      }
    },
    {
      "type": "Feature",
      "geometry": {
        "type": "Polygon",
        "coordinates": [
          [
            [
              72.865537,
              19.059933
            ],
            [
              72.865012,
              19.059897
            ],
            [
              72.864739,
              19.059878
            ],
            [
              72.864762,
              19.059581
            ],
            [
              72.865055,
              19.059344
            ],
            [
              72.86558,
              19.05938
            ],
            [
              72.865537,
              19.059933
            ]
          ]
        ]
      },
      "properties": {
        "ulpin": "27-BKC-1013-F09-U901",
        "building_id": "BKC-BLDG-1013",
        "building_name": "BKC Block 14",
        "floor": 9,
        "total_floors": 11,
        "base_height": 28.0,
        "height": 31.5,
        "owner": "Neha Gupta",
        "tax_status": "Paid",
        "tax_color": "#2ECC71",
        "default_color": "#3A3A3A",
        "land_type": "Residential"
      }
    },
    {
      "type": "Feature",
      "geometry": {
        "type": "Polygon",
        "coordinates": [
          [
            [
              72.865537,
              19.059933
            ],
            [
              72.865012,
              19.059897
            ],
            [
              72.864739,
              19.059878
            ],
            [
              72.864762,
              19.059581
            ],
            [
              72.865055,
              19.059344
            ],
            [
              72.86558,
              19.05938
            ],
            [
              72.865537,
              19.059933
            ]
          ]
        ]
      },
      "properties": {
        "ulpin": "27-BKC-1013-F10-U1001",
        "building_id": "BKC-BLDG-1013",
        "building_name": "BKC Block 14",
        "floor": 10,
        "total_floors": 11,
        "base_height": 31.5,
        "height": 35.0,
        "owner": "Amit Verma",
        "tax_status": "Paid",
        "tax_color": "#2ECC71",
        "default_color": "#3A3A3A",
        "land_type": "Residential"
      }
    },
    {
      "type": "Feature",
      "geometry": {
        "type": "Polygon",
        "coordinates": [
          [
            [
              72.865537,
              19.059933
            ],
            [
              72.865012,
              19.059897
            ],
            [
              72.864739,
              19.059878
            ],
            [
              72.864762,
              19.059581
            ],
            [
              72.865055,
              19.059344
            ],
            [
              72.86558,
              19.05938
            ],
            [
              72.865537,
              19.059933
            ]
          ]
        ]
      },
      "properties": {
        "ulpin": "27-BKC-1013-F11-U1101",
        "building_id": "BKC-BLDG-1013",
        "building_name": "BKC Block 14",
        "floor": 11,
        "total_floors": 11,
        "base_height": 35.0,
        "height": 38.5,
        "owner": "Rajesh Mehta",
        "tax_status": "Paid",
        "tax_color": "#2ECC71",
        "default_color": "#3A3A3A",
        "land_type": "Residential"
      }
    },
    {
      "type": "Feature",
      "geometry": {
        "type": "Polygon",
        "coordinates": [
          [
            [
              72.865824,
              19.060021
            ],
            [
              72.865755,
              19.059861
            ],
            [
              72.866085,
              19.059734
            ],
            [
              72.866056,
              19.059666
            ],
            [
              72.866146,
              19.059632
            ],
            [
              72.866207,
              19.059775
            ],
            [
              72.866231,
              19.059773
            ],
            [
              72.866257,
              19.059711
            ],
            [
              72.866323,
              19.059736
            ],
            [
              72.866295,
              19.059802
            ],
            [
              72.866456,
              19.059736
            ],
            [
              72.866628,
              19.060115
            ],
            [
              72.866691,
              19.06012
            ],
            [
              72.866656,
              19.060499
            ],
            [
              72.866358,
              19.060475
            ],
            [
              72.866382,
              19.060208
            ],
            [
              72.866284,
              19.059987
            ],
            [
              72.866228,
              19.060034
            ],
            [
              72.866146,
              19.060003
            ],
            [
              72.866133,
              19.059912
            ],
            [
              72.865925,
              19.059992
            ],
            [
              72.866139,
              19.060489
            ],
            [
              72.866003,
              19.060541
            ],
            [
              72.865784,
              19.060036
            ],
            [
              72.865824,
              19.060021
            ]
          ]
        ]
      },
      "properties": {
        "ulpin": "27-BKC-1014-F01-U101",
        "building_id": "BKC-BLDG-1014",
        "building_name": "Sharad Pawar Indoor Cricket Academy",
        "floor": 1,
        "total_floors": 15,
        "base_height": 0.0,
        "height": 3.5,
        "owner": "Rajesh Mehta",
        "tax_status": "Paid",
        "tax_color": "#2ECC71",
        "default_color": "#3A3A3A",
        "land_type": "Commercial"
      }
    },
    {
      "type": "Feature",
      "geometry": {
        "type": "Polygon",
        "coordinates": [
          [
            [
              72.865824,
              19.060021
            ],
            [
              72.865755,
              19.059861
            ],
            [
              72.866085,
              19.059734
            ],
            [
              72.866056,
              19.059666
            ],
            [
              72.866146,
              19.059632
            ],
            [
              72.866207,
              19.059775
            ],
            [
              72.866231,
              19.059773
            ],
            [
              72.866257,
              19.059711
            ],
            [
              72.866323,
              19.059736
            ],
            [
              72.866295,
              19.059802
            ],
            [
              72.866456,
              19.059736
            ],
            [
              72.866628,
              19.060115
            ],
            [
              72.866691,
              19.06012
            ],
            [
              72.866656,
              19.060499
            ],
            [
              72.866358,
              19.060475
            ],
            [
              72.866382,
              19.060208
            ],
            [
              72.866284,
              19.059987
            ],
            [
              72.866228,
              19.060034
            ],
            [
              72.866146,
              19.060003
            ],
            [
              72.866133,
              19.059912
            ],
            [
              72.865925,
              19.059992
            ],
            [
              72.866139,
              19.060489
            ],
            [
              72.866003,
              19.060541
            ],
            [
              72.865784,
              19.060036
            ],
            [
              72.865824,
              19.060021
            ]
          ]
        ]
      },
      "properties": {
        "ulpin": "27-BKC-1014-F02-U201",
        "building_id": "BKC-BLDG-1014",
        "building_name": "Sharad Pawar Indoor Cricket Academy",
        "floor": 2,
        "total_floors": 15,
        "base_height": 3.5,
        "height": 7.0,
        "owner": "Sunita Deshmukh",
        "tax_status": "Default",
        "tax_color": "#E74C3C",
        "default_color": "#3A3A3A",
        "land_type": "Commercial"
      }
    },
    {
      "type": "Feature",
      "geometry": {
        "type": "Polygon",
        "coordinates": [
          [
            [
              72.865824,
              19.060021
            ],
            [
              72.865755,
              19.059861
            ],
            [
              72.866085,
              19.059734
            ],
            [
              72.866056,
              19.059666
            ],
            [
              72.866146,
              19.059632
            ],
            [
              72.866207,
              19.059775
            ],
            [
              72.866231,
              19.059773
            ],
            [
              72.866257,
              19.059711
            ],
            [
              72.866323,
              19.059736
            ],
            [
              72.866295,
              19.059802
            ],
            [
              72.866456,
              19.059736
            ],
            [
              72.866628,
              19.060115
            ],
            [
              72.866691,
              19.06012
            ],
            [
              72.866656,
              19.060499
            ],
            [
              72.866358,
              19.060475
            ],
            [
              72.866382,
              19.060208
            ],
            [
              72.866284,
              19.059987
            ],
            [
              72.866228,
              19.060034
            ],
            [
              72.866146,
              19.060003
            ],
            [
              72.866133,
              19.059912
            ],
            [
              72.865925,
              19.059992
            ],
            [
              72.866139,
              19.060489
            ],
            [
              72.866003,
              19.060541
            ],
            [
              72.865784,
              19.060036
            ],
            [
              72.865824,
              19.060021
            ]
          ]
        ]
      },
      "properties": {
        "ulpin": "27-BKC-1014-F03-U301",
        "building_id": "BKC-BLDG-1014",
        "building_name": "Sharad Pawar Indoor Cricket Academy",
        "floor": 3,
        "total_floors": 15,
        "base_height": 7.0,
        "height": 10.5,
        "owner": "Rajesh Mehta",
        "tax_status": "Default",
        "tax_color": "#E74C3C",
        "default_color": "#3A3A3A",
        "land_type": "Commercial"
      }
    },
    {
      "type": "Feature",
      "geometry": {
        "type": "Polygon",
        "coordinates": [
          [
            [
              72.865824,
              19.060021
            ],
            [
              72.865755,
              19.059861
            ],
            [
              72.866085,
              19.059734
            ],
            [
              72.866056,
              19.059666
            ],
            [
              72.866146,
              19.059632
            ],
            [
              72.866207,
              19.059775
            ],
            [
              72.866231,
              19.059773
            ],
            [
              72.866257,
              19.059711
            ],
            [
              72.866323,
              19.059736
            ],
            [
              72.866295,
              19.059802
            ],
            [
              72.866456,
              19.059736
            ],
            [
              72.866628,
              19.060115
            ],
            [
              72.866691,
              19.06012
            ],
            [
              72.866656,
              19.060499
            ],
            [
              72.866358,
              19.060475
            ],
            [
              72.866382,
              19.060208
            ],
            [
              72.866284,
              19.059987
            ],
            [
              72.866228,
              19.060034
            ],
            [
              72.866146,
              19.060003
            ],
            [
              72.866133,
              19.059912
            ],
            [
              72.865925,
              19.059992
            ],
            [
              72.866139,
              19.060489
            ],
            [
              72.866003,
              19.060541
            ],
            [
              72.865784,
              19.060036
            ],
            [
              72.865824,
              19.060021
            ]
          ]
        ]
      },
      "properties": {
        "ulpin": "27-BKC-1014-F04-U401",
        "building_id": "BKC-BLDG-1014",
        "building_name": "Sharad Pawar Indoor Cricket Academy",
        "floor": 4,
        "total_floors": 15,
        "base_height": 10.5,
        "height": 14.0,
        "owner": "Ananya Roy",
        "tax_status": "Paid",
        "tax_color": "#2ECC71",
        "default_color": "#3A3A3A",
        "land_type": "Residential"
      }
    },
    {
      "type": "Feature",
      "geometry": {
        "type": "Polygon",
        "coordinates": [
          [
            [
              72.865824,
              19.060021
            ],
            [
              72.865755,
              19.059861
            ],
            [
              72.866085,
              19.059734
            ],
            [
              72.866056,
              19.059666
            ],
            [
              72.866146,
              19.059632
            ],
            [
              72.866207,
              19.059775
            ],
            [
              72.866231,
              19.059773
            ],
            [
              72.866257,
              19.059711
            ],
            [
              72.866323,
              19.059736
            ],
            [
              72.866295,
              19.059802
            ],
            [
              72.866456,
              19.059736
            ],
            [
              72.866628,
              19.060115
            ],
            [
              72.866691,
              19.06012
            ],
            [
              72.866656,
              19.060499
            ],
            [
              72.866358,
              19.060475
            ],
            [
              72.866382,
              19.060208
            ],
            [
              72.866284,
              19.059987
            ],
            [
              72.866228,
              19.060034
            ],
            [
              72.866146,
              19.060003
            ],
            [
              72.866133,
              19.059912
            ],
            [
              72.865925,
              19.059992
            ],
            [
              72.866139,
              19.060489
            ],
            [
              72.866003,
              19.060541
            ],
            [
              72.865784,
              19.060036
            ],
            [
              72.865824,
              19.060021
            ]
          ]
        ]
      },
      "properties": {
        "ulpin": "27-BKC-1014-F05-U501",
        "building_id": "BKC-BLDG-1014",
        "building_name": "Sharad Pawar Indoor Cricket Academy",
        "floor": 5,
        "total_floors": 15,
        "base_height": 14.0,
        "height": 17.5,
        "owner": "Neha Gupta",
        "tax_status": "Paid",
        "tax_color": "#2ECC71",
        "default_color": "#3A3A3A",
        "land_type": "Residential"
      }
    },
    {
      "type": "Feature",
      "geometry": {
        "type": "Polygon",
        "coordinates": [
          [
            [
              72.865824,
              19.060021
            ],
            [
              72.865755,
              19.059861
            ],
            [
              72.866085,
              19.059734
            ],
            [
              72.866056,
              19.059666
            ],
            [
              72.866146,
              19.059632
            ],
            [
              72.866207,
              19.059775
            ],
            [
              72.866231,
              19.059773
            ],
            [
              72.866257,
              19.059711
            ],
            [
              72.866323,
              19.059736
            ],
            [
              72.866295,
              19.059802
            ],
            [
              72.866456,
              19.059736
            ],
            [
              72.866628,
              19.060115
            ],
            [
              72.866691,
              19.06012
            ],
            [
              72.866656,
              19.060499
            ],
            [
              72.866358,
              19.060475
            ],
            [
              72.866382,
              19.060208
            ],
            [
              72.866284,
              19.059987
            ],
            [
              72.866228,
              19.060034
            ],
            [
              72.866146,
              19.060003
            ],
            [
              72.866133,
              19.059912
            ],
            [
              72.865925,
              19.059992
            ],
            [
              72.866139,
              19.060489
            ],
            [
              72.866003,
              19.060541
            ],
            [
              72.865784,
              19.060036
            ],
            [
              72.865824,
              19.060021
            ]
          ]
        ]
      },
      "properties": {
        "ulpin": "27-BKC-1014-F06-U601",
        "building_id": "BKC-BLDG-1014",
        "building_name": "Sharad Pawar Indoor Cricket Academy",
        "floor": 6,
        "total_floors": 15,
        "base_height": 17.5,
        "height": 21.0,
        "owner": "Neha Gupta",
        "tax_status": "Paid",
        "tax_color": "#2ECC71",
        "default_color": "#3A3A3A",
        "land_type": "Residential"
      }
    },
    {
      "type": "Feature",
      "geometry": {
        "type": "Polygon",
        "coordinates": [
          [
            [
              72.865824,
              19.060021
            ],
            [
              72.865755,
              19.059861
            ],
            [
              72.866085,
              19.059734
            ],
            [
              72.866056,
              19.059666
            ],
            [
              72.866146,
              19.059632
            ],
            [
              72.866207,
              19.059775
            ],
            [
              72.866231,
              19.059773
            ],
            [
              72.866257,
              19.059711
            ],
            [
              72.866323,
              19.059736
            ],
            [
              72.866295,
              19.059802
            ],
            [
              72.866456,
              19.059736
            ],
            [
              72.866628,
              19.060115
            ],
            [
              72.866691,
              19.06012
            ],
            [
              72.866656,
              19.060499
            ],
            [
              72.866358,
              19.060475
            ],
            [
              72.866382,
              19.060208
            ],
            [
              72.866284,
              19.059987
            ],
            [
              72.866228,
              19.060034
            ],
            [
              72.866146,
              19.060003
            ],
            [
              72.866133,
              19.059912
            ],
            [
              72.865925,
              19.059992
            ],
            [
              72.866139,
              19.060489
            ],
            [
              72.866003,
              19.060541
            ],
            [
              72.865784,
              19.060036
            ],
            [
              72.865824,
              19.060021
            ]
          ]
        ]
      },
      "properties": {
        "ulpin": "27-BKC-1014-F07-U701",
        "building_id": "BKC-BLDG-1014",
        "building_name": "Sharad Pawar Indoor Cricket Academy",
        "floor": 7,
        "total_floors": 15,
        "base_height": 21.0,
        "height": 24.5,
        "owner": "Ramesh Sharma",
        "tax_status": "Paid",
        "tax_color": "#2ECC71",
        "default_color": "#3A3A3A",
        "land_type": "Residential"
      }
    },
    {
      "type": "Feature",
      "geometry": {
        "type": "Polygon",
        "coordinates": [
          [
            [
              72.865824,
              19.060021
            ],
            [
              72.865755,
              19.059861
            ],
            [
              72.866085,
              19.059734
            ],
            [
              72.866056,
              19.059666
            ],
            [
              72.866146,
              19.059632
            ],
            [
              72.866207,
              19.059775
            ],
            [
              72.866231,
              19.059773
            ],
            [
              72.866257,
              19.059711
            ],
            [
              72.866323,
              19.059736
            ],
            [
              72.866295,
              19.059802
            ],
            [
              72.866456,
              19.059736
            ],
            [
              72.866628,
              19.060115
            ],
            [
              72.866691,
              19.06012
            ],
            [
              72.866656,
              19.060499
            ],
            [
              72.866358,
              19.060475
            ],
            [
              72.866382,
              19.060208
            ],
            [
              72.866284,
              19.059987
            ],
            [
              72.866228,
              19.060034
            ],
            [
              72.866146,
              19.060003
            ],
            [
              72.866133,
              19.059912
            ],
            [
              72.865925,
              19.059992
            ],
            [
              72.866139,
              19.060489
            ],
            [
              72.866003,
              19.060541
            ],
            [
              72.865784,
              19.060036
            ],
            [
              72.865824,
              19.060021
            ]
          ]
        ]
      },
      "properties": {
        "ulpin": "27-BKC-1014-F08-U801",
        "building_id": "BKC-BLDG-1014",
        "building_name": "Sharad Pawar Indoor Cricket Academy",
        "floor": 8,
        "total_floors": 15,
        "base_height": 24.5,
        "height": 28.0,
        "owner": "Vikram Shah",
        "tax_status": "Paid",
        "tax_color": "#2ECC71",
        "default_color": "#3A3A3A",
        "land_type": "Residential"
      }
    },
    {
      "type": "Feature",
      "geometry": {
        "type": "Polygon",
        "coordinates": [
          [
            [
              72.865824,
              19.060021
            ],
            [
              72.865755,
              19.059861
            ],
            [
              72.866085,
              19.059734
            ],
            [
              72.866056,
              19.059666
            ],
            [
              72.866146,
              19.059632
            ],
            [
              72.866207,
              19.059775
            ],
            [
              72.866231,
              19.059773
            ],
            [
              72.866257,
              19.059711
            ],
            [
              72.866323,
              19.059736
            ],
            [
              72.866295,
              19.059802
            ],
            [
              72.866456,
              19.059736
            ],
            [
              72.866628,
              19.060115
            ],
            [
              72.866691,
              19.06012
            ],
            [
              72.866656,
              19.060499
            ],
            [
              72.866358,
              19.060475
            ],
            [
              72.866382,
              19.060208
            ],
            [
              72.866284,
              19.059987
            ],
            [
              72.866228,
              19.060034
            ],
            [
              72.866146,
              19.060003
            ],
            [
              72.866133,
              19.059912
            ],
            [
              72.865925,
              19.059992
            ],
            [
              72.866139,
              19.060489
            ],
            [
              72.866003,
              19.060541
            ],
            [
              72.865784,
              19.060036
            ],
            [
              72.865824,
              19.060021
            ]
          ]
        ]
      },
      "properties": {
        "ulpin": "27-BKC-1014-F09-U901",
        "building_id": "BKC-BLDG-1014",
        "building_name": "Sharad Pawar Indoor Cricket Academy",
        "floor": 9,
        "total_floors": 15,
        "base_height": 28.0,
        "height": 31.5,
        "owner": "Priya Patel",
        "tax_status": "Paid",
        "tax_color": "#2ECC71",
        "default_color": "#3A3A3A",
        "land_type": "Residential"
      }
    },
    {
      "type": "Feature",
      "geometry": {
        "type": "Polygon",
        "coordinates": [
          [
            [
              72.865824,
              19.060021
            ],
            [
              72.865755,
              19.059861
            ],
            [
              72.866085,
              19.059734
            ],
            [
              72.866056,
              19.059666
            ],
            [
              72.866146,
              19.059632
            ],
            [
              72.866207,
              19.059775
            ],
            [
              72.866231,
              19.059773
            ],
            [
              72.866257,
              19.059711
            ],
            [
              72.866323,
              19.059736
            ],
            [
              72.866295,
              19.059802
            ],
            [
              72.866456,
              19.059736
            ],
            [
              72.866628,
              19.060115
            ],
            [
              72.866691,
              19.06012
            ],
            [
              72.866656,
              19.060499
            ],
            [
              72.866358,
              19.060475
            ],
            [
              72.866382,
              19.060208
            ],
            [
              72.866284,
              19.059987
            ],
            [
              72.866228,
              19.060034
            ],
            [
              72.866146,
              19.060003
            ],
            [
              72.866133,
              19.059912
            ],
            [
              72.865925,
              19.059992
            ],
            [
              72.866139,
              19.060489
            ],
            [
              72.866003,
              19.060541
            ],
            [
              72.865784,
              19.060036
            ],
            [
              72.865824,
              19.060021
            ]
          ]
        ]
      },
      "properties": {
        "ulpin": "27-BKC-1014-F10-U1001",
        "building_id": "BKC-BLDG-1014",
        "building_name": "Sharad Pawar Indoor Cricket Academy",
        "floor": 10,
        "total_floors": 15,
        "base_height": 31.5,
        "height": 35.0,
        "owner": "Ananya Roy",
        "tax_status": "Default",
        "tax_color": "#E74C3C",
        "default_color": "#3A3A3A",
        "land_type": "Residential"
      }
    },
    {
      "type": "Feature",
      "geometry": {
        "type": "Polygon",
        "coordinates": [
          [
            [
              72.865824,
              19.060021
            ],
            [
              72.865755,
              19.059861
            ],
            [
              72.866085,
              19.059734
            ],
            [
              72.866056,
              19.059666
            ],
            [
              72.866146,
              19.059632
            ],
            [
              72.866207,
              19.059775
            ],
            [
              72.866231,
              19.059773
            ],
            [
              72.866257,
              19.059711
            ],
            [
              72.866323,
              19.059736
            ],
            [
              72.866295,
              19.059802
            ],
            [
              72.866456,
              19.059736
            ],
            [
              72.866628,
              19.060115
            ],
            [
              72.866691,
              19.06012
            ],
            [
              72.866656,
              19.060499
            ],
            [
              72.866358,
              19.060475
            ],
            [
              72.866382,
              19.060208
            ],
            [
              72.866284,
              19.059987
            ],
            [
              72.866228,
              19.060034
            ],
            [
              72.866146,
              19.060003
            ],
            [
              72.866133,
              19.059912
            ],
            [
              72.865925,
              19.059992
            ],
            [
              72.866139,
              19.060489
            ],
            [
              72.866003,
              19.060541
            ],
            [
              72.865784,
              19.060036
            ],
            [
              72.865824,
              19.060021
            ]
          ]
        ]
      },
      "properties": {
        "ulpin": "27-BKC-1014-F11-U1101",
        "building_id": "BKC-BLDG-1014",
        "building_name": "Sharad Pawar Indoor Cricket Academy",
        "floor": 11,
        "total_floors": 15,
        "base_height": 35.0,
        "height": 38.5,
        "owner": "Neha Gupta",
        "tax_status": "Paid",
        "tax_color": "#2ECC71",
        "default_color": "#3A3A3A",
        "land_type": "Residential"
      }
    },
    {
      "type": "Feature",
      "geometry": {
        "type": "Polygon",
        "coordinates": [
          [
            [
              72.865824,
              19.060021
            ],
            [
              72.865755,
              19.059861
            ],
            [
              72.866085,
              19.059734
            ],
            [
              72.866056,
              19.059666
            ],
            [
              72.866146,
              19.059632
            ],
            [
              72.866207,
              19.059775
            ],
            [
              72.866231,
              19.059773
            ],
            [
              72.866257,
              19.059711
            ],
            [
              72.866323,
              19.059736
            ],
            [
              72.866295,
              19.059802
            ],
            [
              72.866456,
              19.059736
            ],
            [
              72.866628,
              19.060115
            ],
            [
              72.866691,
              19.06012
            ],
            [
              72.866656,
              19.060499
            ],
            [
              72.866358,
              19.060475
            ],
            [
              72.866382,
              19.060208
            ],
            [
              72.866284,
              19.059987
            ],
            [
              72.866228,
              19.060034
            ],
            [
              72.866146,
              19.060003
            ],
            [
              72.866133,
              19.059912
            ],
            [
              72.865925,
              19.059992
            ],
            [
              72.866139,
              19.060489
            ],
            [
              72.866003,
              19.060541
            ],
            [
              72.865784,
              19.060036
            ],
            [
              72.865824,
              19.060021
            ]
          ]
        ]
      },
      "properties": {
        "ulpin": "27-BKC-1014-F12-U1201",
        "building_id": "BKC-BLDG-1014",
        "building_name": "Sharad Pawar Indoor Cricket Academy",
        "floor": 12,
        "total_floors": 15,
        "base_height": 38.5,
        "height": 42.0,
        "owner": "Ananya Roy",
        "tax_status": "Paid",
        "tax_color": "#2ECC71",
        "default_color": "#3A3A3A",
        "land_type": "Residential"
      }
    },
    {
      "type": "Feature",
      "geometry": {
        "type": "Polygon",
        "coordinates": [
          [
            [
              72.865824,
              19.060021
            ],
            [
              72.865755,
              19.059861
            ],
            [
              72.866085,
              19.059734
            ],
            [
              72.866056,
              19.059666
            ],
            [
              72.866146,
              19.059632
            ],
            [
              72.866207,
              19.059775
            ],
            [
              72.866231,
              19.059773
            ],
            [
              72.866257,
              19.059711
            ],
            [
              72.866323,
              19.059736
            ],
            [
              72.866295,
              19.059802
            ],
            [
              72.866456,
              19.059736
            ],
            [
              72.866628,
              19.060115
            ],
            [
              72.866691,
              19.06012
            ],
            [
              72.866656,
              19.060499
            ],
            [
              72.866358,
              19.060475
            ],
            [
              72.866382,
              19.060208
            ],
            [
              72.866284,
              19.059987
            ],
            [
              72.866228,
              19.060034
            ],
            [
              72.866146,
              19.060003
            ],
            [
              72.866133,
              19.059912
            ],
            [
              72.865925,
              19.059992
            ],
            [
              72.866139,
              19.060489
            ],
            [
              72.866003,
              19.060541
            ],
            [
              72.865784,
              19.060036
            ],
            [
              72.865824,
              19.060021
            ]
          ]
        ]
      },
      "properties": {
        "ulpin": "27-BKC-1014-F13-U1301",
        "building_id": "BKC-BLDG-1014",
        "building_name": "Sharad Pawar Indoor Cricket Academy",
        "floor": 13,
        "total_floors": 15,
        "base_height": 42.0,
        "height": 45.5,
        "owner": "Rajesh Mehta",
        "tax_status": "Paid",
        "tax_color": "#2ECC71",
        "default_color": "#3A3A3A",
        "land_type": "Residential"
      }
    },
    {
      "type": "Feature",
      "geometry": {
        "type": "Polygon",
        "coordinates": [
          [
            [
              72.865824,
              19.060021
            ],
            [
              72.865755,
              19.059861
            ],
            [
              72.866085,
              19.059734
            ],
            [
              72.866056,
              19.059666
            ],
            [
              72.866146,
              19.059632
            ],
            [
              72.866207,
              19.059775
            ],
            [
              72.866231,
              19.059773
            ],
            [
              72.866257,
              19.059711
            ],
            [
              72.866323,
              19.059736
            ],
            [
              72.866295,
              19.059802
            ],
            [
              72.866456,
              19.059736
            ],
            [
              72.866628,
              19.060115
            ],
            [
              72.866691,
              19.06012
            ],
            [
              72.866656,
              19.060499
            ],
            [
              72.866358,
              19.060475
            ],
            [
              72.866382,
              19.060208
            ],
            [
              72.866284,
              19.059987
            ],
            [
              72.866228,
              19.060034
            ],
            [
              72.866146,
              19.060003
            ],
            [
              72.866133,
              19.059912
            ],
            [
              72.865925,
              19.059992
            ],
            [
              72.866139,
              19.060489
            ],
            [
              72.866003,
              19.060541
            ],
            [
              72.865784,
              19.060036
            ],
            [
              72.865824,
              19.060021
            ]
          ]
        ]
      },
      "properties": {
        "ulpin": "27-BKC-1014-F14-U1401",
        "building_id": "BKC-BLDG-1014",
        "building_name": "Sharad Pawar Indoor Cricket Academy",
        "floor": 14,
        "total_floors": 15,
        "base_height": 45.5,
        "height": 49.0,
        "owner": "Priya Patel",
        "tax_status": "Paid",
        "tax_color": "#2ECC71",
        "default_color": "#3A3A3A",
        "land_type": "Residential"
      }
    },
    {
      "type": "Feature",
      "geometry": {
        "type": "Polygon",
        "coordinates": [
          [
            [
              72.865824,
              19.060021
            ],
            [
              72.865755,
              19.059861
            ],
            [
              72.866085,
              19.059734
            ],
            [
              72.866056,
              19.059666
            ],
            [
              72.866146,
              19.059632
            ],
            [
              72.866207,
              19.059775
            ],
            [
              72.866231,
              19.059773
            ],
            [
              72.866257,
              19.059711
            ],
            [
              72.866323,
              19.059736
            ],
            [
              72.866295,
              19.059802
            ],
            [
              72.866456,
              19.059736
            ],
            [
              72.866628,
              19.060115
            ],
            [
              72.866691,
              19.06012
            ],
            [
              72.866656,
              19.060499
            ],
            [
              72.866358,
              19.060475
            ],
            [
              72.866382,
              19.060208
            ],
            [
              72.866284,
              19.059987
            ],
            [
              72.866228,
              19.060034
            ],
            [
              72.866146,
              19.060003
            ],
            [
              72.866133,
              19.059912
            ],
            [
              72.865925,
              19.059992
            ],
            [
              72.866139,
              19.060489
            ],
            [
              72.866003,
              19.060541
            ],
            [
              72.865784,
              19.060036
            ],
            [
              72.865824,
              19.060021
            ]
          ]
        ]
      },
      "properties": {
        "ulpin": "27-BKC-1014-F15-U1501",
        "building_id": "BKC-BLDG-1014",
        "building_name": "Sharad Pawar Indoor Cricket Academy",
        "floor": 15,
        "total_floors": 15,
        "base_height": 49.0,
        "height": 52.5,
        "owner": "Amit Verma",
        "tax_status": "Default",
        "tax_color": "#E74C3C",
        "default_color": "#3A3A3A",
        "land_type": "Residential"
      }
    },
    {
      "type": "Feature",
      "geometry": {
        "type": "Polygon",
        "coordinates": [
          [
            [
              72.86085,
              19.059513
            ],
            [
              72.860877,
              19.059186
            ],
            [
              72.861192,
              19.059008
            ],
            [
              72.861806,
              19.059053
            ],
            [
              72.861773,
              19.059348
            ],
            [
              72.861497,
              19.059377
            ],
            [
              72.861338,
              19.059515
            ],
            [
              72.861193,
              19.059544
            ],
            [
              72.86085,
              19.059513
            ]
          ]
        ]
      },
      "properties": {
        "ulpin": "27-BKC-1015-F01-U101",
        "building_id": "BKC-BLDG-1015",
        "building_name": "Securities Exchange Board of India",
        "floor": 1,
        "total_floors": 14,
        "base_height": 0.0,
        "height": 3.5,
        "owner": "Ananya Roy",
        "tax_status": "Paid",
        "tax_color": "#2ECC71",
        "default_color": "#3A3A3A",
        "land_type": "Commercial"
      }
    },
    {
      "type": "Feature",
      "geometry": {
        "type": "Polygon",
        "coordinates": [
          [
            [
              72.86085,
              19.059513
            ],
            [
              72.860877,
              19.059186
            ],
            [
              72.861192,
              19.059008
            ],
            [
              72.861806,
              19.059053
            ],
            [
              72.861773,
              19.059348
            ],
            [
              72.861497,
              19.059377
            ],
            [
              72.861338,
              19.059515
            ],
            [
              72.861193,
              19.059544
            ],
            [
              72.86085,
              19.059513
            ]
          ]
        ]
      },
      "properties": {
        "ulpin": "27-BKC-1015-F02-U201",
        "building_id": "BKC-BLDG-1015",
        "building_name": "Securities Exchange Board of India",
        "floor": 2,
        "total_floors": 14,
        "base_height": 3.5,
        "height": 7.0,
        "owner": "Vikram Shah",
        "tax_status": "Default",
        "tax_color": "#E74C3C",
        "default_color": "#3A3A3A",
        "land_type": "Commercial"
      }
    },
    {
      "type": "Feature",
      "geometry": {
        "type": "Polygon",
        "coordinates": [
          [
            [
              72.86085,
              19.059513
            ],
            [
              72.860877,
              19.059186
            ],
            [
              72.861192,
              19.059008
            ],
            [
              72.861806,
              19.059053
            ],
            [
              72.861773,
              19.059348
            ],
            [
              72.861497,
              19.059377
            ],
            [
              72.861338,
              19.059515
            ],
            [
              72.861193,
              19.059544
            ],
            [
              72.86085,
              19.059513
            ]
          ]
        ]
      },
      "properties": {
        "ulpin": "27-BKC-1015-F03-U301",
        "building_id": "BKC-BLDG-1015",
        "building_name": "Securities Exchange Board of India",
        "floor": 3,
        "total_floors": 14,
        "base_height": 7.0,
        "height": 10.5,
        "owner": "Rajesh Mehta",
        "tax_status": "Default",
        "tax_color": "#E74C3C",
        "default_color": "#3A3A3A",
        "land_type": "Commercial"
      }
    },
    {
      "type": "Feature",
      "geometry": {
        "type": "Polygon",
        "coordinates": [
          [
            [
              72.86085,
              19.059513
            ],
            [
              72.860877,
              19.059186
            ],
            [
              72.861192,
              19.059008
            ],
            [
              72.861806,
              19.059053
            ],
            [
              72.861773,
              19.059348
            ],
            [
              72.861497,
              19.059377
            ],
            [
              72.861338,
              19.059515
            ],
            [
              72.861193,
              19.059544
            ],
            [
              72.86085,
              19.059513
            ]
          ]
        ]
      },
      "properties": {
        "ulpin": "27-BKC-1015-F04-U401",
        "building_id": "BKC-BLDG-1015",
        "building_name": "Securities Exchange Board of India",
        "floor": 4,
        "total_floors": 14,
        "base_height": 10.5,
        "height": 14.0,
        "owner": "Vikram Shah",
        "tax_status": "Paid",
        "tax_color": "#2ECC71",
        "default_color": "#3A3A3A",
        "land_type": "Residential"
      }
    },
    {
      "type": "Feature",
      "geometry": {
        "type": "Polygon",
        "coordinates": [
          [
            [
              72.86085,
              19.059513
            ],
            [
              72.860877,
              19.059186
            ],
            [
              72.861192,
              19.059008
            ],
            [
              72.861806,
              19.059053
            ],
            [
              72.861773,
              19.059348
            ],
            [
              72.861497,
              19.059377
            ],
            [
              72.861338,
              19.059515
            ],
            [
              72.861193,
              19.059544
            ],
            [
              72.86085,
              19.059513
            ]
          ]
        ]
      },
      "properties": {
        "ulpin": "27-BKC-1015-F05-U501",
        "building_id": "BKC-BLDG-1015",
        "building_name": "Securities Exchange Board of India",
        "floor": 5,
        "total_floors": 14,
        "base_height": 14.0,
        "height": 17.5,
        "owner": "Neha Gupta",
        "tax_status": "Paid",
        "tax_color": "#2ECC71",
        "default_color": "#3A3A3A",
        "land_type": "Residential"
      }
    },
    {
      "type": "Feature",
      "geometry": {
        "type": "Polygon",
        "coordinates": [
          [
            [
              72.86085,
              19.059513
            ],
            [
              72.860877,
              19.059186
            ],
            [
              72.861192,
              19.059008
            ],
            [
              72.861806,
              19.059053
            ],
            [
              72.861773,
              19.059348
            ],
            [
              72.861497,
              19.059377
            ],
            [
              72.861338,
              19.059515
            ],
            [
              72.861193,
              19.059544
            ],
            [
              72.86085,
              19.059513
            ]
          ]
        ]
      },
      "properties": {
        "ulpin": "27-BKC-1015-F06-U601",
        "building_id": "BKC-BLDG-1015",
        "building_name": "Securities Exchange Board of India",
        "floor": 6,
        "total_floors": 14,
        "base_height": 17.5,
        "height": 21.0,
        "owner": "Vikram Shah",
        "tax_status": "Paid",
        "tax_color": "#2ECC71",
        "default_color": "#3A3A3A",
        "land_type": "Residential"
      }
    },
    {
      "type": "Feature",
      "geometry": {
        "type": "Polygon",
        "coordinates": [
          [
            [
              72.86085,
              19.059513
            ],
            [
              72.860877,
              19.059186
            ],
            [
              72.861192,
              19.059008
            ],
            [
              72.861806,
              19.059053
            ],
            [
              72.861773,
              19.059348
            ],
            [
              72.861497,
              19.059377
            ],
            [
              72.861338,
              19.059515
            ],
            [
              72.861193,
              19.059544
            ],
            [
              72.86085,
              19.059513
            ]
          ]
        ]
      },
      "properties": {
        "ulpin": "27-BKC-1015-F07-U701",
        "building_id": "BKC-BLDG-1015",
        "building_name": "Securities Exchange Board of India",
        "floor": 7,
        "total_floors": 14,
        "base_height": 21.0,
        "height": 24.5,
        "owner": "Vikram Shah",
        "tax_status": "Paid",
        "tax_color": "#2ECC71",
        "default_color": "#3A3A3A",
        "land_type": "Residential"
      }
    },
    {
      "type": "Feature",
      "geometry": {
        "type": "Polygon",
        "coordinates": [
          [
            [
              72.86085,
              19.059513
            ],
            [
              72.860877,
              19.059186
            ],
            [
              72.861192,
              19.059008
            ],
            [
              72.861806,
              19.059053
            ],
            [
              72.861773,
              19.059348
            ],
            [
              72.861497,
              19.059377
            ],
            [
              72.861338,
              19.059515
            ],
            [
              72.861193,
              19.059544
            ],
            [
              72.86085,
              19.059513
            ]
          ]
        ]
      },
      "properties": {
        "ulpin": "27-BKC-1015-F08-U801",
        "building_id": "BKC-BLDG-1015",
        "building_name": "Securities Exchange Board of India",
        "floor": 8,
        "total_floors": 14,
        "base_height": 24.5,
        "height": 28.0,
        "owner": "Ramesh Sharma",
        "tax_status": "Paid",
        "tax_color": "#2ECC71",
        "default_color": "#3A3A3A",
        "land_type": "Residential"
      }
    },
    {
      "type": "Feature",
      "geometry": {
        "type": "Polygon",
        "coordinates": [
          [
            [
              72.86085,
              19.059513
            ],
            [
              72.860877,
              19.059186
            ],
            [
              72.861192,
              19.059008
            ],
            [
              72.861806,
              19.059053
            ],
            [
              72.861773,
              19.059348
            ],
            [
              72.861497,
              19.059377
            ],
            [
              72.861338,
              19.059515
            ],
            [
              72.861193,
              19.059544
            ],
            [
              72.86085,
              19.059513
            ]
          ]
        ]
      },
      "properties": {
        "ulpin": "27-BKC-1015-F09-U901",
        "building_id": "BKC-BLDG-1015",
        "building_name": "Securities Exchange Board of India",
        "floor": 9,
        "total_floors": 14,
        "base_height": 28.0,
        "height": 31.5,
        "owner": "Neha Gupta",
        "tax_status": "Paid",
        "tax_color": "#2ECC71",
        "default_color": "#3A3A3A",
        "land_type": "Residential"
      }
    },
    {
      "type": "Feature",
      "geometry": {
        "type": "Polygon",
        "coordinates": [
          [
            [
              72.86085,
              19.059513
            ],
            [
              72.860877,
              19.059186
            ],
            [
              72.861192,
              19.059008
            ],
            [
              72.861806,
              19.059053
            ],
            [
              72.861773,
              19.059348
            ],
            [
              72.861497,
              19.059377
            ],
            [
              72.861338,
              19.059515
            ],
            [
              72.861193,
              19.059544
            ],
            [
              72.86085,
              19.059513
            ]
          ]
        ]
      },
      "properties": {
        "ulpin": "27-BKC-1015-F10-U1001",
        "building_id": "BKC-BLDG-1015",
        "building_name": "Securities Exchange Board of India",
        "floor": 10,
        "total_floors": 14,
        "base_height": 31.5,
        "height": 35.0,
        "owner": "Amit Verma",
        "tax_status": "Paid",
        "tax_color": "#2ECC71",
        "default_color": "#3A3A3A",
        "land_type": "Residential"
      }
    },
    {
      "type": "Feature",
      "geometry": {
        "type": "Polygon",
        "coordinates": [
          [
            [
              72.86085,
              19.059513
            ],
            [
              72.860877,
              19.059186
            ],
            [
              72.861192,
              19.059008
            ],
            [
              72.861806,
              19.059053
            ],
            [
              72.861773,
              19.059348
            ],
            [
              72.861497,
              19.059377
            ],
            [
              72.861338,
              19.059515
            ],
            [
              72.861193,
              19.059544
            ],
            [
              72.86085,
              19.059513
            ]
          ]
        ]
      },
      "properties": {
        "ulpin": "27-BKC-1015-F11-U1101",
        "building_id": "BKC-BLDG-1015",
        "building_name": "Securities Exchange Board of India",
        "floor": 11,
        "total_floors": 14,
        "base_height": 35.0,
        "height": 38.5,
        "owner": "Vikram Shah",
        "tax_status": "Paid",
        "tax_color": "#2ECC71",
        "default_color": "#3A3A3A",
        "land_type": "Residential"
      }
    },
    {
      "type": "Feature",
      "geometry": {
        "type": "Polygon",
        "coordinates": [
          [
            [
              72.86085,
              19.059513
            ],
            [
              72.860877,
              19.059186
            ],
            [
              72.861192,
              19.059008
            ],
            [
              72.861806,
              19.059053
            ],
            [
              72.861773,
              19.059348
            ],
            [
              72.861497,
              19.059377
            ],
            [
              72.861338,
              19.059515
            ],
            [
              72.861193,
              19.059544
            ],
            [
              72.86085,
              19.059513
            ]
          ]
        ]
      },
      "properties": {
        "ulpin": "27-BKC-1015-F12-U1201",
        "building_id": "BKC-BLDG-1015",
        "building_name": "Securities Exchange Board of India",
        "floor": 12,
        "total_floors": 14,
        "base_height": 38.5,
        "height": 42.0,
        "owner": "Sunita Deshmukh",
        "tax_status": "Paid",
        "tax_color": "#2ECC71",
        "default_color": "#3A3A3A",
        "land_type": "Residential"
      }
    },
    {
      "type": "Feature",
      "geometry": {
        "type": "Polygon",
        "coordinates": [
          [
            [
              72.86085,
              19.059513
            ],
            [
              72.860877,
              19.059186
            ],
            [
              72.861192,
              19.059008
            ],
            [
              72.861806,
              19.059053
            ],
            [
              72.861773,
              19.059348
            ],
            [
              72.861497,
              19.059377
            ],
            [
              72.861338,
              19.059515
            ],
            [
              72.861193,
              19.059544
            ],
            [
              72.86085,
              19.059513
            ]
          ]
        ]
      },
      "properties": {
        "ulpin": "27-BKC-1015-F13-U1301",
        "building_id": "BKC-BLDG-1015",
        "building_name": "Securities Exchange Board of India",
        "floor": 13,
        "total_floors": 14,
        "base_height": 42.0,
        "height": 45.5,
        "owner": "Ramesh Sharma",
        "tax_status": "Default",
        "tax_color": "#E74C3C",
        "default_color": "#3A3A3A",
        "land_type": "Residential"
      }
    },
    {
      "type": "Feature",
      "geometry": {
        "type": "Polygon",
        "coordinates": [
          [
            [
              72.86085,
              19.059513
            ],
            [
              72.860877,
              19.059186
            ],
            [
              72.861192,
              19.059008
            ],
            [
              72.861806,
              19.059053
            ],
            [
              72.861773,
              19.059348
            ],
            [
              72.861497,
              19.059377
            ],
            [
              72.861338,
              19.059515
            ],
            [
              72.861193,
              19.059544
            ],
            [
              72.86085,
              19.059513
            ]
          ]
        ]
      },
      "properties": {
        "ulpin": "27-BKC-1015-F14-U1401",
        "building_id": "BKC-BLDG-1015",
        "building_name": "Securities Exchange Board of India",
        "floor": 14,
        "total_floors": 14,
        "base_height": 45.5,
        "height": 49.0,
        "owner": "Ananya Roy",
        "tax_status": "Paid",
        "tax_color": "#2ECC71",
        "default_color": "#3A3A3A",
        "land_type": "Residential"
      }
    },
    {
      "type": "Feature",
      "geometry": {
        "type": "Polygon",
        "coordinates": [
          [
            [
              72.861368,
              19.069126
            ],
            [
              72.862286,
              19.069228
            ],
            [
              72.862273,
              19.06933
            ],
            [
              72.862308,
              19.069334
            ],
            [
              72.86228,
              19.069559
            ],
            [
              72.862245,
              19.069555
            ],
            [
              72.86224,
              19.069599
            ],
            [
              72.861895,
              19.069561
            ],
            [
              72.861887,
              19.069606
            ],
            [
              72.861709,
              19.06961
            ],
            [
              72.861715,
              19.069563
            ],
            [
              72.861419,
              19.06953
            ],
            [
              72.861426,
              19.069472
            ],
            [
              72.861326,
              19.069461
            ],
            [
              72.861368,
              19.069126
            ]
          ]
        ]
      },
      "properties": {
        "ulpin": "27-BKC-1016-F01-U101",
        "building_id": "BKC-BLDG-1016",
        "building_name": "BKC Block 17",
        "floor": 1,
        "total_floors": 8,
        "base_height": 0.0,
        "height": 3.5,
        "owner": "Ananya Roy",
        "tax_status": "Paid",
        "tax_color": "#2ECC71",
        "default_color": "#3A3A3A",
        "land_type": "Commercial"
      }
    },
    {
      "type": "Feature",
      "geometry": {
        "type": "Polygon",
        "coordinates": [
          [
            [
              72.861368,
              19.069126
            ],
            [
              72.862286,
              19.069228
            ],
            [
              72.862273,
              19.06933
            ],
            [
              72.862308,
              19.069334
            ],
            [
              72.86228,
              19.069559
            ],
            [
              72.862245,
              19.069555
            ],
            [
              72.86224,
              19.069599
            ],
            [
              72.861895,
              19.069561
            ],
            [
              72.861887,
              19.069606
            ],
            [
              72.861709,
              19.06961
            ],
            [
              72.861715,
              19.069563
            ],
            [
              72.861419,
              19.06953
            ],
            [
              72.861426,
              19.069472
            ],
            [
              72.861326,
              19.069461
            ],
            [
              72.861368,
              19.069126
            ]
          ]
        ]
      },
      "properties": {
        "ulpin": "27-BKC-1016-F02-U201",
        "building_id": "BKC-BLDG-1016",
        "building_name": "BKC Block 17",
        "floor": 2,
        "total_floors": 8,
        "base_height": 3.5,
        "height": 7.0,
        "owner": "Neha Gupta",
        "tax_status": "Paid",
        "tax_color": "#2ECC71",
        "default_color": "#3A3A3A",
        "land_type": "Commercial"
      }
    },
    {
      "type": "Feature",
      "geometry": {
        "type": "Polygon",
        "coordinates": [
          [
            [
              72.861368,
              19.069126
            ],
            [
              72.862286,
              19.069228
            ],
            [
              72.862273,
              19.06933
            ],
            [
              72.862308,
              19.069334
            ],
            [
              72.86228,
              19.069559
            ],
            [
              72.862245,
              19.069555
            ],
            [
              72.86224,
              19.069599
            ],
            [
              72.861895,
              19.069561
            ],
            [
              72.861887,
              19.069606
            ],
            [
              72.861709,
              19.06961
            ],
            [
              72.861715,
              19.069563
            ],
            [
              72.861419,
              19.06953
            ],
            [
              72.861426,
              19.069472
            ],
            [
              72.861326,
              19.069461
            ],
            [
              72.861368,
              19.069126
            ]
          ]
        ]
      },
      "properties": {
        "ulpin": "27-BKC-1016-F03-U301",
        "building_id": "BKC-BLDG-1016",
        "building_name": "BKC Block 17",
        "floor": 3,
        "total_floors": 8,
        "base_height": 7.0,
        "height": 10.5,
        "owner": "Neha Gupta",
        "tax_status": "Paid",
        "tax_color": "#2ECC71",
        "default_color": "#3A3A3A",
        "land_type": "Commercial"
      }
    },
    {
      "type": "Feature",
      "geometry": {
        "type": "Polygon",
        "coordinates": [
          [
            [
              72.861368,
              19.069126
            ],
            [
              72.862286,
              19.069228
            ],
            [
              72.862273,
              19.06933
            ],
            [
              72.862308,
              19.069334
            ],
            [
              72.86228,
              19.069559
            ],
            [
              72.862245,
              19.069555
            ],
            [
              72.86224,
              19.069599
            ],
            [
              72.861895,
              19.069561
            ],
            [
              72.861887,
              19.069606
            ],
            [
              72.861709,
              19.06961
            ],
            [
              72.861715,
              19.069563
            ],
            [
              72.861419,
              19.06953
            ],
            [
              72.861426,
              19.069472
            ],
            [
              72.861326,
              19.069461
            ],
            [
              72.861368,
              19.069126
            ]
          ]
        ]
      },
      "properties": {
        "ulpin": "27-BKC-1016-F04-U401",
        "building_id": "BKC-BLDG-1016",
        "building_name": "BKC Block 17",
        "floor": 4,
        "total_floors": 8,
        "base_height": 10.5,
        "height": 14.0,
        "owner": "Rajesh Mehta",
        "tax_status": "Paid",
        "tax_color": "#2ECC71",
        "default_color": "#3A3A3A",
        "land_type": "Residential"
      }
    },
    {
      "type": "Feature",
      "geometry": {
        "type": "Polygon",
        "coordinates": [
          [
            [
              72.861368,
              19.069126
            ],
            [
              72.862286,
              19.069228
            ],
            [
              72.862273,
              19.06933
            ],
            [
              72.862308,
              19.069334
            ],
            [
              72.86228,
              19.069559
            ],
            [
              72.862245,
              19.069555
            ],
            [
              72.86224,
              19.069599
            ],
            [
              72.861895,
              19.069561
            ],
            [
              72.861887,
              19.069606
            ],
            [
              72.861709,
              19.06961
            ],
            [
              72.861715,
              19.069563
            ],
            [
              72.861419,
              19.06953
            ],
            [
              72.861426,
              19.069472
            ],
            [
              72.861326,
              19.069461
            ],
            [
              72.861368,
              19.069126
            ]
          ]
        ]
      },
      "properties": {
        "ulpin": "27-BKC-1016-F05-U501",
        "building_id": "BKC-BLDG-1016",
        "building_name": "BKC Block 17",
        "floor": 5,
        "total_floors": 8,
        "base_height": 14.0,
        "height": 17.5,
        "owner": "Rajesh Mehta",
        "tax_status": "Default",
        "tax_color": "#E74C3C",
        "default_color": "#3A3A3A",
        "land_type": "Residential"
      }
    },
    {
      "type": "Feature",
      "geometry": {
        "type": "Polygon",
        "coordinates": [
          [
            [
              72.861368,
              19.069126
            ],
            [
              72.862286,
              19.069228
            ],
            [
              72.862273,
              19.06933
            ],
            [
              72.862308,
              19.069334
            ],
            [
              72.86228,
              19.069559
            ],
            [
              72.862245,
              19.069555
            ],
            [
              72.86224,
              19.069599
            ],
            [
              72.861895,
              19.069561
            ],
            [
              72.861887,
              19.069606
            ],
            [
              72.861709,
              19.06961
            ],
            [
              72.861715,
              19.069563
            ],
            [
              72.861419,
              19.06953
            ],
            [
              72.861426,
              19.069472
            ],
            [
              72.861326,
              19.069461
            ],
            [
              72.861368,
              19.069126
            ]
          ]
        ]
      },
      "properties": {
        "ulpin": "27-BKC-1016-F06-U601",
        "building_id": "BKC-BLDG-1016",
        "building_name": "BKC Block 17",
        "floor": 6,
        "total_floors": 8,
        "base_height": 17.5,
        "height": 21.0,
        "owner": "Amit Verma",
        "tax_status": "Paid",
        "tax_color": "#2ECC71",
        "default_color": "#3A3A3A",
        "land_type": "Residential"
      }
    },
    {
      "type": "Feature",
      "geometry": {
        "type": "Polygon",
        "coordinates": [
          [
            [
              72.861368,
              19.069126
            ],
            [
              72.862286,
              19.069228
            ],
            [
              72.862273,
              19.06933
            ],
            [
              72.862308,
              19.069334
            ],
            [
              72.86228,
              19.069559
            ],
            [
              72.862245,
              19.069555
            ],
            [
              72.86224,
              19.069599
            ],
            [
              72.861895,
              19.069561
            ],
            [
              72.861887,
              19.069606
            ],
            [
              72.861709,
              19.06961
            ],
            [
              72.861715,
              19.069563
            ],
            [
              72.861419,
              19.06953
            ],
            [
              72.861426,
              19.069472
            ],
            [
              72.861326,
              19.069461
            ],
            [
              72.861368,
              19.069126
            ]
          ]
        ]
      },
      "properties": {
        "ulpin": "27-BKC-1016-F07-U701",
        "building_id": "BKC-BLDG-1016",
        "building_name": "BKC Block 17",
        "floor": 7,
        "total_floors": 8,
        "base_height": 21.0,
        "height": 24.5,
        "owner": "Ananya Roy",
        "tax_status": "Paid",
        "tax_color": "#2ECC71",
        "default_color": "#3A3A3A",
        "land_type": "Residential"
      }
    },
    {
      "type": "Feature",
      "geometry": {
        "type": "Polygon",
        "coordinates": [
          [
            [
              72.861368,
              19.069126
            ],
            [
              72.862286,
              19.069228
            ],
            [
              72.862273,
              19.06933
            ],
            [
              72.862308,
              19.069334
            ],
            [
              72.86228,
              19.069559
            ],
            [
              72.862245,
              19.069555
            ],
            [
              72.86224,
              19.069599
            ],
            [
              72.861895,
              19.069561
            ],
            [
              72.861887,
              19.069606
            ],
            [
              72.861709,
              19.06961
            ],
            [
              72.861715,
              19.069563
            ],
            [
              72.861419,
              19.06953
            ],
            [
              72.861426,
              19.069472
            ],
            [
              72.861326,
              19.069461
            ],
            [
              72.861368,
              19.069126
            ]
          ]
        ]
      },
      "properties": {
        "ulpin": "27-BKC-1016-F08-U801",
        "building_id": "BKC-BLDG-1016",
        "building_name": "BKC Block 17",
        "floor": 8,
        "total_floors": 8,
        "base_height": 24.5,
        "height": 28.0,
        "owner": "Neha Gupta",
        "tax_status": "Paid",
        "tax_color": "#2ECC71",
        "default_color": "#3A3A3A",
        "land_type": "Residential"
      }
    },
    {
      "type": "Feature",
      "geometry": {
        "type": "Polygon",
        "coordinates": [
          [
            [
              72.868219,
              19.062763
            ],
            [
              72.868256,
              19.062289
            ],
            [
              72.868877,
              19.062335
            ],
            [
              72.869072,
              19.062715
            ],
            [
              72.869066,
              19.062833
            ],
            [
              72.868219,
              19.062763
            ]
          ]
        ]
      },
      "properties": {
        "ulpin": "27-BKC-1017-F01-U101",
        "building_id": "BKC-BLDG-1017",
        "building_name": "BKC Block 18",
        "floor": 1,
        "total_floors": 11,
        "base_height": 0.0,
        "height": 3.5,
        "owner": "Amit Verma",
        "tax_status": "Default",
        "tax_color": "#E74C3C",
        "default_color": "#3A3A3A",
        "land_type": "Commercial"
      }
    },
    {
      "type": "Feature",
      "geometry": {
        "type": "Polygon",
        "coordinates": [
          [
            [
              72.868219,
              19.062763
            ],
            [
              72.868256,
              19.062289
            ],
            [
              72.868877,
              19.062335
            ],
            [
              72.869072,
              19.062715
            ],
            [
              72.869066,
              19.062833
            ],
            [
              72.868219,
              19.062763
            ]
          ]
        ]
      },
      "properties": {
        "ulpin": "27-BKC-1017-F02-U201",
        "building_id": "BKC-BLDG-1017",
        "building_name": "BKC Block 18",
        "floor": 2,
        "total_floors": 11,
        "base_height": 3.5,
        "height": 7.0,
        "owner": "Priya Patel",
        "tax_status": "Paid",
        "tax_color": "#2ECC71",
        "default_color": "#3A3A3A",
        "land_type": "Commercial"
      }
    },
    {
      "type": "Feature",
      "geometry": {
        "type": "Polygon",
        "coordinates": [
          [
            [
              72.868219,
              19.062763
            ],
            [
              72.868256,
              19.062289
            ],
            [
              72.868877,
              19.062335
            ],
            [
              72.869072,
              19.062715
            ],
            [
              72.869066,
              19.062833
            ],
            [
              72.868219,
              19.062763
            ]
          ]
        ]
      },
      "properties": {
        "ulpin": "27-BKC-1017-F03-U301",
        "building_id": "BKC-BLDG-1017",
        "building_name": "BKC Block 18",
        "floor": 3,
        "total_floors": 11,
        "base_height": 7.0,
        "height": 10.5,
        "owner": "Vikram Shah",
        "tax_status": "Paid",
        "tax_color": "#2ECC71",
        "default_color": "#3A3A3A",
        "land_type": "Commercial"
      }
    },
    {
      "type": "Feature",
      "geometry": {
        "type": "Polygon",
        "coordinates": [
          [
            [
              72.868219,
              19.062763
            ],
            [
              72.868256,
              19.062289
            ],
            [
              72.868877,
              19.062335
            ],
            [
              72.869072,
              19.062715
            ],
            [
              72.869066,
              19.062833
            ],
            [
              72.868219,
              19.062763
            ]
          ]
        ]
      },
      "properties": {
        "ulpin": "27-BKC-1017-F04-U401",
        "building_id": "BKC-BLDG-1017",
        "building_name": "BKC Block 18",
        "floor": 4,
        "total_floors": 11,
        "base_height": 10.5,
        "height": 14.0,
        "owner": "Ramesh Sharma",
        "tax_status": "Default",
        "tax_color": "#E74C3C",
        "default_color": "#3A3A3A",
        "land_type": "Residential"
      }
    },
    {
      "type": "Feature",
      "geometry": {
        "type": "Polygon",
        "coordinates": [
          [
            [
              72.868219,
              19.062763
            ],
            [
              72.868256,
              19.062289
            ],
            [
              72.868877,
              19.062335
            ],
            [
              72.869072,
              19.062715
            ],
            [
              72.869066,
              19.062833
            ],
            [
              72.868219,
              19.062763
            ]
          ]
        ]
      },
      "properties": {
        "ulpin": "27-BKC-1017-F05-U501",
        "building_id": "BKC-BLDG-1017",
        "building_name": "BKC Block 18",
        "floor": 5,
        "total_floors": 11,
        "base_height": 14.0,
        "height": 17.5,
        "owner": "Ananya Roy",
        "tax_status": "Paid",
        "tax_color": "#2ECC71",
        "default_color": "#3A3A3A",
        "land_type": "Residential"
      }
    },
    {
      "type": "Feature",
      "geometry": {
        "type": "Polygon",
        "coordinates": [
          [
            [
              72.868219,
              19.062763
            ],
            [
              72.868256,
              19.062289
            ],
            [
              72.868877,
              19.062335
            ],
            [
              72.869072,
              19.062715
            ],
            [
              72.869066,
              19.062833
            ],
            [
              72.868219,
              19.062763
            ]
          ]
        ]
      },
      "properties": {
        "ulpin": "27-BKC-1017-F06-U601",
        "building_id": "BKC-BLDG-1017",
        "building_name": "BKC Block 18",
        "floor": 6,
        "total_floors": 11,
        "base_height": 17.5,
        "height": 21.0,
        "owner": "Sunita Deshmukh",
        "tax_status": "Paid",
        "tax_color": "#2ECC71",
        "default_color": "#3A3A3A",
        "land_type": "Residential"
      }
    },
    {
      "type": "Feature",
      "geometry": {
        "type": "Polygon",
        "coordinates": [
          [
            [
              72.868219,
              19.062763
            ],
            [
              72.868256,
              19.062289
            ],
            [
              72.868877,
              19.062335
            ],
            [
              72.869072,
              19.062715
            ],
            [
              72.869066,
              19.062833
            ],
            [
              72.868219,
              19.062763
            ]
          ]
        ]
      },
      "properties": {
        "ulpin": "27-BKC-1017-F07-U701",
        "building_id": "BKC-BLDG-1017",
        "building_name": "BKC Block 18",
        "floor": 7,
        "total_floors": 11,
        "base_height": 21.0,
        "height": 24.5,
        "owner": "Rajesh Mehta",
        "tax_status": "Paid",
        "tax_color": "#2ECC71",
        "default_color": "#3A3A3A",
        "land_type": "Residential"
      }
    },
    {
      "type": "Feature",
      "geometry": {
        "type": "Polygon",
        "coordinates": [
          [
            [
              72.868219,
              19.062763
            ],
            [
              72.868256,
              19.062289
            ],
            [
              72.868877,
              19.062335
            ],
            [
              72.869072,
              19.062715
            ],
            [
              72.869066,
              19.062833
            ],
            [
              72.868219,
              19.062763
            ]
          ]
        ]
      },
      "properties": {
        "ulpin": "27-BKC-1017-F08-U801",
        "building_id": "BKC-BLDG-1017",
        "building_name": "BKC Block 18",
        "floor": 8,
        "total_floors": 11,
        "base_height": 24.5,
        "height": 28.0,
        "owner": "Sunita Deshmukh",
        "tax_status": "Paid",
        "tax_color": "#2ECC71",
        "default_color": "#3A3A3A",
        "land_type": "Residential"
      }
    },
    {
      "type": "Feature",
      "geometry": {
        "type": "Polygon",
        "coordinates": [
          [
            [
              72.868219,
              19.062763
            ],
            [
              72.868256,
              19.062289
            ],
            [
              72.868877,
              19.062335
            ],
            [
              72.869072,
              19.062715
            ],
            [
              72.869066,
              19.062833
            ],
            [
              72.868219,
              19.062763
            ]
          ]
        ]
      },
      "properties": {
        "ulpin": "27-BKC-1017-F09-U901",
        "building_id": "BKC-BLDG-1017",
        "building_name": "BKC Block 18",
        "floor": 9,
        "total_floors": 11,
        "base_height": 28.0,
        "height": 31.5,
        "owner": "Ananya Roy",
        "tax_status": "Paid",
        "tax_color": "#2ECC71",
        "default_color": "#3A3A3A",
        "land_type": "Residential"
      }
    },
    {
      "type": "Feature",
      "geometry": {
        "type": "Polygon",
        "coordinates": [
          [
            [
              72.868219,
              19.062763
            ],
            [
              72.868256,
              19.062289
            ],
            [
              72.868877,
              19.062335
            ],
            [
              72.869072,
              19.062715
            ],
            [
              72.869066,
              19.062833
            ],
            [
              72.868219,
              19.062763
            ]
          ]
        ]
      },
      "properties": {
        "ulpin": "27-BKC-1017-F10-U1001",
        "building_id": "BKC-BLDG-1017",
        "building_name": "BKC Block 18",
        "floor": 10,
        "total_floors": 11,
        "base_height": 31.5,
        "height": 35.0,
        "owner": "Ramesh Sharma",
        "tax_status": "Paid",
        "tax_color": "#2ECC71",
        "default_color": "#3A3A3A",
        "land_type": "Residential"
      }
    },
    {
      "type": "Feature",
      "geometry": {
        "type": "Polygon",
        "coordinates": [
          [
            [
              72.868219,
              19.062763
            ],
            [
              72.868256,
              19.062289
            ],
            [
              72.868877,
              19.062335
            ],
            [
              72.869072,
              19.062715
            ],
            [
              72.869066,
              19.062833
            ],
            [
              72.868219,
              19.062763
            ]
          ]
        ]
      },
      "properties": {
        "ulpin": "27-BKC-1017-F11-U1101",
        "building_id": "BKC-BLDG-1017",
        "building_name": "BKC Block 18",
        "floor": 11,
        "total_floors": 11,
        "base_height": 35.0,
        "height": 38.5,
        "owner": "Rajesh Mehta",
        "tax_status": "Paid",
        "tax_color": "#2ECC71",
        "default_color": "#3A3A3A",
        "land_type": "Residential"
      }
    },
    {
      "type": "Feature",
      "geometry": {
        "type": "Polygon",
        "coordinates": [
          [
            [
              72.866369,
              19.064953
            ],
            [
              72.865951,
              19.063909
            ],
            [
              72.866246,
              19.063803
            ],
            [
              72.866323,
              19.063996
            ],
            [
              72.866664,
              19.064848
            ],
            [
              72.866369,
              19.064953
            ]
          ]
        ]
      },
      "properties": {
        "ulpin": "27-BKC-1018-F01-U101",
        "building_id": "BKC-BLDG-1018",
        "building_name": "Jio World Residences",
        "floor": 1,
        "total_floors": 6,
        "base_height": 0.0,
        "height": 3.5,
        "owner": "Priya Patel",
        "tax_status": "Default",
        "tax_color": "#E74C3C",
        "default_color": "#3A3A3A",
        "land_type": "Commercial"
      }
    },
    {
      "type": "Feature",
      "geometry": {
        "type": "Polygon",
        "coordinates": [
          [
            [
              72.866369,
              19.064953
            ],
            [
              72.865951,
              19.063909
            ],
            [
              72.866246,
              19.063803
            ],
            [
              72.866323,
              19.063996
            ],
            [
              72.866664,
              19.064848
            ],
            [
              72.866369,
              19.064953
            ]
          ]
        ]
      },
      "properties": {
        "ulpin": "27-BKC-1018-F02-U201",
        "building_id": "BKC-BLDG-1018",
        "building_name": "Jio World Residences",
        "floor": 2,
        "total_floors": 6,
        "base_height": 3.5,
        "height": 7.0,
        "owner": "Rajesh Mehta",
        "tax_status": "Default",
        "tax_color": "#E74C3C",
        "default_color": "#3A3A3A",
        "land_type": "Commercial"
      }
    },
    {
      "type": "Feature",
      "geometry": {
        "type": "Polygon",
        "coordinates": [
          [
            [
              72.866369,
              19.064953
            ],
            [
              72.865951,
              19.063909
            ],
            [
              72.866246,
              19.063803
            ],
            [
              72.866323,
              19.063996
            ],
            [
              72.866664,
              19.064848
            ],
            [
              72.866369,
              19.064953
            ]
          ]
        ]
      },
      "properties": {
        "ulpin": "27-BKC-1018-F03-U301",
        "building_id": "BKC-BLDG-1018",
        "building_name": "Jio World Residences",
        "floor": 3,
        "total_floors": 6,
        "base_height": 7.0,
        "height": 10.5,
        "owner": "Rajesh Mehta",
        "tax_status": "Paid",
        "tax_color": "#2ECC71",
        "default_color": "#3A3A3A",
        "land_type": "Commercial"
      }
    },
    {
      "type": "Feature",
      "geometry": {
        "type": "Polygon",
        "coordinates": [
          [
            [
              72.866369,
              19.064953
            ],
            [
              72.865951,
              19.063909
            ],
            [
              72.866246,
              19.063803
            ],
            [
              72.866323,
              19.063996
            ],
            [
              72.866664,
              19.064848
            ],
            [
              72.866369,
              19.064953
            ]
          ]
        ]
      },
      "properties": {
        "ulpin": "27-BKC-1018-F04-U401",
        "building_id": "BKC-BLDG-1018",
        "building_name": "Jio World Residences",
        "floor": 4,
        "total_floors": 6,
        "base_height": 10.5,
        "height": 14.0,
        "owner": "Neha Gupta",
        "tax_status": "Paid",
        "tax_color": "#2ECC71",
        "default_color": "#3A3A3A",
        "land_type": "Residential"
      }
    },
    {
      "type": "Feature",
      "geometry": {
        "type": "Polygon",
        "coordinates": [
          [
            [
              72.866369,
              19.064953
            ],
            [
              72.865951,
              19.063909
            ],
            [
              72.866246,
              19.063803
            ],
            [
              72.866323,
              19.063996
            ],
            [
              72.866664,
              19.064848
            ],
            [
              72.866369,
              19.064953
            ]
          ]
        ]
      },
      "properties": {
        "ulpin": "27-BKC-1018-F05-U501",
        "building_id": "BKC-BLDG-1018",
        "building_name": "Jio World Residences",
        "floor": 5,
        "total_floors": 6,
        "base_height": 14.0,
        "height": 17.5,
        "owner": "Vikram Shah",
        "tax_status": "Paid",
        "tax_color": "#2ECC71",
        "default_color": "#3A3A3A",
        "land_type": "Residential"
      }
    },
    {
      "type": "Feature",
      "geometry": {
        "type": "Polygon",
        "coordinates": [
          [
            [
              72.866369,
              19.064953
            ],
            [
              72.865951,
              19.063909
            ],
            [
              72.866246,
              19.063803
            ],
            [
              72.866323,
              19.063996
            ],
            [
              72.866664,
              19.064848
            ],
            [
              72.866369,
              19.064953
            ]
          ]
        ]
      },
      "properties": {
        "ulpin": "27-BKC-1018-F06-U601",
        "building_id": "BKC-BLDG-1018",
        "building_name": "Jio World Residences",
        "floor": 6,
        "total_floors": 6,
        "base_height": 17.5,
        "height": 21.0,
        "owner": "Ananya Roy",
        "tax_status": "Paid",
        "tax_color": "#2ECC71",
        "default_color": "#3A3A3A",
        "land_type": "Residential"
      }
    },
    {
      "type": "Feature",
      "geometry": {
        "type": "Polygon",
        "coordinates": [
          [
            [
              72.869279,
              19.069294
            ],
            [
              72.869512,
              19.068973
            ],
            [
              72.870209,
              19.069425
            ],
            [
              72.869975,
              19.069746
            ],
            [
              72.869279,
              19.069294
            ]
          ]
        ]
      },
      "properties": {
        "ulpin": "27-BKC-1019-F01-U101",
        "building_id": "BKC-BLDG-1019",
        "building_name": "First International Financial Center",
        "floor": 1,
        "total_floors": 13,
        "base_height": 0.0,
        "height": 3.5,
        "owner": "Priya Patel",
        "tax_status": "Paid",
        "tax_color": "#2ECC71",
        "default_color": "#3A3A3A",
        "land_type": "Commercial"
      }
    },
    {
      "type": "Feature",
      "geometry": {
        "type": "Polygon",
        "coordinates": [
          [
            [
              72.869279,
              19.069294
            ],
            [
              72.869512,
              19.068973
            ],
            [
              72.870209,
              19.069425
            ],
            [
              72.869975,
              19.069746
            ],
            [
              72.869279,
              19.069294
            ]
          ]
        ]
      },
      "properties": {
        "ulpin": "27-BKC-1019-F02-U201",
        "building_id": "BKC-BLDG-1019",
        "building_name": "First International Financial Center",
        "floor": 2,
        "total_floors": 13,
        "base_height": 3.5,
        "height": 7.0,
        "owner": "Amit Verma",
        "tax_status": "Paid",
        "tax_color": "#2ECC71",
        "default_color": "#3A3A3A",
        "land_type": "Commercial"
      }
    },
    {
      "type": "Feature",
      "geometry": {
        "type": "Polygon",
        "coordinates": [
          [
            [
              72.869279,
              19.069294
            ],
            [
              72.869512,
              19.068973
            ],
            [
              72.870209,
              19.069425
            ],
            [
              72.869975,
              19.069746
            ],
            [
              72.869279,
              19.069294
            ]
          ]
        ]
      },
      "properties": {
        "ulpin": "27-BKC-1019-F03-U301",
        "building_id": "BKC-BLDG-1019",
        "building_name": "First International Financial Center",
        "floor": 3,
        "total_floors": 13,
        "base_height": 7.0,
        "height": 10.5,
        "owner": "Priya Patel",
        "tax_status": "Paid",
        "tax_color": "#2ECC71",
        "default_color": "#3A3A3A",
        "land_type": "Commercial"
      }
    },
    {
      "type": "Feature",
      "geometry": {
        "type": "Polygon",
        "coordinates": [
          [
            [
              72.869279,
              19.069294
            ],
            [
              72.869512,
              19.068973
            ],
            [
              72.870209,
              19.069425
            ],
            [
              72.869975,
              19.069746
            ],
            [
              72.869279,
              19.069294
            ]
          ]
        ]
      },
      "properties": {
        "ulpin": "27-BKC-1019-F04-U401",
        "building_id": "BKC-BLDG-1019",
        "building_name": "First International Financial Center",
        "floor": 4,
        "total_floors": 13,
        "base_height": 10.5,
        "height": 14.0,
        "owner": "Sunita Deshmukh",
        "tax_status": "Paid",
        "tax_color": "#2ECC71",
        "default_color": "#3A3A3A",
        "land_type": "Residential"
      }
    },
    {
      "type": "Feature",
      "geometry": {
        "type": "Polygon",
        "coordinates": [
          [
            [
              72.869279,
              19.069294
            ],
            [
              72.869512,
              19.068973
            ],
            [
              72.870209,
              19.069425
            ],
            [
              72.869975,
              19.069746
            ],
            [
              72.869279,
              19.069294
            ]
          ]
        ]
      },
      "properties": {
        "ulpin": "27-BKC-1019-F05-U501",
        "building_id": "BKC-BLDG-1019",
        "building_name": "First International Financial Center",
        "floor": 5,
        "total_floors": 13,
        "base_height": 14.0,
        "height": 17.5,
        "owner": "Priya Patel",
        "tax_status": "Paid",
        "tax_color": "#2ECC71",
        "default_color": "#3A3A3A",
        "land_type": "Residential"
      }
    },
    {
      "type": "Feature",
      "geometry": {
        "type": "Polygon",
        "coordinates": [
          [
            [
              72.869279,
              19.069294
            ],
            [
              72.869512,
              19.068973
            ],
            [
              72.870209,
              19.069425
            ],
            [
              72.869975,
              19.069746
            ],
            [
              72.869279,
              19.069294
            ]
          ]
        ]
      },
      "properties": {
        "ulpin": "27-BKC-1019-F06-U601",
        "building_id": "BKC-BLDG-1019",
        "building_name": "First International Financial Center",
        "floor": 6,
        "total_floors": 13,
        "base_height": 17.5,
        "height": 21.0,
        "owner": "Priya Patel",
        "tax_status": "Paid",
        "tax_color": "#2ECC71",
        "default_color": "#3A3A3A",
        "land_type": "Residential"
      }
    },
    {
      "type": "Feature",
      "geometry": {
        "type": "Polygon",
        "coordinates": [
          [
            [
              72.869279,
              19.069294
            ],
            [
              72.869512,
              19.068973
            ],
            [
              72.870209,
              19.069425
            ],
            [
              72.869975,
              19.069746
            ],
            [
              72.869279,
              19.069294
            ]
          ]
        ]
      },
      "properties": {
        "ulpin": "27-BKC-1019-F07-U701",
        "building_id": "BKC-BLDG-1019",
        "building_name": "First International Financial Center",
        "floor": 7,
        "total_floors": 13,
        "base_height": 21.0,
        "height": 24.5,
        "owner": "Ananya Roy",
        "tax_status": "Paid",
        "tax_color": "#2ECC71",
        "default_color": "#3A3A3A",
        "land_type": "Residential"
      }
    },
    {
      "type": "Feature",
      "geometry": {
        "type": "Polygon",
        "coordinates": [
          [
            [
              72.869279,
              19.069294
            ],
            [
              72.869512,
              19.068973
            ],
            [
              72.870209,
              19.069425
            ],
            [
              72.869975,
              19.069746
            ],
            [
              72.869279,
              19.069294
            ]
          ]
        ]
      },
      "properties": {
        "ulpin": "27-BKC-1019-F08-U801",
        "building_id": "BKC-BLDG-1019",
        "building_name": "First International Financial Center",
        "floor": 8,
        "total_floors": 13,
        "base_height": 24.5,
        "height": 28.0,
        "owner": "Rajesh Mehta",
        "tax_status": "Paid",
        "tax_color": "#2ECC71",
        "default_color": "#3A3A3A",
        "land_type": "Residential"
      }
    },
    {
      "type": "Feature",
      "geometry": {
        "type": "Polygon",
        "coordinates": [
          [
            [
              72.869279,
              19.069294
            ],
            [
              72.869512,
              19.068973
            ],
            [
              72.870209,
              19.069425
            ],
            [
              72.869975,
              19.069746
            ],
            [
              72.869279,
              19.069294
            ]
          ]
        ]
      },
      "properties": {
        "ulpin": "27-BKC-1019-F09-U901",
        "building_id": "BKC-BLDG-1019",
        "building_name": "First International Financial Center",
        "floor": 9,
        "total_floors": 13,
        "base_height": 28.0,
        "height": 31.5,
        "owner": "Priya Patel",
        "tax_status": "Paid",
        "tax_color": "#2ECC71",
        "default_color": "#3A3A3A",
        "land_type": "Residential"
      }
    },
    {
      "type": "Feature",
      "geometry": {
        "type": "Polygon",
        "coordinates": [
          [
            [
              72.869279,
              19.069294
            ],
            [
              72.869512,
              19.068973
            ],
            [
              72.870209,
              19.069425
            ],
            [
              72.869975,
              19.069746
            ],
            [
              72.869279,
              19.069294
            ]
          ]
        ]
      },
      "properties": {
        "ulpin": "27-BKC-1019-F10-U1001",
        "building_id": "BKC-BLDG-1019",
        "building_name": "First International Financial Center",
        "floor": 10,
        "total_floors": 13,
        "base_height": 31.5,
        "height": 35.0,
        "owner": "Priya Patel",
        "tax_status": "Paid",
        "tax_color": "#2ECC71",
        "default_color": "#3A3A3A",
        "land_type": "Residential"
      }
    },
    {
      "type": "Feature",
      "geometry": {
        "type": "Polygon",
        "coordinates": [
          [
            [
              72.869279,
              19.069294
            ],
            [
              72.869512,
              19.068973
            ],
            [
              72.870209,
              19.069425
            ],
            [
              72.869975,
              19.069746
            ],
            [
              72.869279,
              19.069294
            ]
          ]
        ]
      },
      "properties": {
        "ulpin": "27-BKC-1019-F11-U1101",
        "building_id": "BKC-BLDG-1019",
        "building_name": "First International Financial Center",
        "floor": 11,
        "total_floors": 13,
        "base_height": 35.0,
        "height": 38.5,
        "owner": "Sunita Deshmukh",
        "tax_status": "Paid",
        "tax_color": "#2ECC71",
        "default_color": "#3A3A3A",
        "land_type": "Residential"
      }
    },
    {
      "type": "Feature",
      "geometry": {
        "type": "Polygon",
        "coordinates": [
          [
            [
              72.869279,
              19.069294
            ],
            [
              72.869512,
              19.068973
            ],
            [
              72.870209,
              19.069425
            ],
            [
              72.869975,
              19.069746
            ],
            [
              72.869279,
              19.069294
            ]
          ]
        ]
      },
      "properties": {
        "ulpin": "27-BKC-1019-F12-U1201",
        "building_id": "BKC-BLDG-1019",
        "building_name": "First International Financial Center",
        "floor": 12,
        "total_floors": 13,
        "base_height": 38.5,
        "height": 42.0,
        "owner": "Vikram Shah",
        "tax_status": "Paid",
        "tax_color": "#2ECC71",
        "default_color": "#3A3A3A",
        "land_type": "Residential"
      }
    },
    {
      "type": "Feature",
      "geometry": {
        "type": "Polygon",
        "coordinates": [
          [
            [
              72.869279,
              19.069294
            ],
            [
              72.869512,
              19.068973
            ],
            [
              72.870209,
              19.069425
            ],
            [
              72.869975,
              19.069746
            ],
            [
              72.869279,
              19.069294
            ]
          ]
        ]
      },
      "properties": {
        "ulpin": "27-BKC-1019-F13-U1301",
        "building_id": "BKC-BLDG-1019",
        "building_name": "First International Financial Center",
        "floor": 13,
        "total_floors": 13,
        "base_height": 42.0,
        "height": 45.5,
        "owner": "Vikram Shah",
        "tax_status": "Paid",
        "tax_color": "#2ECC71",
        "default_color": "#3A3A3A",
        "land_type": "Residential"
      }
    },
    {
      "type": "Feature",
      "geometry": {
        "type": "Polygon",
        "coordinates": [
          [
            [
              72.8648,
              19.0632
            ],
            [
              72.8654,
              19.0632
            ],
            [
              72.8654,
              19.0637
            ],
            [
              72.8648,
              19.0637
            ],
            [
              72.8648,
              19.0632
            ]
          ]
        ]
      },
      "properties": {
        "ulpin": "27-BKC-1020-F01-U101",
        "building_id": "BKC-BLDG-1020",
        "building_name": "Prototype ULPIN Tower",
        "floor": 1,
        "total_floors": 6,
        "base_height": 0.0,
        "height": 3.5,
        "owner": "Priya Patel",
        "tax_status": "Paid",
        "tax_color": "#2ECC71",
        "default_color": "#3A3A3A",
        "land_type": "Commercial"
      }
    },
    {
      "type": "Feature",
      "geometry": {
        "type": "Polygon",
        "coordinates": [
          [
            [
              72.8648,
              19.0632
            ],
            [
              72.8654,
              19.0632
            ],
            [
              72.8654,
              19.0637
            ],
            [
              72.8648,
              19.0637
            ],
            [
              72.8648,
              19.0632
            ]
          ]
        ]
      },
      "properties": {
        "ulpin": "27-BKC-1020-F02-U201",
        "building_id": "BKC-BLDG-1020",
        "building_name": "Prototype ULPIN Tower",
        "floor": 2,
        "total_floors": 6,
        "base_height": 3.5,
        "height": 7.0,
        "owner": "Neha Gupta",
        "tax_status": "Paid",
        "tax_color": "#2ECC71",
        "default_color": "#3A3A3A",
        "land_type": "Commercial"
      }
    },
    {
      "type": "Feature",
      "geometry": {
        "type": "Polygon",
        "coordinates": [
          [
            [
              72.8648,
              19.0632
            ],
            [
              72.8654,
              19.0632
            ],
            [
              72.8654,
              19.0637
            ],
            [
              72.8648,
              19.0637
            ],
            [
              72.8648,
              19.0632
            ]
          ]
        ]
      },
      "properties": {
        "ulpin": "27-BKC-1020-F03-U301",
        "building_id": "BKC-BLDG-1020",
        "building_name": "Prototype ULPIN Tower",
        "floor": 3,
        "total_floors": 6,
        "base_height": 7.0,
        "height": 10.5,
        "owner": "Priya Patel",
        "tax_status": "Default",
        "tax_color": "#E74C3C",
        "default_color": "#3A3A3A",
        "land_type": "Commercial"
      }
    },
    {
      "type": "Feature",
      "geometry": {
        "type": "Polygon",
        "coordinates": [
          [
            [
              72.8648,
              19.0632
            ],
            [
              72.8654,
              19.0632
            ],
            [
              72.8654,
              19.0637
            ],
            [
              72.8648,
              19.0637
            ],
            [
              72.8648,
              19.0632
            ]
          ]
        ]
      },
      "properties": {
        "ulpin": "27-BKC-1020-F04-U401",
        "building_id": "BKC-BLDG-1020",
        "building_name": "Prototype ULPIN Tower",
        "floor": 4,
        "total_floors": 6,
        "base_height": 10.5,
        "height": 14.0,
        "owner": "Ramesh Sharma",
        "tax_status": "Paid",
        "tax_color": "#2ECC71",
        "default_color": "#3A3A3A",
        "land_type": "Residential"
      }
    },
    {
      "type": "Feature",
      "geometry": {
        "type": "Polygon",
        "coordinates": [
          [
            [
              72.8648,
              19.0632
            ],
            [
              72.8654,
              19.0632
            ],
            [
              72.8654,
              19.0637
            ],
            [
              72.8648,
              19.0637
            ],
            [
              72.8648,
              19.0632
            ]
          ]
        ]
      },
      "properties": {
        "ulpin": "27-BKC-1020-F05-U501",
        "building_id": "BKC-BLDG-1020",
        "building_name": "Prototype ULPIN Tower",
        "floor": 5,
        "total_floors": 6,
        "base_height": 14.0,
        "height": 17.5,
        "owner": "Sunita Deshmukh",
        "tax_status": "Paid",
        "tax_color": "#2ECC71",
        "default_color": "#3A3A3A",
        "land_type": "Residential"
      }
    },
    {
      "type": "Feature",
      "geometry": {
        "type": "Polygon",
        "coordinates": [
          [
            [
              72.8648,
              19.0632
            ],
            [
              72.8654,
              19.0632
            ],
            [
              72.8654,
              19.0637
            ],
            [
              72.8648,
              19.0637
            ],
            [
              72.8648,
              19.0632
            ]
          ]
        ]
      },
      "properties": {
        "ulpin": "27-BKC-1020-F06-U601",
        "building_id": "BKC-BLDG-1020",
        "building_name": "Prototype ULPIN Tower",
        "floor": 6,
        "total_floors": 6,
        "base_height": 17.5,
        "height": 21.0,
        "owner": "Sunita Deshmukh",
        "tax_status": "Paid",
        "tax_color": "#2ECC71",
        "default_color": "#3A3A3A",
        "land_type": "Residential"
      }
    }
  ]
}