OSM_ESTIMATED_HEIGHT_M,levels_clean,DISTRICT,RERA_ID,PROJECT_NAME,PROMOTER_NAME,LOCATION_PIN_CODE,LATITUDE,LONGITUDE,PROPOSED_DATE_OF_COMPLETION,REVISED_PROPOSED_DATE_OF_COMPLETION,EXTENDED_DATE_OF_COMPLETION,PROJECT_TYPE,PROJECT_AREA_(SQMTS),RECREATIONAL_OPEN_SPACE,SANCTIONED_FSI,DATE_LAST_MODIFIED,CASES_COUNT,COMPLAINTS_COUNT,NUMBER_OF_APPARTMENTS,NUMBER_OF_BOOKED_APPARTMENTS,NUMBER_OF_BASEMENTS,NUMBER_OF_PLINTH,NUMBER_OF_PODIUMS,NUMBER_OF_SANCTIONED_FLOORS,NUMBER_OF_STILTS,TOTAL_NO__OF_OPEN_PARKING_AS_PER_SANCTIONED_PLAN_(4-WHEELER+2-WHEELER),NUMBER_OF_CLOSED_PARKING,SOURCE_REGION,CLEAN_PODIUMS,NON_RESIDENTIAL_FLOORS,RESIDENTIAL_START_FLOOR,TOTAL_LEVELS,HABITABLE_RESIDENTIAL_FLOORS,PODIUM_PARKING_RANGE,REFUGE_FLOORS,EST_FLATS_PER_FLOOR,FINAL_FLOORS,CLEAN_BASEMENTS,STRUCTURAL_HEIGHT_M,GROUND_ELEVATION_MSL_M,TERRAIN_HEIGHT_M,BUILT_VOLUME_CBM,HEIGHT_TIER,BASE_ULPIN_ID
18.6,6.0,Mumbai City,P51900012419,Netarwala Compound,Mukon Constructions Pvt. Ltd.,400021,18.9255728,72.8242221,31-07-2008,30-12-2021,0,Residential,6657.22,2016.0,12226.59,11/16/2021,0,0,440,53,0.0,2,0,21,1,0,29,mumbai-city,0,1,2,6,5,Ground to Floor 1,,2445,21.0,,65.1,8.78,8.78,252324808.39,High-Rise,IN-MH-MUM-P51900012419-18925
18.6,6.0,Mumbai City,P51900002427,OM GuruKrupa SRA CHS Prop Phase 1,Moss Realtors Pvt Ltd,400021,18.9255728,72.8242221,25-12-2021,25-12-2021,12/25/2022,Residential,1309.5,214.79,3928.5,02-07-2022,0,0,39,0,1.0,1,0,12,1,0,38,mumbai-city,0,1,2,6,5,Ground to Floor 1,,786,12.0,,37.2,8.78,8.78,15947549.32,High-Rise,IN-MH-MUM-P51900002427-18925
21.7,7.0,Mumbai Suburban,P51800002862,VAIBHAV HEIGHTS,RSN BALAJI REALTORS P LTD,400055,19.07803,72.849701,31-12-2017,31-12-2018,12/31/2024,Residential,1387.48,202.42,3588.85,12-12-2023,0,1,52,49,0.0,2,0,28,2,2,45,mumbai-suburban,0,2,3,7,5,Ground to Floor 2,,718,28.0,,86.8,16.4,16.4,15436318.55,High-Rise,IN-MH-MUM-P51800002862-19078
21.7,7.0,Mumbai Suburban,P51800009175,Hubtown Serene - A wing,Akruti GM Joint Venture,400051,19.06087107,72.8487277,31-07-2017,31-07-2029,0,Residential,318.66,756.4,2948.24,01/17/2024,0,10,44,0,4.0,2,0,16,2,0,44,mumbai-suburban,0,2,3,7,5,Ground to Floor 2,,590,16.0,,49.6,15.54,15.54,2912407.09,High-Rise,IN-MH-MUM-P51800009175-19060
46.5,7.0,Mumbai Suburban,P51800004889,TEN BKC,MIG (Bandra) Realtors & Builders Private Limited,400051,19.05549051,72.84827324,,,06-05-2024,Residential,20149.4,4242.08,58365.12,11/30/2023,34,36,722,363,,15,0,365,0,0,915,mumbai-suburban,0,0,1,7,7,Ground Only,,103,15.0,0.0,46.5,15.27,15.27,3645668661.68,High-Rise,IN-MH-MUM-P51800004889-19055
21.7,7.0,Mumbai Suburban,P51800000183,Hubtown Sunstone A wing,Sunstone Developers Joint Venture,400051,19.05930578,72.84961202,31-12-2018,30-12-2025,0,Residential,924.93,584.71,2860.24,04/25/2023,0,1,30,14,3.0,1,0,8,1,9,65,mumbai-suburban,0,1,2,7,6,Ground to Floor 1,,477,8.0,,24.8,15.47,15.47,8201117.53,Mid-Rise,IN-MH-MUM-P51800000183-19059
16.7,5.4,Mumbai City,P51900007497,AADITYA HEIGHTS,SANGHVI REALTY PIVATE LTD.,400034,18.9724162,72.8148177,31-12-2018,30-12-2024,0,Residential,3612.9,1779.59,11381.59,02/27/2024,4,0,172,148,0.0,1,7,22,0,0,31,mumbai-city,0,0,1,5,5,Ground Only,,2276,22.0,,68.2,11.12,11.12,127473694.18,High-Rise,IN-MH-MUM-P51900007497-18972
16.7,5.4,Mumbai City,P51900000723,Wing B of Composite Building No 1 Imperial Edge,SD Corporation Private Limited,400034,18.9724162,72.8148177,31-03-2019,30-12-2021,0,Residential,1256.84,0.0,7011.0,12/20/2022,0,0,46,40,2.0,1,21,51,1,0,1,mumbai-city,0,1,2,5,4,Ground to Floor 1,,1753,51.0,,158.1,11.12,11.12,27316286.24,Skyscraper,IN-MH-MUM-P51900000723-18972
16.7,5.4,Mumbai City,P51900014964,Contemporary Builder Private Limited Tardeo Project,Contemporary builders private Limited,400034,18.9724162,72.8148177,30-12-2023,30-12-2023,0,Others,1601.18,125.72,5530.28,04/19/2023,1,0,117,5,1.0,2,6,48,1,3,1,mumbai-city,6,7,8,8,1,Ground to Floor 7,,5530,48.0,,148.8,11.12,11.12,27450418.56,Skyscraper,IN-MH-MUM-P51900014964-18972
21.7,7.0,Mumbai Suburban,P51800011901,Mayur Tower,Geopreneur Spire Realty,400051,19.058293,72.843887,31-05-2016,31-03-2019,06/30/2025,Residential,1833.89,277.13,5999.0,06/23/2023,4,2,97,80,0.0,2,2,34,2,0,2,mumbai-suburban,2,4,5,7,3,Ground to Floor 4,,2000,34.0,,105.4,15.41,15.41,34104668.94,Skyscraper,IN-MH-MUM-P51800011901-19058
21.7,7.0,Mumbai City,P51900004549,MON DESIR,SURAJ ESTATE DEVELOPERS LTD,400028,19.025136,72.835955,31-12-2017,31-12-2018,12/31/2019,Others,788.0,0.0,1793.9,03-10-2021,0,1,29,29,1.0,1,0,8,1,0,1,mumbai-city,0,1,2,7,6,Ground to Floor 1,,299,8.0,,24.8,13.76,13.76,4382138.92,Mid-Rise,IN-MH-MUM-P51900004549-19025
21.7,7.0,Mumbai Suburban,P51800028736,25 West -A (East)Wing,25 West Realty Private Limited,400050,19.044817,72.822551,30-06-2032,30-06-2032,0,Residential,1099.96,695.55,16124.35,03/16/2024,6,0,65,24,1.0,1,10,44,1,0,525,mumbai-suburban,0,1,2,7,6,Ground to Floor 1,,2687,44.0,,136.4,14.74,14.74,54982034.08,Skyscraper,IN-MH-MUM-P51800028736-19044
21.7,7.0,Mumbai City,P51900008587,NATHANI HEIGHTS REHAB,Nathani Parekh Constructions Private Limited,400008,18.968752,72.819974,31-12-2021,30-12-2021,0,Residential,5301.04,442.05,13558.53,12/22/2022,0,0,224,224,1.0,1,2,33,0,0,0,mumbai-city,2,2,3,7,5,Ground to Floor 2,,2712,33.0,,102.3,10.94,10.94,222810360.6,Skyscraper,IN-MH-MUM-P51900008587-18968
21.7,7.0,Mumbai City,P51900011250,NATHANI HEIGHTS SALE,Nathani Parekh Constructions Private Limited,400011,18.968752,72.819974,31-12-2021,30-12-2025,0,Others,5301.04,442.05,19101.64,03-05-2024,0,0,815,515,1.0,1,0,36,0,0,0,mumbai-city,0,0,1,7,7,Ground Only,,2729,36.0,,111.6,10.94,10.94,313901528.89,Skyscraper,IN-MH-MUM-P51900011250-18968
21.7,7.0,Mumbai City,P51900003487,SEA PEARL,HINDUSTAN KLOCKNER SWITCHGEAR LTD.,400007,18.95607613,72.81398187,30-12-2023,30-12-2023,12/29/2024,Others,316.64,0.0,3409.98,03-05-2024,0,0,11,7,1.0,1,0,25,1,0,38,mumbai-city,0,1,2,7,6,Ground to Floor 1,,568,25.0,,77.5,10.3,10.3,3347181.81,High-Rise,IN-MH-MUM-P51900003487-18956
21.7,7.0,Mumbai City,P51900049616,Servai Tower,Inclineestate Developers LLP,400007,18.9661928,72.8161376,31-12-2026,31-12-2026,0,Residential,478.26,0.0,3179.96,02-10-2024,0,0,17,5,0.0,1,0,22,1,0,21,mumbai-city,0,1,2,7,6,Ground to Floor 1,,530,22.0,,68.2,10.81,10.81,4714627.78,High-Rise,IN-MH-MUM-P51900049616-18966
27.3,8.8,Mumbai City,P51900027257,Alhambra,Hydra Trading Private Limited,400026,18.97331617,72.8105487,30-03-2023,30-03-2023,0,Residential,1335.37,202.1,4083.57,03/31/2023,0,0,10,0,1.0,1,5,18,1,0,28,mumbai-city,5,6,7,8,2,Ground to Floor 6,,2042,18.0,,55.8,11.17,11.17,16904538.3,High-Rise,IN-MH-MUM-P51900027257-18973
6.2,2.0,Mumbai Suburban,P51800032313,WILLADEL,PRAKASH VASHDEV GIDWANI,400050,18.928602,72.831741,31-03-2023,31-03-2023,03/30/2024,Residential,457.4,0.0,2229.67,06/15/2023,0,0,6,4,0.0,0,0,13,1,4,1,mumbai-suburban,0,1,2,2,1,Ground to Floor 1,,2230,13.0,,40.3,8.93,8.93,3161538.28,High-Rise,IN-MH-MUM-P51800032313-18928
21.7,7.0,Mumbai City,P51900003122,Kakad West End,Kakad Realty Pvt Ltd,400020,18.9351176,72.8264378,,30-06-2022,09/30/2023,Residential,757.6,0.0,753.77,01/25/2024,1,0,17,15,0.0,1,0,15,1,0,37,mumbai-city,0,1,2,7,6,Ground to Floor 1,,3,7.0,,21.7,9.26,9.26,1770274.07,Mid-Rise,IN-MH-MUM-P51900003122-18935
21.7,7.0,Mumbai City,P51900008829,VARDHMAN FLORA PHASE I,VARDHMAN DEVELOPERS LTD,400033,18.98426115,72.84116266,30-12-2022,30-12-2023,12/29/2024,Residential,4701.11,595.4,5081.04,02/16/2024,11,3,113,16,1.0,1,5,50,1,0,200,mumbai-city,5,6,7,7,1,Ground to Floor 6,,5081,50.0,,155.0,11.71,11.71,74048236.66,Skyscraper,IN-MH-MUM-P51900008829-18984
21.7,7.0,Mumbai City,P51900030992,118 WEST,TURQUOISE DEVELOPERS,400008,18.97136813,72.82558784,31-12-2031,31-12-2031,0,Residential,849.04,0.0,5731.02,03/22/2024,0,0,27,0,0.0,1,3,17,1,48,27,mumbai-city,3,4,5,7,3,Ground to Floor 4,,1910,17.0,,52.7,11.07,11.07,15084182.18,High-Rise,IN-MH-MUM-P51900030992-18971
21.7,7.0,Mumbai City,P51900004211,M4 Aarambh,M4 REALTY LLP,400004,18.96065,72.815328,25-12-2022,25-12-2024,0,Others,341.97,0.0,2559.42,05-02-2023,0,0,46,1,1.0,1,0,19,0,0,0,mumbai-city,0,0,1,7,7,Ground Only,,366,19.0,,58.9,10.53,10.53,2713259.06,High-Rise,IN-MH-MUM-P51900004211-18960
21.7,7.0,Mumbai City,P51900016780,DARSSHAN VONALZO,JAYANT ENTERPRISE,400007,18.962659,72.814688,30-12-2024,30-12-2024,0,Residential,652.18,0.0,1013.45,05-11-2023,0,1,27,20,0.0,2,0,31,1,0,32,mumbai-city,0,1,2,7,6,Ground to Floor 1,,169,31.0,,96.1,10.63,10.63,2048950.65,High-Rise,IN-MH-MUM-P51900016780-18962
21.7,7.0,Mumbai City,P51900023110,Shelaji Avenues,Ashirwad Shelaji Developers LLP,400008,18.96417823,72.8282553,30-12-2025,30-12-2025,0,Residential,1266.55,422.59,6792.82,03-08-2024,0,0,89,26,0.0,1,3,18,1,3,34,mumbai-city,3,4,5,7,3,Ground to Floor 4,,2264,18.0,,55.8,10.71,10.71,26670683.13,High-Rise,IN-MH-MUM-P51900023110-18964
3.1,1.0,Mumbai City,P51900013432,FORTUNE EDGE,NINA REALTORS,400003,18.967464,72.833118,31-07-2020,31-01-2021,12/31/2023,Others,403.85,0.0,3942.47,05/30/2022,0,0,95,92,0.0,1,6,22,0,0,51,mumbai-city,6,6,7,7,1,Ground to Floor 6,,3942,22.0,,68.2,10.87,10.87,4935716.18,High-Rise,IN-MH-MUM-P51900013432-18967
18.6,6.0,Mumbai City,P51900006784,Waterfront Tower,Sea Kunal Corporation Pvt. Ltd.,400005,18.9103689,72.8197581,31-07-2017,31-07-2023,0,Residential,1860.79,0.0,3821.4,08-02-2022,0,0,21,8,1.0,1,9,24,2,0,66,mumbai-city,0,2,3,6,4,Ground to Floor 2,,955,24.0,,74.4,8.02,8.02,22043551.01,High-Rise,IN-MH-MUM-P51900006784-18910
21.7,7.0,Mumbai City,P51900015000,36 BABULNATH,VINOD MOHANLAL JAIN,400007,18.9573691,72.8073614,30-09-2021,30-09-2021,03/31/2024,Residential,534.28,0.0,1879.56,03-11-2024,3,0,12,6,0.0,1,5,15,1,0,30,mumbai-city,5,6,7,7,1,Ground to Floor 6,,1880,15.0,,46.5,10.37,10.37,3113055.08,High-Rise,IN-MH-MUM-P51900015000-18957
21.7,7.0,Mumbai City,P51900007404,MURGA GIRAN,LAKADAWALA DEVELOPERS PVT LTD,400008,18.963875,72.821203,31-12-2019,28-11-2021,0,Residential,2241.12,210.0,9623.19,09/30/2019,1,0,134,134,0.0,1,0,24,1,4,1,mumbai-city,0,1,2,7,6,Ground to Floor 1,,1604,24.0,,74.4,10.69,10.69,66856843.08,High-Rise,IN-MH-MUM-P51900007404-18963
21.7,7.0,Mumbai City,P51900008710,NEHA RESIDENCY,SHISHIR MANGEH SHIVAPURKAR,400015,18.996813,72.847305,30-05-2018,30-07-2019,05/30/2024,Residential,507.0,507.0,3277.0,07-07-2021,0,0,17,8,0.0,1,0,23,0,0,0,mumbai-city,0,0,1,7,7,Ground Only,,468,23.0,,71.3,12.34,12.34,5150460.9,High-Rise,IN-MH-MUM-P51900008710-18996
21.7,7.0,Mumbai City,P51900010115,RAJKAMAL PARK,PRARTHANA GRIHA NIRMAN,400012,18.995963,72.842362,31-12-2022,30-12-2023,12/29/2024,Residential,3150.83,0.0,10953.91,11/24/2023,0,0,126,96,0.0,2,0,14,2,0,2,mumbai-city,0,2,3,7,5,Ground to Floor 2,,2191,14.0,,43.4,12.3,12.3,106993115.56,High-Rise,IN-MH-MUM-P51900010115-18995
21.7,7.0,Mumbai City,P51900001936,MONTESOUTH-1,SWAYAM REALTORS & TRADERS LLP,400011,18.97,72.83,31-12-2021,30-12-2022,0,Residential,1475.7,0.0,24383.86,02/15/2024,0,0,168,112,4.0,1,7,22,1,0,336,mumbai-city,0,1,2,7,6,Ground to Floor 1,,4064,22.0,,68.2,11.0,11.0,111548112.83,High-Rise,IN-MH-MUM-P51900001936-18970
21.7,7.0,Mumbai City,P51900006299,Godrej Avenue Eleven - Tower B,GODREJ RESIDENCY PRIVATE LIMITED,400008,18.9671396,72.8286571,31-12-2021,30-12-2023,12/29/2024,Residential,4802.42,688.55,1327.24,02/23/2024,29,1,151,72,3.0,1,7,56,1,0,368,mumbai-city,0,1,2,7,6,Ground to Floor 1,,221,56.0,,173.6,10.86,10.86,19759288.15,Skyscraper,IN-MH-MUM-P51900006299-18967
21.7,7.0,Mumbai City,P51900007228,RUSI MEHTA TOWERS,ANAHITA RUSI MEHTA,400008,18.9671396,72.8286571,31-07-2018,31-07-2018,12/30/2021,Residential,285.12,0.0,1326.93,11/28/2023,0,0,35,0,0.0,1,0,18,0,0,0,mumbai-city,0,0,1,7,7,Ground Only,,190,18.0,,55.8,10.86,10.86,1172836.27,High-Rise,IN-MH-MUM-P51900007228-18967
21.7,7.0,Mumbai City,P51900005993,LAKADAWALA HEIGHTS,AARIAASH DEVELOPERS,400008,18.9671396,72.8286571,30-12-2021,30-12-2021,12/31/2024,Residential,746.66,158.63,0.0,02-02-2023,3,1,42,6,1.0,1,2,21,0,0,47,mumbai-city,2,2,3,7,5,Ground to Floor 2,,0,21.0,,65.1,10.86,10.86,0.0,High-Rise,IN-MH-MUM-P51900005993-18967
21.7,7.0,Mumbai City,P51900010538,BAUG-E-MOHAMMED,RIZWAN HABIB MALIK,400008,18.9671396,72.8286571,31-12-2020,30-12-2022,12/30/2023,Others,183.11,3.0,1278.02,03/20/2023,0,0,39,0,0.0,1,4,23,0,0,0,mumbai-city,4,4,5,7,3,Ground to Floor 4,,426,23.0,,71.3,10.86,10.86,725456.55,High-Rise,IN-MH-MUM-P51900010538-18967
21.7,7.0,Mumbai City,P51900004158,Kinjal Nine,Hi Rock Construction Pvt Ltd,400008,18.9671396,72.8286571,19-04-2020,19-10-2020,01/18/2024,Others,838.0,0.0,4752.0,02-06-2024,0,0,39,33,0.0,1,0,22,1,0,47,mumbai-city,0,1,2,7,6,Ground to Floor 1,,792,22.0,,68.2,10.86,10.86,12344745.6,High-Rise,IN-MH-MUM-P51900004158-18967
6.2,7.0,Mumbai City,P51900012238,SAUDA HEIGHTS,M.K. INDIA ENTERPRISES,400008,18.9671396,72.8286571,,,0,Residential,964.6,78.31,7632.41,11-11-2020,1,0,210,208,0.0,2,6,44,2,0,2,mumbai-city,6,8,9,9,1,Ground to Floor 8,,210,2.0,,6.2,10.86,10.86,22822890.33,Low-Rise,IN-MH-MUM-P51900012238-18967
21.7,7.0,Mumbai City,P51900013072,NEMAT -E- FAROOQUE HERITAGE,FALAKDEVELOPER,400008,18.9671396,72.8286571,30-06-2018,30-06-2019,12/31/2024,Residential,464.05,0.0,2255.3,06/13/2023,0,4,126,98,0.0,1,4,23,0,0,0,mumbai-city,4,4,5,7,3,Ground to Floor 4,,752,23.0,,71.3,10.86,10.86,3244373.09,High-Rise,IN-MH-MUM-P51900013072-18967
21.7,7.0,Mumbai City,P51900004434,La Mer Casa,EXCELLENT REALTOR DEVELOPERS,400008,18.9671396,72.8286571,31-12-2021,30-12-2022,12/31/2027,Residential,5531.81,432.1,10586.59,01/31/2024,0,5,240,78,3.0,1,5,52,1,23,147,mumbai-city,5,6,7,7,1,Ground to Floor 6,,10587,52.0,,161.2,10.86,10.86,181545313.73,Skyscraper,IN-MH-MUM-P51900004434-18967
24.8,7.0,Mumbai City,P51900001563,FATIMA HEIGHTS,M K ENTERPRISES,400008,18.9671396,72.8286571,,,0,Residential,14003.46,618.34,94265.11,12/27/2023,1,0,1271,309,0.0,8,0,179,8,0,8,mumbai-city,0,0,1,7,7,Ground Only,,182,8.0,,24.8,10.86,10.86,4092116861.57,Mid-Rise,IN-MH-MUM-P51900001563-18967
21.7,7.0,Mumbai City,P51900011568,AZAD RESIDENCY,DUDHWALA CONSTRUCTION,400008,18.9671396,72.8286571,31-12-2019,30-12-2025,0,Residential,477.84,0.0,3030.81,03/22/2024,0,0,24,3,1.0,1,0,23,1,0,29,mumbai-city,0,1,2,7,6,Ground to Floor 1,,505,23.0,,71.3,10.86,10.86,4489550.98,High-Rise,IN-MH-MUM-P51900011568-18967
21.7,7.0,Mumbai City,P51900007614,EKDANT,ZENIA REALTY,400008,18.9671396,72.8286571,,,0,Residential,555.67,0.0,4728.07,02-12-2024,3,0,62,44,2.0,1,0,23,0,0,0,mumbai-city,0,0,1,7,7,Ground Only,,9,7.0,,21.7,10.86,10.86,8144464.64,Mid-Rise,IN-MH-MUM-P51900007614-18967
21.7,7.0,Mumbai City,P51900005216,Godrej Avenue Eleven - Tower A,GODREJ RESIDENCY PRIVATE LIMITED,400008,18.9671396,72.8286571,31-12-2021,30-12-2023,12/31/2028,Residential,8430.85,1208.79,51131.88,02/23/2024,67,10,223,100,3.0,1,6,66,1,0,656,mumbai-city,6,7,8,8,1,Ground to Floor 7,,51132,66.0,,204.6,10.86,10.86,1336364152.54,Skyscraper,IN-MH-MUM-P51900005216-18967
21.7,7.0,Mumbai City,P51900016554,BELLAGIO,ESTELLE ESTATES & INFRASTRUCTURE PRIVATE LIMITED,400008,18.9671396,72.8286571,30-12-2023,30-12-2023,0,Residential,1382.9,0.0,5859.91,03-11-2024,0,1,89,0,0.0,1,3,22,1,0,1,mumbai-city,3,4,5,7,3,Ground to Floor 4,,1953,22.0,,68.2,10.86,10.86,25121375.57,High-Rise,IN-MH-MUM-P51900016554-18967
21.7,7.0,Mumbai City,P51900005018,MARIAM RESIDENCY,DARVESH PROPERTIES PRIVATE LIMITED,400008,18.9671396,72.8286571,,30-06-2021,12/31/2023,Others,1064.24,0.0,4552.38,12/27/2022,0,0,18,18,0.0,1,3,14,1,0,65,mumbai-city,3,4,5,7,3,Ground to Floor 4,,6,7.0,,21.7,10.86,10.86,15018957.16,Mid-Rise,IN-MH-MUM-P51900005018-18967
21.7,7.0,Mumbai City,P51900007576,Golden Residency,GOLDEN REALTY,400008,18.9671396,72.8286571,31-12-2020,30-12-2022,12/30/2023,Residential,1297.68,84.2,7405.84,02/26/2024,0,0,307,114,0.0,1,4,33,0,0,103,mumbai-city,4,4,5,7,3,Ground to Floor 4,,2469,33.0,,102.3,10.86,10.86,29792272.4,Skyscraper,IN-MH-MUM-P51900007576-18967
21.7,7.0,Mumbai City,P51900008636,Elegant Residency,Best Enterprises,400008,18.9671396,72.8286571,31-12-2022,30-12-2023,0,Residential,363.71,0.0,2994.16,03/15/2024,0,0,56,20,0.0,1,0,23,0,0,19,mumbai-city,0,0,1,7,7,Ground Only,,428,23.0,,71.3,10.86,10.86,3375918.39,High-Rise,IN-MH-MUM-P51900008636-18967
21.7,7.0,Mumbai City,P51900007804,THE SERAI PHASE - 1,KATHAWALA REALTORS LLP,400008,18.9671396,72.8286571,31-12-2022,30-06-2023,12/29/2024,Others,6990.29,754.04,19158.5,03/22/2024,0,0,418,0,2.0,1,5,21,0,0,0,mumbai-city,5,5,6,7,2,Ground to Floor 5,,9579,21.0,,65.1,10.86,10.86,415162759.99,High-Rise,IN-MH-MUM-P51900007804-18967
21.7,7.0,Mumbai City,P51900006756,Tower 52,Tamir Enterprises,400008,18.9671396,72.8286571,31-12-2019,31-12-2019,0,Residential,248.33,0.0,2688.52,04-06-2023,0,2,32,32,0.0,1,0,23,0,0,0,mumbai-city,0,0,1,7,7,Ground Only,,384,23.0,,71.3,10.86,10.86,2069684.53,High-Rise,IN-MH-MUM-P51900006756-18967
21.7,7.0,Mumbai City,P51900003349,KSA ELAF,Shezad Abdul Aziz Reshamwala,400008,18.9671396,72.8286571,31-12-2018,31-12-2018,06/30/2023,Residential,627.93,0.0,2915.24,05/29/2023,0,0,21,21,0.0,1,3,16,0,0,30,mumbai-city,3,3,4,7,4,Ground to Floor 3,,729,16.0,,49.6,10.86,10.86,5674756.62,High-Rise,IN-MH-MUM-P51900003349-18967
21.7,7.0,Mumbai City,P51900001206,KSA ROYALE,M/S.KSA DEVELOPERS,400008,18.9671396,72.8286571,30-06-2021,30-06-2021,03/31/2024,Residential,762.55,0.0,7246.0,05/29/2023,2,0,68,68,0.0,1,2,23,0,0,47,mumbai-city,2,2,3,7,5,Ground to Floor 2,,1449,23.0,,71.3,10.86,10.86,17128855.63,High-Rise,IN-MH-MUM-P51900001206-18967
21.7,7.0,Mumbai City,P51900012009,ANZAR ELEGANCE,MITHILA DEVELOPERS,400008,18.9671396,72.8286571,31-12-2020,30-12-2021,12/30/2022,Residential,936.64,0.0,3380.46,03/21/2024,1,0,16,0,1.0,1,5,19,0,0,0,mumbai-city,5,5,6,7,2,Ground to Floor 5,,1690,19.0,,58.9,10.86,10.86,9815449.57,High-Rise,IN-MH-MUM-P51900012009-18967
21.7,7.0,Mumbai City,P51900005526,ALLANA MANSION,K. LIVING ESTATES PRIVATE LIMITED,400008,18.9671396,72.8286571,31-03-2019,31-03-2019,03/31/2024,Residential,1282.62,0.0,2712.89,11/28/2023,0,0,14,12,0.0,1,0,19,1,0,1,mumbai-city,0,1,2,7,6,Ground to Floor 1,,452,19.0,,58.9,10.86,10.86,10786781.61,High-Rise,IN-MH-MUM-P51900005526-18967
21.7,7.0,Mumbai City,P51900007117,BAUG E UMAR,MAHANAGAR CONSTRUCTIONS PRIVATE LIMITED,400008,18.9671396,72.8286571,31-12-2021,30-12-2022,12-10-2023,Residential,426.17,0.0,2335.25,05/18/2023,0,0,20,20,0.0,1,5,20,0,0,8,mumbai-city,5,5,6,7,2,Ground to Floor 5,,1168,20.0,,62.0,10.86,10.86,3085161.83,High-Rise,IN-MH-MUM-P51900007117-18967
21.7,7.0,Mumbai City,P51900004897,DUDHWALA AQUAPEARL,DUDHWALA REAL ESTATE AND INVESTMENT,400008,18.9671396,72.8286571,31-12-2021,30-12-2022,0,Residential,4994.18,775.04,16129.09,03-02-2024,0,0,165,140,2.0,2,3,47,2,1,325,mumbai-city,3,5,6,7,2,Ground to Floor 5,,8065,47.0,,145.7,10.86,10.86,249709893.96,Skyscraper,IN-MH-MUM-P51900004897-18967
21.7,7.0,Mumbai City,P51900010561,KSA GRANDE,M/s.FABER CONSTRUCTIONS,400008,18.9671396,72.8286571,31-12-2018,31-12-2018,06/30/2023,Residential,396.32,0.0,4274.29,10/24/2023,0,0,36,36,0.0,1,2,23,0,0,36,mumbai-city,2,2,3,7,5,Ground to Floor 2,,855,23.0,,71.3,10.86,10.86,5251358.5,High-Rise,IN-MH-MUM-P51900010561-18967
21.7,7.0,Mumbai City,P51900030602,Infinity Residences,Infinity Associates,400033,18.99373016,72.84475326,31-12-2028,31-12-2028,0,Residential,6439.85,243.29,11753.89,02/20/2024,2,0,212,121,0.0,1,0,40,0,0,66,mumbai-city,0,0,1,7,7,Ground Only,,1679,40.0,,124.0,12.19,12.19,234649194.4,Skyscraper,IN-MH-MUM-P51900030602-18993
21.7,7.0,Mumbai City,P51900002984,RATAN LUXURIA RATAN ANNEX,SHRI NAKODA ENTERPRISES,400007,18.964914,72.815246,31-12-2015,31-12-2018,0,Residential,1947.33,151.01,5841.99,08-08-2018,0,0,43,15,1.0,2,4,43,2,0,53,mumbai-city,4,6,7,7,1,Ground to Floor 6,,5842,43.0,,133.3,10.75,10.75,35266475.4,Skyscraper,IN-MH-MUM-P51900002984-18964
21.7,7.0,Mumbai City,P51900011221,ANANTAYA APARTMENTS,Sanskriti Developers,400004,18.953026,72.822213,31-12-2019,30-12-2021,12/31/2024,Residential,1036.79,0.0,3994.13,03-04-2024,0,0,25,19,1.0,1,0,37,0,0,47,mumbai-city,0,0,1,7,7,Ground Only,,571,37.0,,114.7,10.15,10.15,12837329.53,Skyscraper,IN-MH-MUM-P51900011221-18953
21.7,7.0,Mumbai City,P51900020397,SANGHVI PARSSSVA EXCELLENSEA,SANGHVI PARSSSVA ENTERPRISE LLP,400004,18.9535081,72.8175072,30-12-2023,30-12-2023,12/29/2024,Others,928.93,0.0,3731.02,01/13/2024,6,0,16,6,1.0,1,0,23,0,0,0,mumbai-city,0,0,1,7,7,Ground Only,,533,23.0,,71.3,10.18,10.18,10744154.87,High-Rise,IN-MH-MUM-P51900020397-18953
27.9,9.0,Mumbai City,P51900004714,Iora,Verain Commercials LLP,400007,18.965277,72.813163,30-06-2021,30-06-2022,06/29/2023,Residential,2141.32,121.0,8672.34,02/13/2024,0,0,53,49,3.0,1,7,42,1,0,1,mumbai-city,0,1,2,9,8,Ground to Floor 1,Floor 8,1084,42.0,,130.2,10.76,10.76,57567790.78,Skyscraper,IN-MH-MUM-P51900004714-18965
15.5,5.0,Mumbai City,P51900012124,BAYVIEW HEIGHTS,HIND CONSTRUCTION,400028,18.918784,72.831864,30-06-2018,31-12-2018,0,Others,250.46,0.0,1013.93,01-11-2019,0,0,15,13,0.0,1,0,16,0,0,16,mumbai-city,0,0,1,5,5,Ground Only,,203,16.0,,49.6,8.44,8.44,787241.61,High-Rise,IN-MH-MUM-P51900012124-18918
21.7,7.0,Mumbai City,P51900008056,BISMILLAH RESIDENCY,NIRBAN INFRASTRUCTURE PVT LTD,400008,18.96211,72.831769,31-12-2017,31-07-2018,07/31/2019,Residential,835.29,0.0,3443.17,12/30/2022,0,1,57,57,0.0,1,6,23,1,0,44,mumbai-city,6,7,8,8,1,Ground to Floor 7,,3443,23.0,,71.3,10.61,10.61,8915740.95,High-Rise,IN-MH-MUM-P51900008056-18962
12.4,4.0,Mumbai City,P51900002599,AMOGH,Bhalchandra  Wadnerkar,400012,19.014175,72.827072,31-10-2017,31-12-2017,0,Residential,306.86,0.0,1145.2,12-06-2021,0,0,8,5,0.0,1,0,9,1,0,1,mumbai-city,0,1,2,4,3,Ground to Floor 1,,382,9.0,,27.9,13.21,13.21,1089389.82,Mid-Rise,IN-MH-MUM-P51900002599-19014
21.7,7.0,Mumbai City,P51900004172,Lifescapes Kshitij,Roxina Real Estate Pvt. Ltd.,400002,18.95305298,72.82629964,31-12-2022,30-12-2023,11/29/2024,Residential,5810.71,1069.38,15262.71,03/19/2024,6,4,213,108,1.0,1,8,43,2,0,204,mumbai-city,0,2,3,7,5,Ground to Floor 2,,3053,43.0,,133.3,10.15,10.15,274930263.03,Skyscraper,IN-MH-MUM-P51900004172-18953
21.7,7.0,Mumbai City,P51900013345,Kashinath,QASWA ENTERPRISES,400002,18.947995,72.833061,26-12-2022,26-12-2023,0,Mixed (Plots & Buildings),724.08,0.0,5950.8,11-01-2022,0,0,147,0,1.0,1,0,23,0,0,0,mumbai-city,0,0,1,7,7,Ground Only,,850,23.0,,71.3,9.9,9.9,13357451.32,High-Rise,IN-MH-MUM-P51900013345-18947
21.7,7.0,Mumbai City,P51900017724,Simna Heights / Shantichndra Heights,ASHRAF VALI MOHAMMAD QURESH,400009,18.96099428,72.83662481,31-12-2019,31-12-2019,06/30/2025,Residential,389.63,389.63,1848.54,01/20/2024,0,0,28,25,0.0,1,6,22,1,0,21,mumbai-city,6,7,8,8,1,Ground to Floor 7,,1849,22.0,,68.2,10.55,10.55,2232764.58,High-Rise,IN-MH-MUM-P51900017724-18960
9.3,3.0,Mumbai Suburban,P51800003751,KISMET CHSL,Midcity Landmarks LLP,400054,19.078441,72.833852,31-07-2019,31-12-2019,12/30/2021,Residential,1254.2,0.0,3724.54,02/15/2022,0,0,8,8,1.0,1,3,17,1,0,1,mumbai-suburban,3,4,5,5,1,Ground to Floor 4,,3725,17.0,,52.7,16.42,16.42,14481086.01,High-Rise,IN-MH-MUM-P51800003751-19078
65.1,21.0,Mumbai City,P51900009280,Chandan Heights,Pavankumar Bachhraj Chandan,400004,18.956708,72.827883,31-01-2010,31-12-2017,0,Others,581.56,0.0,4573.31,04/19/2022,0,0,123,118,0.0,1,3,19,0,0,27,mumbai-city,3,3,4,21,18,Ground to Floor 3,"Floor 10, Floor 17",254,19.0,,58.9,10.34,10.34,8244927.91,High-Rise,IN-MH-MUM-P51900009280-18956
21.7,7.0,Mumbai City,P51900016858,AMAN GRIHA,CITYMAKER BUILDERS PVT LTD,400004,18.95640659,72.82730011,30-12-2021,30-12-2021,0,Residential,777.15,0.0,8672.66,02/18/2023,0,0,168,146,1.0,1,0,23,1,0,60,mumbai-city,0,1,2,7,6,Ground to Floor 1,,1445,23.0,,71.3,10.32,10.32,20893868.93,High-Rise,IN-MH-MUM-P51900016858-18956
21.7,7.0,Mumbai City,P51900051597,Sugee Renaissance,Sugee Two Developers LLP,400004,18.95809098,72.81859098,30-09-2026,30-09-2026,0,Residential,559.37,0.0,4068.71,02-05-2024,2,0,26,13,0.0,1,0,22,0,0,0,mumbai-city,0,0,1,7,7,Ground Only,,581,22.0,,68.2,10.4,10.4,7055334.37,High-Rise,IN-MH-MUM-P51900051597-18958
21.7,7.0,Mumbai City,P51900004810,PRAMAN HERITAGE,PRAMAN DEVELOPERS,400004,18.95704,72.823102,30-09-2018,31-12-2019,0,Residential,844.46,0.0,3161.04,03-01-2020,0,0,36,36,1.0,1,0,8,1,0,30,mumbai-city,0,1,2,7,6,Ground to Floor 1,,527,8.0,,24.8,10.35,10.35,8275052.7,Mid-Rise,IN-MH-MUM-P51900004810-18957
21.7,7.0,Mumbai City,P51900022063,ABIL Mansion,Arindam Developers LLP,400007,18.95652272,72.81302017,30-03-2024,30-03-2024,0,Residential,1061.04,0.0,4200.48,03/22/2024,0,0,33,4,1.0,1,9,24,0,0,52,mumbai-city,0,0,1,7,7,Ground Only,,600,24.0,,74.4,10.33,10.33,13816319.63,High-Rise,IN-MH-MUM-P51900022063-18956
21.7,7.0,Mumbai City,P51900052238,KRYPTON CROWN,KRYPTON CREATION,400007,18.9643081,72.8177934,31-03-2027,31-03-2027,0,Residential,513.38,0.0,2902.62,02-10-2024,0,0,17,0,1.0,1,0,20,0,0,0,mumbai-city,0,0,1,7,7,Ground Only,,415,20.0,,62.0,10.72,10.72,4619455.87,High-Rise,IN-MH-MUM-P51900052238-18964
21.7,7.0,Mumbai City,P51900004674,Krishvi Heights,M/s Shagun Associates,400004,18.956985,72.820999,31-10-2018,31-12-2019,12/31/2022,Others,1104.52,0.0,5610.88,12/16/2022,0,0,33,25,1.0,1,7,40,0,0,68,mumbai-city,0,0,1,7,7,Ground Only,,802,40.0,,124.0,10.35,10.35,19211720.45,Skyscraper,IN-MH-MUM-P51900004674-18956
18.6,6.0,Mumbai City,P51900009906,THE XCLUSIV,Om Omega Shelters,400018,18.9985145,72.8173545,31-12-2020,30-12-2026,0,Residential,10067.58,852.75,30168.0,09/29/2023,2,1,156,11,2.0,1,6,33,1,0,381,mumbai-city,6,7,8,8,1,Ground to Floor 7,,30168,33.0,,102.3,12.43,12.43,941528135.66,Skyscraper,IN-MH-MUM-P51900009906-18998
18.6,6.0,Mumbai City,P51900010428,AMANN MARINA,MS RELLIANCE CONSTRUCTION CO,400018,18.9985145,72.8173545,31-03-2015,31-12-2018,12/31/2019,Residential,2387.0,1052.01,1735.65,02/17/2020,1,1,30,26,0.0,1,6,23,1,0,0,mumbai-city,6,7,8,8,1,Ground to Floor 7,,1736,23.0,,71.3,12.43,12.43,12843289.31,High-Rise,IN-MH-MUM-P51900010428-18998
18.6,6.0,Mumbai City,P51900005352,47 RACE COURSE,AKSHAY STHAPATYA PVT. LTD.,400018,18.9985145,72.8173545,31-12-2010,30-12-2027,0,Residential,20500.0,1550.0,5026.0,08/15/2021,4,1,19,0,0.0,1,2,12,1,0,48,mumbai-city,2,3,4,6,3,Ground to Floor 3,,1675,12.0,,37.2,12.43,12.43,319402300.0,High-Rise,IN-MH-MUM-P51900005352-18998
18.6,6.0,Mumbai City,P51900011549,SHEEL MARIE CHS,PUSHPAK REALTY DEVELOPERS,400018,18.9985145,72.8173545,31-03-2018,31-03-2018,0,Residential,1379.81,206.95,1827.16,09/19/2019,0,0,25,25,0.0,1,4,14,1,0,1,mumbai-city,4,5,6,6,1,Ground to Floor 5,,1827,14.0,,43.4,12.43,12.43,7815514.28,High-Rise,IN-MH-MUM-P51900011549-18998
21.7,7.0,Mumbai City,P51900008962,THE WORLD TOWERS - WORLD ONE - TIER III AND TRINITY,MACROTECH DEVELOPERS LIMITED,400013,19.0025407,72.8265301,30-06-2021,30-06-2021,06/30/2023,Residential,3506.08,0.0,47159.98,02/27/2024,0,4,369,230,2.0,1,4,77,1,0,923,mumbai-city,4,5,6,7,2,Ground to Floor 5,,23580,77.0,,238.7,12.63,12.63,512574654.3,Skyscraper,IN-MH-MUM-P51900008962-19002
21.7,7.0,Mumbai City,P51900014984,One Lodha Place,MACROTECH DEVELOPERS LIMITED,400013,19.0025407,72.8265301,30-03-2023,30-03-2023,0,Commercial,4410.11,1564.57,15239.48,02/27/2024,1,2,206,191,2.0,1,10,11,0,0,195,mumbai-city,0,0,1,7,7,Ground Only,,2177,11.0,,34.1,12.63,12.63,208344127.74,High-Rise,IN-MH-MUM-P51900014984-19002
21.7,7.0,Mumbai City,P51900008345,THE WORLD TOWERS -  WORLD ONE - TIER II,MACROTECH DEVELOPERS LIMITED,400013,19.0025407,72.8265301,31-12-2017,30-09-2018,09/30/2019,Residential,1874.58,0.0,21901.9,02/27/2024,0,16,61,55,2.0,0,5,34,0,0,189,mumbai-city,5,5,6,7,2,Ground to Floor 5,,10951,34.0,,105.4,12.63,12.63,127276277.48,Skyscraper,IN-MH-MUM-P51900008345-19002
21.7,7.0,Mumbai City,P51900004775,TURQUOISE,MAGNETIC PROPERTIES PRIVATE LIMITED,400026,18.970642,72.809483,31-03-2021,30-03-2022,0,Others,1689.63,0.0,0.0,08-05-2019,0,0,0,0,1.0,1,0,9,0,0,0,mumbai-city,0,0,1,7,7,Ground Only,,0,9.0,,27.9,11.03,11.03,0.0,Mid-Rise,IN-MH-MUM-P51900004775-18970
21.7,7.0,Mumbai City,P51900009079,Amarsons Entallia,D T CORPORATION,400026,18.970642,72.809483,25-03-2020,25-03-2020,09/30/2022,Residential,1390.6,125.07,5582.02,02/23/2023,0,0,19,11,0.0,1,5,18,1,0,1,mumbai-city,5,6,7,7,1,Ground to Floor 6,,5582,18.0,,55.8,11.03,11.03,24063306.74,High-Rise,IN-MH-MUM-P51900009079-18970
24.8,8.0,Mumbai City,P51900018769,Naman Xana,Shree Naman Residency Pvt. Ltd.,400018,19.00379306,72.81319272,28-08-2027,28-08-2027,0,Residential,2584.38,619.42,7551.03,03-12-2024,1,0,17,0,3.0,1,14,23,1,0,174,mumbai-city,0,1,2,8,7,Ground to Floor 1,,1079,23.0,,71.3,12.69,12.69,60495665.83,High-Rise,IN-MH-MUM-P51900018769-19003
21.7,7.0,Mumbai City,P51900015555,PARINEE EMINENCE PHASE 1,Om Omega Shelters Private Limited,400018,18.9967519,72.8223426,30-09-2023,30-09-2023,09/30/2026,Commercial,10067.58,1069.3,45496.0,03/13/2024,2,0,573,50,2.0,1,0,37,1,0,901,mumbai-city,0,1,2,7,6,Ground to Floor 1,,7583,37.0,,114.7,12.34,12.34,1419907321.01,Skyscraper,IN-MH-MUM-P51900015555-18996
31.0,10.0,Mumbai City,P51900003861,DARSHAN RICCO,DARSHAN GROUP,400013,19.0001774,72.82573906,31-12-2018,31-12-2018,12/31/2019,Residential,2528.45,202.33,5641.29,04-05-2023,1,0,50,34,1.0,1,0,23,1,9,90,mumbai-city,0,1,2,10,9,Ground to Floor 1,Floor 8,627,23.0,,71.3,12.51,12.51,44217531.07,High-Rise,IN-MH-MUM-P51900003861-19000
31.0,10.0,Mumbai City,P51900013066,DEE JAY SQUARE A WING,DEE JAY DEVELOPERS,400025,19.014533,72.83269,31-03-2016,30-12-2021,03/31/2025,Others,463.21,0.0,2246.38,03/18/2024,0,0,21,0,0.0,1,0,10,1,0,1,mumbai-city,0,1,2,10,9,Ground to Floor 1,Floor 8,250,10.0,,31.0,13.23,13.23,3225691.61,High-Rise,IN-MH-MUM-P51900013066-19014
21.7,7.0,Mumbai City,P51900000616,Indiabulls Sky Forest -A3,Indiabulls Properties Private Limited,400013,19.007895,72.83296,30-09-2019,30-09-2023,0,Residential,2631.71,9771.61,32231.11,01/31/2024,0,29,219,213,1.0,1,5,54,0,0,0,mumbai-city,5,5,6,7,2,Ground to Floor 5,,16116,54.0,,167.4,12.89,12.89,262951096.94,Skyscraper,IN-MH-MUM-P51900000616-19007
21.7,7.0,Mumbai City,P51900000467,Indiabulls Sky Forest -A2,Indiabulls Properties Private Limited,400013,19.007895,72.83296,30-09-2019,30-09-2023,0,Residential,2631.71,9771.61,28848.95,01/31/2024,0,19,1095,793,6.0,6,30,324,0,0,0,mumbai-city,0,0,1,7,7,Ground Only,,4121,324.0,,1004.4,12.89,12.89,235358417.63,Skyscraper,IN-MH-MUM-P51900000467-19007
21.7,7.0,Mumbai City,P51900003331,PLUS ART,CHINTAMANI CONSTRUCTION COMPANY,400013,18.996812,72.831906,,,06-01-2026,Others,3545.18,0.0,7045.52,02/26/2024,3,0,111,42,0.0,1,0,18,1,0,141,mumbai-city,0,1,2,7,6,Ground to Floor 1,,19,7.0,,21.7,12.34,12.34,77430673.44,Mid-Rise,IN-MH-MUM-P51900003331-18996
21.7,7.0,Mumbai Suburban,P51800005021,EKTA TRINITY,EKTA HOUSING PRIVATE LIMITED,400054,19.077954,72.839861,31-12-2021,30-12-2022,0,Residential,2785.1,402.51,3246.35,09-06-2023,0,0,58,57,0.0,3,0,47,3,0,0,mumbai-suburban,0,0,1,7,7,Ground Only,,464,47.0,,145.7,16.4,16.4,28028369.09,Skyscraper,IN-MH-MUM-P51800005021-19077
21.7,7.0,Mumbai Suburban,P51800010411,ND Enclave,N & D Constructions LLP,400055,19.07819,72.843701,31-12-2018,31-12-2018,12/31/2019,Residential,468.16,0.0,1258.28,01/24/2020,0,0,20,1,0.0,1,0,12,1,2,1,mumbai-suburban,0,1,2,7,6,Ground to Floor 1,,210,12.0,,37.2,16.41,16.41,1826136.73,High-Rise,IN-MH-MUM-P51800010411-19078
21.7,7.0,Mumbai Suburban,P51800013884,Ramkrishna,SHREEJI LIFESPACE,400052,19.073333,72.838777,31-07-2020,31-07-2020,07/31/2023,Residential,907.2,0.0,2449.44,11-02-2022,0,0,12,0,0.0,1,2,15,1,10,27,mumbai-suburban,2,3,4,7,4,Ground to Floor 3,,612,15.0,,46.5,16.17,16.17,6888609.1,High-Rise,IN-MH-MUM-P51800013884-19073
21.7,7.0,Mumbai City,P51900006752,MANGIRISH,ACCORD ESTATES PVT LTD,400028,19.021186,72.831684,,30-06-2019,06/30/2022,Residential,785.59,0.0,3156.13,03/21/2024,0,0,24,17,0.0,1,4,23,1,2,1,mumbai-city,4,5,6,7,2,Ground to Floor 5,,12,7.0,,21.7,13.56,13.56,7686214.92,Mid-Rise,IN-MH-MUM-P51900006752-19021
21.7,7.0,Mumbai City,P51900008207,PALETTE,SURAJ ESTATE DEVELOPERS LTD,400028,19.018909,72.835023,28-02-2021,30-06-2023,12/31/2025,Residential,3266.75,261.83,4646.27,03-01-2024,0,0,117,101,1.0,1,9,44,1,18,251,mumbai-city,0,1,2,7,6,Ground to Floor 1,,774,44.0,,136.4,13.45,13.45,47052427.82,Skyscraper,IN-MH-MUM-P51900008207-19018
21.7,7.0,Mumbai City,P51900029610,SKYLINE,ARIHANT BUILDERS AND DEVELOPERS,400028,19.01775,72.83582,31-03-2023,31-03-2023,03/31/2024,Residential,303.14,0.0,2312.12,03-08-2024,0,0,63,53,1.0,1,0,25,0,0,28,mumbai-city,0,0,1,7,7,Ground Only,,330,25.0,,77.5,13.39,13.39,2172777.78,High-Rise,IN-MH-MUM-P51900029610-19017
15.5,5.0,Mumbai City,P51900002151,AJMERA CLASSIQUE,JASMIN KISHORECHANDRA AJMERA,400025,19.011045,72.827522,31-12-2022,30-12-2023,0,Residential,738.3,0.0,1183.83,03/20/2023,0,0,11,0,0.0,1,4,16,1,1,24,mumbai-city,4,5,6,6,1,Ground to Floor 5,,1184,16.0,,49.6,13.05,13.05,2709467.24,High-Rise,IN-MH-MUM-P51900002151-19011
46.5,15.0,Mumbai City,P51900009276,KUL Couture,Kumar Builders,400025,19.011813,72.82429,20-11-2016,30-12-2024,0,Residential,1348.13,0.0,8123.07,02-09-2023,5,5,97,94,0.0,2,4,28,2,0,57,mumbai-city,4,6,7,15,9,Ground to Floor 6,Floor 13,903,28.0,,86.8,13.09,13.09,33947958.51,High-Rise,IN-MH-MUM-P51900009276-19011
21.7,7.0,Mumbai City,P51900009379,Raheja Imperia - I,Raheja Universal (Pvt.) Ltd.,400013,19.001597,72.824423,31-12-2019,30-12-2022,0,Residential,1355.0,0.0,44412.96,04/18/2022,0,4,262,215,0.0,1,2,58,1,0,772,mumbai-city,2,3,4,7,4,Ground to Floor 3,,11103,58.0,,179.8,12.58,12.58,186556638.48,Skyscraper,IN-MH-MUM-P51900009379-19001
21.7,7.0,Mumbai City,P51900011726,Eon One,Firstlight Properties Private Limited,400028,19.01770157,72.83207865,31-12-2022,30-12-2023,12/31/2025,Residential,3043.5,380.83,9941.71,03-06-2024,3,1,68,32,1.0,1,7,26,1,0,82,mumbai-city,0,1,2,7,6,Ground to Floor 1,,1657,26.0,,80.6,13.39,13.39,93798542.59,High-Rise,IN-MH-MUM-P51900011726-19017
21.7,7.0,Mumbai City,P51900010718,LOTUS RESIDENCY,LOTUS ENTERPRISES,400013,19.0083734,72.8304087,31-12-2018,30-12-2023,0,Residential,27585.35,9121.64,30834.3,04/24/2023,0,0,431,203,1.0,1,3,42,1,35,510,mumbai-city,3,4,5,7,3,Ground to Floor 4,,10278,42.0,,130.2,12.92,12.92,2636782368.27,Skyscraper,IN-MH-MUM-P51900010718-19008
21.7,7.0,Mumbai City,P51900005054,FLORENCE,ECOSTRUK INFRA PRIVATE LIMITED,400013,19.0083734,72.8304087,30-06-2021,30-06-2022,0,Residential,595.32,0.0,4359.0,02-05-2022,0,0,35,35,0.0,1,0,23,0,0,0,mumbai-city,0,0,1,7,7,Ground Only,,623,23.0,,71.3,12.92,12.92,8044499.63,High-Rise,IN-MH-MUM-P51900005054-19008
21.7,7.0,Mumbai City,P51900004016,DB Views,M/s Shree Shantinagar Venture,400011,19.0083734,72.8304087,31-12-2022,30-12-2026,0,Residential,1507.45,0.0,0.0,05/22/2023,4,2,386,7,3.0,1,7,53,1,0,48,mumbai-city,0,1,2,7,6,Ground to Floor 1,,0,53.0,,164.3,12.92,12.92,0.0,Skyscraper,IN-MH-MUM-P51900004016-19008
21.7,7.0,Mumbai City,P51900007234,MINT MAGNA HOUSING LLP,Mint Magna Housing LLP,400013,19.0083734,72.8304087,30-03-2017,30-03-2018,0,Residential,462.37,0.0,2595.78,07/23/2018,0,0,19,7,1.0,1,0,21,0,0,0,mumbai-city,0,0,1,7,7,Ground Only,,371,21.0,,65.1,12.92,12.92,3720653.48,High-Rise,IN-MH-MUM-P51900007234-19008
21.7,7.0,Mumbai City,P51900013590,ISON HEIGHT,HATDIA BUILDERS PVT LTD,400013,19.0083734,72.8304087,31-12-2015,31-12-2019,12/31/2024,Residential,1969.71,0.0,2798.56,05/16/2023,0,0,40,18,1.0,1,0,23,0,0,0,mumbai-city,0,0,1,7,7,Ground Only,,400,23.0,,71.3,12.92,12.92,17088290.01,High-Rise,IN-MH-MUM-P51900013590-19008
21.7,7.0,Mumbai City,P51900007421,Construction of Mill Workers Tenements at Shrinivas MIll Lower Parel,MHADA,400013,19.0083734,72.8304087,18-11-2017,31-12-2018,12/30/2023,Residential,4555.38,374.76,18132.95,02/25/2020,0,0,544,0,0.0,1,0,25,1,91,31,mumbai-city,0,1,2,7,6,Ground to Floor 1,,3022,25.0,,77.5,12.92,12.92,256067681.09,High-Rise,IN-MH-MUM-P51900007421-19008
21.7,7.0,Mumbai City,P51900006567,Tanishq Wisteria,Aakaar Tanishq Nirmaan J. V.,400015,19.007134,72.835245,31-08-2019,31-08-2019,09/30/2022,Others,1113.71,91.65,3703.67,12/19/2022,2,1,28,14,0.0,2,0,21,2,0,36,mumbai-city,0,2,3,7,5,Ground to Floor 2,,741,21.0,,65.1,12.86,12.86,12786924.38,High-Rise,IN-MH-MUM-P51900006567-19007
21.7,7.0,Mumbai Suburban,P51800004508,Nero,Super Construction Company,400051,19.069898,72.848166,31-12-2019,30-06-2021,03/31/2024,Residential,3375.84,146.69,5748.75,03/22/2024,0,3,94,45,2.0,1,0,17,1,0,110,mumbai-suburban,0,1,2,7,6,Ground to Floor 1,,958,17.0,,52.7,15.99,15.99,60161266.62,High-Rise,IN-MH-MUM-P51800004508-19069
21.7,7.0,Mumbai Suburban,P51800014175,ARYAN TOWER,SUCHIT DEVELOPERS,400050,19.055514,72.836617,31-12-2019,30-12-2026,0,Others,2561.5,245.97,3478.68,07-01-2022,3,1,59,31,0.0,2,1,33,1,40,1,mumbai-suburban,1,2,3,7,5,Ground to Floor 2,,696,33.0,,102.3,15.28,15.28,27622980.34,Skyscraper,IN-MH-MUM-P51800014175-19055
21.7,7.0,Mumbai Suburban,P51800009020,Sethia Grandeur,K MANIAR,400051,19.070667,72.848421,31-12-2019,30-12-2020,06/30/2022,Residential,895.52,46.06,5789.33,02/15/2024,0,4,99,90,1.0,1,0,21,0,0,82,mumbai-suburban,0,0,1,7,7,Ground Only,,827,21.0,,65.1,16.03,16.03,16071828.48,High-Rise,IN-MH-MUM-P51800009020-19070
21.7,7.0,Mumbai City,P51900015604,Shantadurga,LAKSHMI BUILDERS AND DEVELOPERS,400014,19.0060678,72.8399553,30-01-2023,30-01-2023,0,Residential,423.08,0.0,1457.77,03/30/2023,0,0,15,3,1.0,1,0,7,1,0,1,mumbai-city,0,1,2,7,6,Ground to Floor 1,,243,7.0,,21.7,12.8,12.8,1911935.33,Mid-Rise,IN-MH-MUM-P51900015604-19006
21.7,7.0,Mumbai City,P51900025998,RANKA LIFESTYLE VENTURES,Bhavesh Jayantilal Jain,400014,19.01342204,72.84360156,23-06-2023,23-06-2023,0,Others,1091.15,91.83,5151.0,04-05-2023,0,0,93,44,0.0,2,10,41,0,0,58,mumbai-city,0,0,1,7,7,Ground Only,,736,41.0,,127.1,13.17,13.17,17423592.32,Skyscraper,IN-MH-MUM-P51900025998-19013
21.7,7.0,Mumbai City,P51900011589,RAMSWAROOP PALAI TOWER,DHANJI GELABHAI GALA,400028,19.015711,72.838012,31-12-2018,31-07-2019,06/30/2023,Residential,940.6,0.0,3956.88,02/23/2024,0,0,17,15,0.0,1,6,18,0,0,50,mumbai-city,6,6,7,7,1,Ground to Floor 6,,3957,18.0,,55.8,13.29,13.29,11537708.12,High-Rise,IN-MH-MUM-P51900011589-19015
21.7,7.0,Mumbai City,P51900001634,RA RESIDENCES,R A ASSOCIATES,400014,19.009922,72.842684,30-06-2018,30-06-2019,03/31/2025,Others,12751.44,3187.2,33772.4,03/20/2024,0,5,196,150,0.0,3,8,102,5,0,492,mumbai-city,0,0,1,7,7,Ground Only,,4825,102.0,,316.2,13.0,13.0,1335004869.99,Skyscraper,IN-MH-MUM-P51900001634-19009
21.7,7.0,Mumbai City,P51900051220,Pole Star,OM SHANTI HOUSING DEVELOPMENT COMPANY,400014,19.01218884,72.84337703,31-12-2027,31-12-2027,0,Residential,560.12,0.0,766.13,01/30/2024,0,0,9,0,5.0,1,0,5,1,0,39,mumbai-city,0,1,2,7,6,Ground to Floor 1,,128,5.0,,15.5,13.11,13.11,1330286.68,Mid-Rise,IN-MH-MUM-P51900051220-19012
21.7,7.0,Mumbai City,P51900006094,HIRA BHAVAN,PREM SATGURU CONSTRUCTIONS,400016,19.039745,72.845744,31-12-2018,30-12-2022,0,Residential,511.71,0.0,1279.28,06/18/2021,0,0,21,2,0.0,1,0,8,0,0,0,mumbai-city,0,0,1,7,7,Ground Only,,183,8.0,,24.8,14.49,14.49,2029323.14,Mid-Rise,IN-MH-MUM-P51900006094-19039
21.7,7.0,Mumbai City,P51900002959,Princecare Zinnia,Princecare Homes LLP,400016,19.03551513,72.84337861,31-03-2021,30-03-2022,0,Residential,2196.0,175.72,8209.65,02-03-2023,0,0,91,89,2.0,1,1,19,1,0,112,mumbai-city,1,2,3,7,5,Ground to Floor 2,,1642,19.0,,58.9,14.28,14.28,55888013.34,High-Rise,IN-MH-MUM-P51900002959-19035
21.7,7.0,Mumbai City,P51900014910,Lodha Parel Project,MACROTECH DEVELOPERS LIMITED,400012,19.001374,72.840294,30-10-2023,30-10-2023,04/29/2024,Residential,4298.53,430.0,6602.54,02/27/2024,5,0,116,112,1.0,1,6,36,0,0,193,mumbai-city,6,6,7,7,1,Ground to Floor 6,,6603,36.0,,111.6,12.57,12.57,87981770.43,Skyscraper,IN-MH-MUM-P51900014910-19001
21.7,7.0,Mumbai City,P51900003736,Matoshree Pride Building 2,Matoshree Properties,400012,19.00412856,72.84683464,31-03-2018,31-12-2018,12/31/2019,Residential,2152.04,0.0,7816.78,10-06-2022,0,10,86,84,0.0,1,1,23,1,11,76,mumbai-city,1,2,3,7,5,Ground to Floor 2,,1563,23.0,,71.3,12.71,12.71,52148272.02,High-Rise,IN-MH-MUM-P51900003736-19004
12.4,4.0,Mumbai City,P51900011349,DUDHWALA AQUAGEM,CASTLE REALTORS PRIVATE LIMITED,400010,18.970309,72.836912,31-12-2021,30-12-2022,12/30/2023,Residential,4324.81,896.0,13410.8,01-11-2024,2,1,226,171,1.0,3,9,51,2,0,230,mumbai-city,0,2,3,4,2,Ground to Floor 2,,6705,51.0,,158.1,11.02,11.02,179797402.04,Skyscraper,IN-MH-MUM-P51900011349-18970
21.7,7.0,Mumbai City,P51900006152,Medius,AVENTA PROPERTIES LLP,400016,19.031283,72.842174,31-12-2021,30-12-2022,12/31/2024,Residential,2414.98,182.59,7777.0,02/19/2024,0,0,94,52,1.0,1,9,26,1,0,117,mumbai-city,0,1,2,7,6,Ground to Floor 1,,1296,26.0,,80.6,14.06,14.06,58222028.33,High-Rise,IN-MH-MUM-P51900006152-19031
21.7,7.0,Mumbai City,P51900008771,GRANDEUR,M/s. Sambhav Projects (Registered),400009,18.96275132,72.83699861,31-12-2018,31-12-2019,0,Residential,656.39,0.0,3863.61,03-09-2020,0,0,28,17,1.0,1,0,24,0,0,0,mumbai-city,0,0,1,7,7,Ground Only,,552,24.0,,74.4,10.64,10.64,7861708.4,High-Rise,IN-MH-MUM-P51900008771-18962
21.7,7.0,Mumbai City,P51900003831,WHITE HOUSE,RUBBERWALA HOUSING & INFRASTRUCTURE LTD.,400033,18.984169,72.835743,31-12-2018,31-12-2018,06/30/2024,Residential,837.79,0.0,3528.5,03-04-2024,0,0,22,19,0.0,1,1,21,0,0,22,mumbai-city,1,1,2,7,6,Ground to Floor 1,,588,21.0,,65.1,11.71,11.71,9164040.25,High-Rise,IN-MH-MUM-P51900003831-18984
21.7,7.0,Mumbai City,P51900003525,Avighna IX - Building No. 4,Nish Developers Private Limited,400012,18.994811,72.836161,31-12-2021,30-12-2022,0,Others,3107.0,1814.04,20454.72,09-05-2020,2,0,199,189,1.0,1,10,24,1,0,667,mumbai-city,0,1,2,7,6,Ground to Floor 1,,3409,24.0,,74.4,12.24,12.24,197013726.62,High-Rise,IN-MH-MUM-P51900003525-18994
21.7,7.0,Mumbai City,P51900002919,Marine Palace,M/s Alamdar Infrastructure Pvt Ltd,400002,18.9463415,72.8265102,,,0,Residential,1550.17,117.13,4637.12,03/24/2022,0,2,54,40,1.0,1,2,22,0,0,0,mumbai-city,2,2,3,7,5,Ground to Floor 2,,11,7.0,,21.7,9.82,9.82,22283805.36,Mid-Rise,IN-MH-MUM-P51900002919-18946
9.3,3.0,Mumbai City,P51900002372,Greenstone Heritage - Wing -  D,Beauty Lifestyles and Homes Pvt. Ltd.,400001,18.9459762,72.8338441,31-05-2022,31-05-2022,0,Others,560.0,163.84,10285.4,02/27/2024,1,0,53,43,1.0,1,1,22,0,0,90,mumbai-city,1,1,2,3,2,Ground to Floor 1,,5143,22.0,,68.2,9.8,9.8,17855454.4,High-Rise,IN-MH-MUM-P51900002372-18945
21.7,7.0,Mumbai City,P51900016804,ARIHANT HEIGHTS - JARIWALA AND KADUSKAR,DINESH JYOTICHAND JAIN,400011,18.975456,72.831856,31-10-2018,31-10-2018,03/31/2024,Residential,571.08,0.0,0.0,03-09-2024,0,0,91,87,0.0,1,3,22,0,0,0,mumbai-city,3,3,4,7,4,Ground to Floor 3,,0,22.0,,68.2,11.27,11.27,0.0,High-Rise,IN-MH-MUM-P51900016804-18975
3.1,1.0,Mumbai City,P51900047692,153 SKYE,NITIN SHANTILAL GADA,400016,19.03043891,72.84455878,31-08-2024,31-08-2024,0,Residential,545.15,0.0,2263.83,01/18/2024,0,0,12,2,1.0,1,0,9,1,2,18,mumbai-city,0,1,2,2,1,Ground to Floor 1,,2264,9.0,,27.9,14.02,14.02,3825793.47,Mid-Rise,IN-MH-MUM-P51900047692-19030
31.0,10.0,Mumbai City,P51900007712,CRESCENT TOWER,CRESCENT BUILDERS,400036,18.97277,72.812969,31-12-2015,31-03-2019,0,Residential,8830.0,0.0,6820.25,11-03-2017,1,0,40,35,2.0,1,4,21,1,0,108,mumbai-city,4,5,6,10,5,Ground to Floor 5,,1364,21.0,,65.1,11.14,11.14,186690703.25,High-Rise,IN-MH-MUM-P51900007712-18972
21.7,7.0,Mumbai City,P51900011317,PALAI COMMERCIAL COMPLEX,DHANJI GELABHAI GALA,400028,19.013264,72.836203,31-03-2019,31-07-2019,05/31/2024,Commercial,1479.11,117.84,2699.88,10/16/2023,0,0,85,82,1.0,1,0,10,0,0,49,mumbai-city,0,0,1,7,7,Ground Only,,386,10.0,,31.0,13.16,13.16,12379600.47,High-Rise,IN-MH-MUM-P51900011317-19013
24.8,8.0,Mumbai City,P51900051378,MARQUEE,HARBOUR FRONT PROPERTIES PRIVATE LIMITED,400018,18.99599566,72.81506118,31-12-2028,31-12-2028,0,Others,1833.63,264.51,5657.69,03/22/2024,0,0,5,0,3.0,1,11,11,0,0,145,mumbai-city,0,0,1,8,8,Ground Only,Floor 7,707,11.0,,34.1,12.3,12.3,32159741.36,High-Rise,IN-MH-MUM-P51900051378-18995
21.7,7.0,Mumbai City,P51900050965,NISHIKA ELYSIUM,FAIRLEAF DEVELOPERS PRIVATE LIMITED,400018,18.99414047,72.81464946,31-12-2028,31-12-2028,0,Others,1217.4,165.22,1403.5,02-07-2024,0,0,3,0,3.0,1,6,2,0,0,68,mumbai-city,6,6,7,7,1,Ground to Floor 6,,1404,2.0,,6.2,12.21,12.21,5296724.79,Low-Rise,IN-MH-MUM-P51900050965-18994
21.7,7.0,Mumbai City,P51900021057,North Tower - Tower 3,Glider Buildcon Realtors,400011,18.98263191,72.82651154,30-12-2026,30-12-2026,0,Residential,27696.68,4241.86,49685.0,02/29/2024,51,2,496,373,2.0,1,9,88,1,0,813,mumbai-city,0,1,2,7,6,Ground to Floor 1,,8281,88.0,,272.8,11.63,11.63,4265939591.98,Skyscraper,IN-MH-MUM-P51900021057-18982
21.7,7.0,Mumbai City,P51900051566,BLUE OCEAN,Quba Developers LLP,400008,18.975322,72.82727865,31-05-2027,31-05-2027,0,Residential,1178.0,0.0,9575.0,06/16/2023,0,0,51,0,1.0,1,0,28,0,0,100,mumbai-city,0,0,1,7,7,Ground Only,,1368,28.0,,86.8,11.27,11.27,34965985.0,High-Rise,IN-MH-MUM-P51900051566-18975
21.7,7.0,Mumbai City,P51900016529,MEHER VILLA,LIVING STONE CONSTRUCTION PRIVATE LIMITED,400008,18.973667,72.821379,30-12-2023,30-12-2023,0,Residential,716.56,0.0,2902.07,04-11-2023,0,0,34,0,0.0,0,3,14,1,0,1,mumbai-city,3,4,5,7,3,Ground to Floor 4,,967,14.0,,43.4,11.18,11.18,6446472.57,High-Rise,IN-MH-MUM-P51900016529-18973
32.2,10.4,Mumbai City,P51900008925,Hubtown - Celeste,Nayan Real Estate Private Limited,400018,18.99803263,72.81490713,31-07-2017,31-07-2029,0,Residential,494.89,778.05,2623.62,02/21/2024,1,0,211,41,1.0,1,0,39,0,0,204,mumbai-city,0,0,1,10,10,Ground Only,Floor 7,262,39.0,,120.9,12.4,12.4,4025050.24,Skyscraper,IN-MH-MUM-P51900008925-18998
21.7,7.0,Mumbai City,P51900001979,Siddharth Enclave,Siddharth Developers,400013,18.99519977,72.82886639,30-06-2015,31-12-2019,06/30/2025,Residential,2321.93,192.0,7131.91,12/20/2023,0,0,68,61,0.0,2,0,24,2,6,32,mumbai-city,0,2,3,7,5,Ground to Floor 2,,1426,24.0,,74.4,12.26,12.26,51335366.94,High-Rise,IN-MH-MUM-P51900001979-18995
21.7,7.0,Mumbai City,P51900011289,GM REALTY,GM REALTY,400003,18.9523908,72.8363703,31-12-2023,30-12-2024,0,Residential,681.82,0.0,5167.78,05/19/2023,0,0,112,91,1.0,1,0,22,0,0,0,mumbai-city,0,0,1,7,7,Ground Only,,738,22.0,,68.2,10.12,10.12,10922836.85,High-Rise,IN-MH-MUM-P51900011289-18952
21.7,7.0,Mumbai City,P51900009319,AMEX RESIDENCY,"AMEX DEVELOPERS PVT. LTD.,",400009,18.9582963,72.838941,31-12-2023,30-12-2025,0,Others,389.26,0.0,3014.67,04-06-2023,0,1,55,6,1.0,1,0,24,0,0,0,mumbai-city,0,0,1,7,7,Ground Only,,431,24.0,,74.4,10.41,10.41,3637820.38,High-Rise,IN-MH-MUM-P51900009319-18958
21.7,7.0,Mumbai City,P51900007426,AL AMIR APARTMENT,JANZEB AMIRKAMAL KHAN,400009,18.9582963,72.838941,31-07-2021,31-07-2023,07/30/2024,Mixed (Plots & Buildings),867.52,0.0,4196.87,09-07-2023,0,2,136,70,0.0,1,4,23,0,0,0,mumbai-city,4,4,5,7,3,Ground to Floor 4,,1399,23.0,,71.3,10.41,10.41,11286692.85,High-Rise,IN-MH-MUM-P51900007426-18958
21.7,7.0,Mumbai City,P51900009360,PIER 23,HOOR CONSTRUCTIONS,400010,18.966473,72.84514,30-06-2023,30-06-2024,0,Residential,2253.11,231.34,4790.61,08-12-2021,1,2,68,24,1.0,2,2,35,2,0,125,mumbai-city,2,4,5,7,3,Ground to Floor 4,,1597,35.0,,108.5,10.82,10.82,33460691.02,Skyscraper,IN-MH-MUM-P51900009360-18966
21.7,7.0,Mumbai City,P51900007788,orsam angan,GOLD PLAZA DEVELOPERS PVT LTD,400009,18.955954,72.837418,31-12-2018,31-12-2019,12/30/2021,Others,426.27,0.0,3897.89,03/20/2024,0,0,18,9,0.0,1,4,23,0,0,33,mumbai-city,4,4,5,7,3,Ground to Floor 4,,1299,23.0,,71.3,10.3,10.3,5150816.07,High-Rise,IN-MH-MUM-P51900007788-18955
21.7,7.0,Mumbai City,P51900006866,Bayview,Kapil Constructions,400010,18.970217,72.841655,30-03-2022,30-03-2022,03/30/2023,Residential,1120.0,0.0,7610.0,06/13/2023,0,4,153,40,2.0,2,0,54,0,0,188,mumbai-city,0,0,1,7,7,Ground Only,,1087,54.0,,167.4,11.01,11.01,26421920.0,Skyscraper,IN-MH-MUM-P51900006866-18970
65.1,21.0,Mumbai City,P51900012877,MITTAL ELEGANT,M M IDEAL INFRA,400009,18.958936,72.838538,31-12-2019,31-12-2019,12/31/2023,Residential,346.15,0.0,2151.93,01/30/2023,0,0,34,2,0.0,1,0,22,5,0,5,mumbai-city,0,0,1,21,21,Ground Only,"Floor 7, Floor 14",102,22.0,,68.2,10.45,10.45,2309160.77,High-Rise,IN-MH-MUM-P51900012877-18958
21.7,7.0,Mumbai Suburban,P51900011120,M/s Devidayal Metal Industies,PD Warehousing,400078,18.9701884,72.8459619,31-07-2020,31-01-2021,07/31/2022,Industrial,9435.11,0.0,9435.11,05-10-2023,0,0,6,6,0.0,1,0,4,0,0,0,mumbai-suburban,0,0,1,7,7,Ground Only,,1348,4.0,,12.4,11.01,11.01,275966032.21,Low-Rise,IN-MH-MUM-P51900011120-18970
21.7,7.0,Mumbai City,P51900004053,DEEKAY SOLACE,DEEKAY DEVELOPER,400004,18.9701884,72.8459619,17-07-2019,17-07-2019,12/30/2020,Residential,880.81,0.0,4279.4,08/26/2021,0,0,82,78,0.0,1,0,23,0,0,0,mumbai-city,0,0,1,7,7,Ground Only,,611,23.0,,71.3,11.01,11.01,11684948.77,High-Rise,IN-MH-MUM-P51900004053-18970
21.7,7.0,Mumbai City,P51900003998,Casa Emerald,HEMALI INVESTMENTS & FINANCE PVT.LTD.,400010,18.9701884,72.8459619,31-12-2020,30-12-2022,0,Residential,3769.91,302.71,14757.0,06/17/2022,0,0,89,58,0.0,1,7,40,0,0,86,mumbai-city,0,0,1,7,7,Ground Only,,2108,40.0,,124.0,11.01,11.01,172460941.8,Skyscraper,IN-MH-MUM-P51900003998-18970
21.7,7.0,Mumbai City,P51900006273,DHUNJIBHOY ICE FACTORYPVT LTD,RIZWAN ABDUL AZIZ DOSANI,400010,18.9701884,72.8459619,31-07-2022,31-07-2023,0,Residential,1074.72,0.0,3222.22,12-03-2018,0,0,63,0,1.0,1,0,8,1,0,1,mumbai-city,0,1,2,7,6,Ground to Floor 1,,537,8.0,,24.8,11.01,11.01,10735251.26,Mid-Rise,IN-MH-MUM-P51900006273-18970
21.7,7.0,Mumbai City,P51900012662,BISMILLAH SRA CHS LTD,GRACE ENTERPRISES,400010,18.9701884,72.8459619,31-12-2021,30-12-2022,0,Residential,427.0,0.0,1266.0,07/30/2021,0,0,17,17,0.0,1,0,8,0,0,0,mumbai-city,0,0,1,7,7,Ground Only,,181,8.0,,24.8,11.01,11.01,1675804.2,Mid-Rise,IN-MH-MUM-P51900012662-18970
21.7,7.0,Mumbai City,P51900000070,A. M. Residency,ALFA MANA REALTORS PVT LTD,400010,18.9701884,72.8459619,30-09-2019,29-09-2020,12/31/2023,Mixed (Plots & Buildings),3653.88,3653.88,13052.25,01/30/2024,13,0,345,125,0.0,2,0,18,0,114,0,mumbai-city,0,0,1,7,7,Ground Only,,1865,18.0,,55.8,11.01,11.01,147843201.21,High-Rise,IN-MH-MUM-P51900000070-18970
21.7,7.0,Mumbai City,P51900000623,SHREEPATI CORONET,SHREEPATI BUILD INFRA INVESTMENT LIMITED,400010,18.9701884,72.8459619,30-12-2018,30-12-2019,12/29/2021,Residential,871.25,0.0,4329.31,03/18/2024,2,0,29,19,2.0,2,8,31,0,0,56,mumbai-city,0,0,1,7,7,Ground Only,,618,31.0,,96.1,11.01,11.01,11692925.15,High-Rise,IN-MH-MUM-P51900000623-18970
21.7,7.0,Mumbai City,P51900012891,Saif towers,Mustanshir  Merchant,400010,18.9701884,72.8459619,30-06-2019,31-12-2019,06/30/2023,Residential,380.44,0.0,1674.0,08-03-2023,0,2,27,22,0.0,1,4,18,0,0,0,mumbai-city,4,4,5,7,3,Ground to Floor 4,,558,18.0,,55.8,11.01,11.01,1974255.34,High-Rise,IN-MH-MUM-P51900012891-18970
21.7,7.0,Mumbai City,P51900010065,FORTUNE GARDENS,SEVEN TIDES DEVELOPERS LLP,400010,18.9701884,72.8459619,30-06-2021,30-06-2022,06/30/2023,Others,688.69,0.0,6007.43,10-12-2022,0,0,151,147,2.0,1,3,23,0,0,74,mumbai-city,3,3,4,7,4,Ground to Floor 3,,1502,23.0,,71.3,11.01,11.01,12825496.6,High-Rise,IN-MH-MUM-P51900010065-18970
18.6,6.0,Mumbai City,P51900009905,Proposed Redevelopment of Vaid Mahal,Lulu Enterprise,400006,18.9540855,72.8004477,22-07-2022,22-07-2023,0,Residential,765.48,0.0,3330.8,03/15/2024,0,0,27,25,0.0,1,4,22,1,53,1,mumbai-city,4,5,6,6,1,Ground to Floor 5,,3331,22.0,,68.2,10.2,10.2,7903948.43,High-Rise,IN-MH-MUM-P51900009905-18954
18.6,6.0,Mumbai City,P51900011063,THE RESIDENCE,RUNWAL DEVELOPERS PVT LTD,400006,18.9540855,72.8004477,30-06-2019,30-12-2020,0,Residential,2048.96,168.25,10214.49,10/30/2023,1,0,39,30,2.0,1,8,36,1,0,120,mumbai-city,0,1,2,6,5,Ground to Floor 1,,2043,36.0,,111.6,10.2,10.2,64880152.43,Skyscraper,IN-MH-MUM-P51900011063-18954
18.6,6.0,Mumbai City,P51900008725,DAMODAR BHAVAN,DAMODAR HIRJI & BAIDEVAKAVAHU CHARITY TRUST,400006,18.9540855,72.8004477,31-12-2022,30-12-2023,0,Residential,162.21,0.0,383.2,03/28/2019,0,0,2,0,1.0,1,0,8,0,0,0,mumbai-city,0,0,1,6,6,Ground Only,,64,8.0,,24.8,10.2,10.2,192692.5,Mid-Rise,IN-MH-MUM-P51900008725-18954
21.7,7.0,Mumbai City,P51900005355,SESEN,SESEN REALTY PVT LTD,400036,18.9622,72.802837,31-12-2018,30-12-2024,0,Residential,5212.41,935.53,6609.97,11/29/2023,0,1,28,12,0.0,1,6,68,1,0,169,mumbai-city,6,7,8,8,1,Ground to Floor 7,,6610,68.0,,210.8,10.61,10.61,106807008.56,Skyscraper,IN-MH-MUM-P51900005355-18962
21.7,7.0,Mumbai City,P51900005191,7 Hughes,Rohan Developers Pvt Ltd,400007,18.95807,72.810784,31-03-2020,30-12-2023,12/29/2024,Residential,1370.97,0.0,6172.23,03/20/2024,2,1,41,38,1.0,1,10,52,0,0,117,mumbai-city,0,0,1,7,7,Ground Only,,882,52.0,,161.2,10.4,10.4,26232020.71,Skyscraper,IN-MH-MUM-P51900005191-18958
21.7,7.0,Mumbai City,P51800002120,Orchid Atrium,Gawde And Associates,400016,19.038514,72.846952,30-06-2017,31-03-2018,12/31/2018,Others,1230.78,0.0,4216.74,06-10-2021,7,0,83,83,0.0,2,3,36,27,7,27,mumbai-city,3,3,4,7,4,Ground to Floor 3,,1054,36.0,,111.6,14.43,14.43,16088625.7,Skyscraper,IN-MH-MUM-P51800002120-19038
21.7,7.0,Mumbai City,P51900010180,SUKHADWALA MANSION,SISODIA CANNING PVT LTD,400001,18.9385352,72.836334,30-09-2019,30-03-2021,0,Commercial,530.94,0.0,4435.66,02/18/2022,4,0,10,3,1.0,1,0,8,0,0,0,mumbai-city,0,0,1,7,7,Ground Only,,634,8.0,,24.8,9.43,9.43,7300714.89,Mid-Rise,IN-MH-MUM-P51900010180-18938
21.7,7.0,Mumbai Suburban,P51800000819,Deluxe Apartments,West Avenue Realtors Private Limited,400055,19.07661973,72.84356716,30-10-2020,30-04-2021,09/30/2022,Residential,1162.2,175.76,1891.96,03-04-2024,0,0,38,20,1.0,1,2,13,1,0,69,mumbai-suburban,2,3,4,7,4,Ground to Floor 3,,473,13.0,,40.3,16.33,16.33,6816391.33,High-Rise,IN-MH-MUM-P51800000819-19076
21.7,7.0,Mumbai Suburban,P51800004371,GULRAJ PARADISE,M/S RELIABLE CONSTRUCTION,400019,19.0375697,72.84965569,31-07-2020,30-06-2021,09/30/2024,Others,5693.08,417.14,22166.27,01-03-2024,0,0,377,329,0.0,2,0,24,18,15,18,mumbai-suburban,0,0,1,7,7,Ground Only,,3167,24.0,,74.4,14.38,14.38,391202480.08,High-Rise,IN-MH-MUM-P51800004371-19037
21.7,7.0,Mumbai City,P51900005874,RUDRA HEIGHTS,GOLD PLAZA DEVELOPERS PVT LTD,400033,18.9856333,72.8441629,31-12-2018,31-12-2019,12/30/2021,Others,432.16,0.0,2547.04,03-05-2024,0,0,21,21,1.0,1,0,23,0,0,0,mumbai-city,0,0,1,7,7,Ground Only,,364,23.0,,71.3,11.78,11.78,3412259.3,High-Rise,IN-MH-MUM-P51900005874-18985
21.7,7.0,Mumbai City,P51900008592,Pawapuri,Blue Lotus Jewellery Pvt.Ltd,400033,18.9856333,72.8441629,30-06-2015,30-06-2018,06/30/2022,Residential,1321.92,1321.92,4078.03,03-10-2021,1,0,24,12,1.0,1,5,13,1,0,1,mumbai-city,5,6,7,7,1,Ground to Floor 6,,4078,13.0,,40.3,11.78,11.78,16711571.19,High-Rise,IN-MH-MUM-P51900008592-18985
21.7,7.0,Mumbai City,P51900005501,Atlantis Residency,JK BUILDERS,400033,18.9856333,72.8441629,31-12-2022,30-12-2023,12/31/2024,Others,1961.55,157.0,9628.18,02/22/2024,4,0,35,4,0.0,1,7,11,1,0,77,mumbai-city,0,1,2,7,6,Ground to Floor 1,,1605,11.0,,34.1,11.78,11.78,58547085.08,High-Rise,IN-MH-MUM-P51900005501-18985
3.1,1.0,Mumbai Suburban,P51800004366,MANTHAN EMBASSY,MANTHAN DEVELOPMENT CORPORATION,400050,19.06242,72.828374,31-12-2022,30-12-2024,0,Others,1611.1,311.72,3542.18,03/15/2024,0,0,21,1,0.0,1,3,17,1,0,0,mumbai-suburban,3,4,5,5,1,Ground to Floor 4,,3542,17.0,,52.7,15.62,15.62,17691099.21,High-Rise,IN-MH-MUM-P51800004366-19062
12.4,4.0,Mumbai City,P51900022725,CHAITYA 777,M/s. CHAITYA DEVELOPERS,400012,18.98628978,72.83483878,30-12-2025,30-12-2025,0,Residential,5229.14,593.46,20607.38,03-08-2024,0,0,133,103,1.0,1,7,19,1,0,299,mumbai-city,0,1,2,4,3,Ground to Floor 1,,6869,19.0,,58.9,11.81,11.81,334052512.66,High-Rise,IN-MH-MUM-P51900022725-18986
21.7,7.0,Mumbai City,P51900002902,VRAJ TIARA,VRAJ REALTORS,400025,19.01648334,72.82272351,31-12-2019,30-12-2022,12/30/2023,Residential,1134.36,0.0,1444.54,01-10-2024,0,0,55,46,1.0,1,8,32,1,0,67,mumbai-city,0,1,2,7,6,Ground to Floor 1,,241,32.0,,99.2,13.32,13.32,5079748.02,High-Rise,IN-MH-MUM-P51900002902-19016
21.7,7.0,Mumbai Suburban,P51800051668,BASHEERA RESIDENCY,YUSUF NOOR MOHD KHAN,400050,19.0535123,72.828605,31-12-2028,31-12-2028,0,Residential,860.3,0.0,2553.97,06/15/2023,0,0,68,0,0.0,1,0,9,1,40,0,mumbai-suburban,0,1,2,7,6,Ground to Floor 1,,426,9.0,,27.9,15.18,15.18,6811259.21,Mid-Rise,IN-MH-MUM-P51800051668-19053
21.7,7.0,Mumbai Suburban,P51800002198,MONTICELLO,SAMUDRA DEVELOPERS PRIVATE LIMITED,400051,19.045536,72.820305,30-11-2018,30-11-2019,09/29/2022,Residential,919.3,0.0,1802.06,10/24/2019,0,0,6,6,2.0,1,5,18,1,0,19,mumbai-suburban,5,6,7,7,1,Ground to Floor 6,,1802,18.0,,55.8,14.78,14.78,5135564.65,High-Rise,IN-MH-MUM-P51800002198-19045
21.7,7.0,Mumbai City,P51900007777,OCEAN STAR II,SURAJ ESTATE DEVELOPERS LTD,400028,18.938839,72.836412,,31-08-2018,08/31/2019,Residential,306.1,0.0,1038.86,07/22/2022,0,0,30,30,0.0,1,0,8,1,1,1,mumbai-city,0,1,2,7,6,Ground to Floor 1,,5,7.0,,21.7,9.44,9.44,985784.64,Mid-Rise,IN-MH-MUM-P51900007777-18938
21.7,7.0,Mumbai Suburban,P51800033552,CASA RAMIRO,PRESCOTT HOUSING LLP,400050,19.05185683,72.82671788,16-03-2024,16-03-2024,0,Residential,840.3,0.0,840.29,03/21/2024,0,0,5,4,0.0,1,0,7,1,0,9,mumbai-suburban,0,1,2,7,6,Ground to Floor 1,,140,7.0,,21.7,15.09,15.09,2188896.63,Mid-Rise,IN-MH-MUM-P51800033552-19051
21.7,7.0,Mumbai City,P51900009287,HBS Marineview,HBS Seaview Pvt Ltd,400002,18.948678,72.823369,31-12-2024,30-12-2025,0,Residential,977.0,280.56,2853.0,09/30/2019,1,5,77,32,2.0,1,9,21,1,0,127,mumbai-city,0,1,2,7,6,Ground to Floor 1,,476,21.0,,65.1,9.93,9.93,8640881.1,High-Rise,IN-MH-MUM-P51900009287-18948
21.7,7.0,Mumbai Suburban,P51800011792,PALI PALMS,SSD HOLDINGS LLP,400050,19.06333928,72.83066466,31-12-2018,31-12-2019,06/30/2023,Residential,873.7,0.0,2944.83,04/15/2023,0,1,22,21,0.0,1,2,13,1,3,1,mumbai-suburban,2,3,4,7,4,Ground to Floor 3,,736,13.0,,40.3,15.67,15.67,7975983.71,High-Rise,IN-MH-MUM-P51800011792-19063
21.7,7.0,Mumbai City,P51900004309,Mittal Avenue,Vedaang Builders LLP,400021,18.928944,72.832412,20-07-2020,20-01-2021,0,Commercial,383.78,0.0,1598.76,09-11-2019,0,0,13,5,0.0,1,0,4,0,0,0,mumbai-city,0,0,1,7,7,Ground Only,,228,4.0,,12.4,8.95,8.95,1902073.55,Low-Rise,IN-MH-MUM-P51900004309-18928
21.7,7.0,Mumbai Suburban,P51800046598,ATMIYA CENTRIA,UPTURN PROPERTIES LLP,400055,19.07950269,72.84868048,31-12-2026,31-12-2026,0,Residential,2078.41,0.0,0.0,01/15/2024,1,0,192,76,2.0,2,0,22,2,2,104,mumbai-suburban,0,2,3,7,5,Ground to Floor 2,,0,22.0,,68.2,16.48,16.48,0.0,High-Rise,IN-MH-MUM-P51800046598-19079
12.4,4.0,Mumbai City,P51900001723,PARK PALLAZZO,NANDIVARDHAN CONSTRUCTIONS PRIVATE LIMITED,400014,19.021129,72.849134,30-04-2019,31-12-2019,02/25/2021,Residential,936.46,0.0,3655.56,08-01-2020,0,0,12,8,0.0,1,4,23,1,0,50,mumbai-city,4,5,6,6,1,Ground to Floor 5,,3656,23.0,,71.3,13.56,13.56,10612185.72,High-Rise,IN-MH-MUM-P51900001723-19021
21.7,7.0,Mumbai City,P51900009939,FUEGO,HILTON INFRASTRUCTURE,400008,18.962912,72.824258,30-06-2016,30-12-2022,12/30/2024,Residential,4245.86,313.83,15936.18,03/13/2024,3,7,220,119,6.0,3,4,46,3,0,190,mumbai-city,4,4,5,7,3,Ground to Floor 4,,5312,46.0,,142.6,10.65,10.65,209754646.57,Skyscraper,IN-MH-MUM-P51900009939-18962
21.7,7.0,Mumbai City,P51900000604,Elanza,A R Constructions,400025,19.0158306,72.8293921,31-10-2017,31-03-2018,0,Residential,1791.82,146.03,5714.04,03/26/2019,4,0,49,7,0.0,1,0,23,1,0,63,mumbai-city,0,1,2,7,6,Ground to Floor 1,,952,23.0,,71.3,13.29,13.29,31739446.57,High-Rise,IN-MH-MUM-P51900000604-19015
21.7,7.0,Mumbai City,P51900009877,ASHISH SEA VIEW,SANGHVI GRUHA NIRAMAN PRIVATE LIMITED,400025,19.0158306,72.8293921,31-12-2014,30-06-2021,12/30/2022,Residential,2455.7,210.32,4316.81,10/27/2023,15,3,13,9,0.0,1,3,14,1,0,1,mumbai-city,3,4,5,7,3,Ground to Floor 4,,1439,14.0,,43.4,13.29,13.29,32862449.98,High-Rise,IN-MH-MUM-P51900009877-19015
62.0,20.0,Mumbai City,P51900009427,Lifescapes Altimo,Peccadily Estate Pvt Ltd,400036,18.96470661,72.80829397,31-12-2012,30-12-2022,0,Residential,539.3,0.0,1836.6,02/20/2023,0,0,11,5,2.0,1,0,36,1,0,45,mumbai-city,0,1,2,20,19,Ground to Floor 1,"Floor 8, Floor 15",97,36.0,,111.6,10.74,10.74,3070482.98,Skyscraper,IN-MH-MUM-P51900009427-18964
21.7,7.0,Mumbai City,P51900014937,Lodha Adrina,MACROTECH DEVELOPERS LIMITED,400013,19.0061049,72.8288291,31-07-2024,31-07-2024,12/31/2025,Residential,2240.81,1420.1,5985.64,03-11-2024,0,0,394,111,4.0,1,6,70,0,0,729,mumbai-city,6,6,7,7,1,Ground to Floor 6,,5986,70.0,,217.0,12.81,12.81,41579314.1,Skyscraper,IN-MH-MUM-P51900014937-19006
21.7,7.0,Mumbai City,P51900001339,LODHA PARK,MACROTECH DEVELOPERS LIMITED,400013,19.0061049,72.8288291,31-12-2021,31-12-2021,12/30/2023,Residential,53345.0,22380.0,188471.3,02/27/2024,0,69,2210,2139,4.0,5,7,77,0,0,4389,mumbai-city,0,0,1,7,7,Ground Only,,26924,77.0,,238.7,12.81,12.81,31167404645.35,Skyscraper,IN-MH-MUM-P51900001339-19006
21.7,7.0,Mumbai City,P51900016526,LODHA PARK - TOWN HOUSES,MACROTECH DEVELOPERS LIMITED,400013,19.0061049,72.8288291,30-12-2021,30-12-2021,0,Residential,3437.94,1537.82,3368.4,02/27/2024,0,2,12,10,48.0,12,72,48,0,0,0,mumbai-city,0,0,1,7,7,Ground Only,,481,48.0,,148.8,12.81,12.81,35899107.0,Skyscraper,IN-MH-MUM-P51900016526-19006
21.7,7.0,Mumbai City,P51900011067,South Ridge,Anchor Daewoo Industries Ltd.,400006,18.948198,72.797353,31-01-2020,31-01-2020,01/30/2022,Residential,1927.4,154.19,627.94,06/20/2023,0,0,4,0,2.0,1,3,17,1,5,1,mumbai-city,3,4,5,7,3,Ground to Floor 4,,209,17.0,,52.7,9.91,9.91,3751903.82,High-Rise,IN-MH-MUM-P51900011067-18948
31.0,10.0,Mumbai City,P51900025024,SAMBHAV,Helictite Residency Private Limited,400006,18.94728422,72.79483197,30-12-2028,30-12-2028,0,Residential,363.6,0.0,4077.06,03/18/2024,4,0,10,0,1.0,1,21,20,1,0,116,mumbai-city,0,1,2,10,9,Ground to Floor 1,Floor 8,453,20.0,,62.0,9.86,9.86,4595498.95,High-Rise,IN-MH-MUM-P51900025024-18947
21.7,7.0,Mumbai City,P51900006916,PRAMAN SOLITAIRE,Purohit Luxury Homes Private Limited,400026,18.9662008,72.8047676,31-12-2018,30-12-2021,0,Residential,616.23,0.0,2473.44,01/19/2020,0,0,13,12,0.0,1,9,22,1,0,38,mumbai-city,0,1,2,7,6,Ground to Floor 1,,412,22.0,,68.2,10.81,10.81,4725044.59,High-Rise,IN-MH-MUM-P51900006916-18966
55.8,18.0,Mumbai City,P51900001325,Bishopsgate,Bridgeview Real Estate Development LLP,400026,18.97175064,72.8050646,23-09-2018,30-09-2019,03/29/2021,Residential,1968.42,295.27,3432.01,04-10-2023,0,2,12,10,2.0,1,6,33,1,68,97,mumbai-city,6,7,8,18,11,Ground to Floor 7,Floor 14,312,33.0,,102.3,11.09,11.09,20942475.09,Skyscraper,IN-MH-MUM-P51900001325-18971
18.6,6.0,Mumbai City,P51900000841,ARTESIA - RESIDENTIAL WING CONSTRUCTED ON PART OF THE PROJECT LAND,K RAHEJA PRIVATE LIMITED,400025,19.0083638,72.8223392,30-06-2019,30-12-2023,0,Residential,19640.99,5811.61,62993.62,03-12-2024,1,0,133,130,2.0,1,5,46,1,0,668,mumbai-city,5,6,7,7,1,Ground to Floor 6,,62994,46.0,,142.6,12.92,12.92,3835496887.5,Skyscraper,IN-MH-MUM-P51900000841-19008
40.8,13.16666667,Mumbai City,P51900007928,Elite Crest,Elite Housing Developers LLP,400007,18.9618411,72.8133825,31-12-2016,31-12-2017,07/31/2018,Residential,1120.41,265.93,4521.96,12-05-2022,1,2,34,28,0.0,1,4,23,1,0,1,mumbai-city,4,5,6,13,8,Ground to Floor 5,Floor 12,565,23.0,,71.3,10.59,10.59,15705992.53,High-Rise,IN-MH-MUM-P51900007928-18961
40.8,13.16666667,Mumbai City,P51900003092,SHREEPATI SKIES,SHREEPATI SKIES,400007,18.9618411,72.8133825,31-12-2020,30-12-2026,0,Residential,6238.25,860.64,16896.2,12/22/2022,5,2,269,2,2.0,1,8,53,0,320,0,mumbai-city,0,0,1,13,13,Ground Only,Floor 7,1300,53.0,,164.3,10.59,10.59,326748430.92,Skyscraper,IN-MH-MUM-P51900003092-18961
40.8,13.16666667,Mumbai City,P51900002496,Aikya Signature,AIKYA REALTY PVT LTD,400007,18.9618411,72.8133825,30-06-2021,30-12-2022,0,Others,831.11,0.0,3344.32,10-07-2023,0,0,23,23,0.0,1,0,20,1,0,51,mumbai-city,0,1,2,13,12,Ground to Floor 1,Floor 8,279,20.0,,62.0,10.59,10.59,8616443.17,High-Rise,IN-MH-MUM-P51900002496-18961
31.0,10.0,Mumbai City,P51900002722,THE SOUTH BAY,MESACON TRIUMPH DEVELOPERS,400007,18.959761,72.809763,31-12-2019,31-12-2019,10/30/2020,Residential,589.47,0.0,2387.21,01/19/2023,0,0,4,1,0.0,1,0,17,1,0,35,mumbai-city,0,1,2,10,9,Ground to Floor 1,Floor 8,265,17.0,,52.7,10.49,10.49,4362284.9,High-Rise,IN-MH-MUM-P51900002722-18959
46.5,15.0,Mumbai City,P51900012304,LE PALAZZO,Sri Harsh Developers,400036,18.962172,72.811407,,30-04-2019,08/31/2024,Others,7949.76,0.0,12759.21,01-09-2024,0,18,52,31,1.0,1,2,41,0,0,0,mumbai-city,2,2,3,15,13,Ground to Floor 2,Floor 9,4,15.0,,46.5,10.61,10.61,314441237.6,High-Rise,IN-MH-MUM-P51900012304-18962
62.0,20.0,Mumbai City,P51900014231,S3 Legend,Sanghvi Premises Private Limited,400034,18.968587,72.811407,30-12-2024,30-12-2024,0,Others,316.89,0.0,1900.61,05/24/2023,0,0,52,36,0.0,1,0,23,0,0,24,mumbai-city,0,0,1,20,20,Ground Only,"Floor 7, Floor 14",95,23.0,,71.3,10.93,10.93,1867081.34,High-Rise,IN-MH-MUM-P51900014231-18968
27.9,9.0,Mumbai City,P51900002897,SHREE SAI MAULI,DILIP SHRINIWAS HATE,400016,19.0304841,72.8413805,31-12-2025,30-12-2027,0,Residential,598.29,0.0,519.95,01/17/2024,2,0,2,0,1.0,1,0,21,1,0,1,mumbai-city,0,1,2,9,8,Ground to Floor 1,Floor 8,65,21.0,,65.1,14.02,14.02,964350.75,High-Rise,IN-MH-MUM-P51900002897-19030
77.5,25.0,Mumbai City,P51900009339,NATHANI RESIDENCY,Nathani Parekh Constructions Private Limited,400011,18.97678,72.82492,31-12-2018,30-12-2021,12/31/2024,Others,841.98,279.68,2673.29,03-05-2024,0,0,45,41,1.0,1,3,20,0,0,0,mumbai-city,3,3,4,25,22,Ground to Floor 3,"Floor 10, Floor 17, Floor 24",122,20.0,,62.0,11.34,11.34,6977655.81,High-Rise,IN-MH-MUM-P51900009339-18976
21.7,7.0,Mumbai City,P51900008204,MINERVA,Lokhandwala Kataria Construction Private Limited,400011,18.9884772,72.8291933,31-12-2018,30-12-2023,0,Residential,7907.9,0.0,61271.0,02/13/2024,3,46,372,272,2.0,1,12,68,2,0,1039,mumbai-city,0,2,3,7,5,Ground to Floor 2,,12254,68.0,,210.8,11.92,11.92,1502027316.79,Skyscraper,IN-MH-MUM-P51900008204-18988
31.0,10.0,Mumbai City,P51900047321,Kalpataru Prive,Kalpataru Hills Residency Private Limited,400026,18.96921665,72.81073881,31-10-2027,31-10-2027,0,Residential,1509.18,151.0,6065.28,02/14/2024,2,0,17,0,3.0,1,10,24,0,0,60,mumbai-city,0,0,1,10,10,Ground Only,Floor 7,607,24.0,,74.4,10.96,10.96,28376157.74,High-Rise,IN-MH-MUM-P51900047321-18969
27.9,9.0,Mumbai Suburban,P51800028552,PALI VINTAGE,PRITESH  SANGHVI,400052,19.07311559,72.82716087,30-09-2023,30-09-2023,0,Residential,501.6,0.0,587.01,01/19/2023,0,0,14,0,1.0,1,2,7,1,0,34,mumbai-suburban,2,3,4,9,6,Ground to Floor 3,,98,7.0,,21.7,16.16,16.16,912777.07,Mid-Rise,IN-MH-MUM-P51800028552-19073
21.7,7.0,Mumbai City,P51900019688,Shreeji Heights,Anupam Properties,400004,18.94439,72.82848,30-12-2022,30-12-2022,0,Others,997.5,0.0,0.0,02-07-2024,0,0,28,24,1.0,1,0,22,1,0,95,mumbai-city,0,1,2,7,6,Ground to Floor 1,,0,22.0,,68.2,9.72,9.72,0.0,High-Rise,IN-MH-MUM-P51900019688-18944
21.7,7.0,Mumbai City,P51900003605,Lifescapes Glory,Om Shanti Developers,400012,18.99909323,72.83912731,31-12-2020,30-12-2021,12/31/2024,Residential,2393.27,0.0,5972.88,03/19/2024,0,0,60,32,1.0,1,4,23,1,0,85,mumbai-city,4,5,6,7,2,Ground to Floor 5,,2986,23.0,,71.3,12.45,12.45,44313615.0,High-Rise,IN-MH-MUM-P51900003605-18999
21.7,7.0,Mumbai City,P51900050924,Novelty Grandeur,Goodwill Theaters Private Limited,400007,18.96212329,72.81831591,31-03-2030,31-03-2030,0,Others,2463.0,370.91,5612.61,03-07-2024,9,0,45,5,2.0,1,3,16,1,0,86,mumbai-city,3,4,5,7,3,Ground to Floor 4,,1871,16.0,,49.6,10.61,10.61,42853961.13,High-Rise,IN-MH-MUM-P51900050924-18962
21.7,7.0,Mumbai City,P51900002696,Lifescapes Shubham,Rohan Developers Pvt Ltd,400004,18.958784,72.819584,30-06-2022,30-06-2023,06/29/2024,Residential,5272.61,419.58,31122.15,03/19/2024,2,0,154,125,2.0,3,5,53,2,0,327,mumbai-city,5,7,8,8,1,Ground to Floor 7,,31122,53.0,,164.3,10.44,10.44,508694373.87,Skyscraper,IN-MH-MUM-P51900002696-18958
21.7,7.0,Mumbai City,P51900011232,SHIVOHAM,H G Properties and Investments Private Limited,400007,18.96171895,72.81613037,30-06-2019,30-06-2019,12/31/2023,Residential,524.25,0.0,3052.04,10-04-2022,0,1,74,35,1.0,1,0,23,0,0,52,mumbai-city,0,0,1,7,7,Ground Only,,436,23.0,,71.3,10.59,10.59,4960099.11,High-Rise,IN-MH-MUM-P51900011232-18961
21.7,7.0,Mumbai City,P51900007559,AVENUE 14,SHREE TIRUPATI BUILDERS AND DEVELOPERS,400014,19.02025177,72.8491923,31-12-2018,31-12-2018,0,Residential,566.89,0.0,2400.85,09/27/2019,2,0,19,17,0.0,1,4,21,1,0,32,mumbai-city,4,5,6,7,2,Ground to Floor 5,,1200,21.0,,65.1,13.51,13.51,4219155.36,High-Rise,IN-MH-MUM-P51900007559-19020
21.7,7.0,Mumbai City,P51900020639,52 Avenue,HEKS REALTY,400010,18.981121,72.835476,30-12-2024,30-12-2024,0,Residential,628.77,0.0,3075.33,07-06-2023,2,0,29,13,0.0,1,3,17,1,0,38,mumbai-city,3,4,5,7,3,Ground to Floor 4,,1025,17.0,,52.7,11.56,11.56,5994393.26,High-Rise,IN-MH-MUM-P51900020639-18981
21.7,7.0,Mumbai City,P51900030972,Pearl Heights,M/s Sitesh Developers,400012,18.98871231,72.84638977,30-06-2027,30-06-2027,0,Residential,2220.95,0.0,8775.95,03/20/2024,0,0,148,19,0.0,1,0,26,1,8,8,mumbai-city,0,1,2,7,6,Ground to Floor 1,,1463,26.0,,80.6,11.94,11.94,60421933.07,High-Rise,IN-MH-MUM-P51900030972-18988
21.7,7.0,Mumbai City,P51900010326,LODHA SEAVIEW,MACROTECH DEVELOPERS LIMITED,400006,18.9434407,72.7943697,31-12-2021,30-12-2022,0,Residential,1969.91,0.0,0.0,01/24/2024,0,0,49,25,1.0,1,4,17,0,0,106,mumbai-city,4,4,5,7,3,Ground to Floor 4,,0,17.0,,52.7,9.67,9.67,0.0,High-Rise,IN-MH-MUM-P51900010326-18943
21.7,7.0,Mumbai City,P51900023419,MUSTAFA PALACE,AR GROUP REALTY,400008,18.96659,72.830323,30-03-2023,30-03-2023,0,Residential,369.57,0.0,1791.3,10-09-2021,1,0,43,0,1.0,1,0,18,0,0,0,mumbai-city,0,0,1,7,7,Ground Only,,256,18.0,,55.8,10.83,10.83,2052233.3,High-Rise,IN-MH-MUM-P51900023419-18966
21.7,7.0,Mumbai City,P51900007321,BURJ ASHRAFI,IMRAN ALI MOHAMMED LATIF,400003,18.953486,72.834166,31-12-2020,30-12-2021,12/30/2022,Others,1099.6,0.0,7269.24,03/20/2024,1,0,162,131,1.0,1,5,23,1,2,1,mumbai-city,5,6,7,7,1,Ground to Floor 6,,7269,23.0,,71.3,10.17,10.17,24779094.54,High-Rise,IN-MH-MUM-P51900007321-18953
21.7,7.0,Mumbai City,P51900048664,DARUL MUSTAFA,Citymaker Builders Private Limited,400010,18.96438921,72.84440454,31-12-2027,31-12-2027,0,Residential,436.18,0.0,2847.76,09/22/2023,0,0,30,0,2.0,1,4,19,1,0,20,mumbai-city,4,5,6,7,2,Ground to Floor 5,,1424,19.0,,58.9,10.72,10.72,3850621.47,High-Rise,IN-MH-MUM-P51900048664-18964
21.7,7.0,Mumbai City,P51900013981,HAMILTON MANSION,M.I.REALTY PRIVATE LIMITED,400010,18.96534,72.839698,30-12-2022,30-12-2022,12/30/2023,Residential,1055.6,0.0,0.0,01/20/2024,0,0,88,22,0.0,1,4,23,0,0,0,mumbai-city,4,4,5,7,3,Ground to Floor 4,,0,23.0,,71.3,10.77,10.77,0.0,High-Rise,IN-MH-MUM-P51900013981-18965
21.7,7.0,Mumbai City,P51900002869,OMKAR TOWER,DEVENDRA ASSOCIATES,400004,18.95881,72.825269,31-12-2018,31-12-2019,06/30/2025,Residential,542.64,0.0,3916.61,02/23/2023,0,0,89,76,0.0,1,0,20,0,0,0,mumbai-city,0,0,1,7,7,Ground Only,,560,20.0,,62.0,10.44,10.44,6588458.68,High-Rise,IN-MH-MUM-P51900002869-18958
21.7,7.0,Mumbai City,P51900010462,NATHANI SQUARE,A.PATNI REALTY PRIVATE LIMITED,400003,18.955921,72.833689,31-12-2021,30-12-2025,0,Others,1291.34,103.49,10428.04,03-05-2024,0,0,357,237,0.0,1,2,25,0,0,0,mumbai-city,2,2,3,7,5,Ground to Floor 2,,2086,25.0,,77.5,10.3,10.3,41745050.04,High-Rise,IN-MH-MUM-P51900010462-18955
21.7,7.0,Mumbai City,P51900010679,BISMILLAH HEIGHTS,MOHAMMED AKRAM HUSAIN NIRBAN,400008,18.963724,72.831489,30-06-2017,30-12-2020,0,Residential,1728.21,0.0,14635.07,02/21/2024,0,2,205,205,1.0,2,3,62,2,0,124,mumbai-city,3,5,6,7,2,Ground to Floor 5,,7318,62.0,,192.2,10.69,10.69,78406670.41,Skyscraper,IN-MH-MUM-P51900010679-18963
21.7,7.0,Mumbai City,P51900019145,RAJKAMAL PRIDE,SUBHAM COMMERCIAL ENTERPRISES PVT. LTD.,400008,18.96646027,72.83130414,30-06-2021,30-06-2021,06/30/2023,Residential,977.01,0.0,5079.0,06/24/2023,0,0,29,14,0.0,1,4,21,1,0,32,mumbai-city,4,5,6,7,2,Ground to Floor 5,,2540,21.0,,65.1,10.82,10.82,15382924.75,High-Rise,IN-MH-MUM-P51900019145-18966
21.7,7.0,Mumbai City,P51900031646,BISMILLAH ELITE,NIRBAN INFRASTRUCTURE PVT LTD,400008,18.96269252,72.83158091,31-12-2024,31-12-2024,0,Mixed (Plots & Buildings),254.18,1.0,2505.48,05-02-2023,0,0,30,6,1.0,1,0,24,0,0,15,mumbai-city,0,0,1,7,7,Ground Only,,358,24.0,,74.4,10.63,10.63,1974213.01,High-Rise,IN-MH-MUM-P51900031646-18962
21.7,7.0,Mumbai City,P51900011681,AL MEHDI HEIGHTS,AL HAADI DEVELOPERS,400009,18.956692,72.836601,20-04-2020,20-04-2020,12/31/2023,Residential,1369.58,406.51,10905.66,12/16/2022,0,0,223,155,1.0,1,4,37,0,0,0,mumbai-city,4,4,5,7,3,Ground to Floor 4,,3635,37.0,,114.7,10.33,10.33,46302138.85,Skyscraper,IN-MH-MUM-P51900011681-18956
21.7,7.0,Mumbai City,P51900012474,ROYALE IMPERIA,MITHA DEVELOPERS,400012,19.000747,72.838809,31-12-2019,31-12-2019,12/31/2025,Others,719.9,0.0,2505.88,05/14/2022,0,0,71,68,1.0,1,2,25,0,0,34,mumbai-city,2,2,3,7,5,Ground to Floor 2,,501,25.0,,77.5,12.54,12.54,5592347.34,High-Rise,IN-MH-MUM-P51900012474-19000
21.7,7.0,Mumbai City,P51900013466,ORBIT TERRACES,ORBIT CORPORATION LTD,400013,19.00331,72.830858,31-12-2018,30-12-2023,0,Residential,6006.44,0.0,13688.03,09/29/2017,4,1,140,140,2.0,1,11,45,1,0,1,mumbai-city,0,1,2,7,6,Ground to Floor 1,,2281,45.0,,139.5,12.67,12.67,254870625.83,Skyscraper,IN-MH-MUM-P51900013466-19003
21.7,7.0,Mumbai Suburban,P51800002608,PRABHAT DARSHAN,SHIVALIK VENTURES PRIVATE LIMITED,400055,19.06751476,72.84179242,30-06-2023,30-06-2023,0,Residential,1887.1,150.96,4527.53,01/15/2024,0,0,145,145,1.0,1,0,16,1,10,2,mumbai-suburban,0,1,2,7,6,Ground to Floor 1,,755,16.0,,49.6,15.88,15.88,26486095.78,High-Rise,IN-MH-MUM-P51800002608-19067
21.7,7.0,Mumbai City,P51900052888,Aryam,MYRA INFRASTRUCTURE,400002,18.9463067,72.8250359,31-12-2027,31-12-2027,0,Others,531.78,134.08,3944.29,02-07-2024,0,0,63,0,1.0,1,0,20,0,0,0,mumbai-city,0,0,1,7,7,Ground Only,,563,20.0,,62.0,9.82,9.82,6502233.06,High-Rise,IN-MH-MUM-P51900052888-18946
21.7,7.0,Mumbai City,P51900002961,Pearl Crest,RISHIRAJ DEVELOPERS PRIVATE LIMITED,400014,19.016868,72.849739,31-12-2018,31-12-2019,12/30/2021,Residential,594.48,0.0,2030.41,02/25/2022,0,2,24,19,0.0,1,5,22,1,0,30,mumbai-city,5,6,7,7,1,Ground to Floor 6,,2030,22.0,,68.2,13.34,13.34,3741818.22,High-Rise,IN-MH-MUM-P51900002961-19016
21.7,7.0,Mumbai City,P51900005991,22 Dhuleva,Safal realtor and Developers Pvt Ltd,400012,19.006571,72.847137,31-12-2017,31-12-2019,12/30/2022,Residential,1287.68,0.0,3665.36,03/20/2023,0,2,58,25,0.0,1,0,21,1,0,1,mumbai-city,0,1,2,7,6,Ground to Floor 1,,611,21.0,,65.1,12.83,12.83,14631413.37,High-Rise,IN-MH-MUM-P51900005991-19006
21.7,7.0,Mumbai City,P51900012560,Spenta Nest,Shubh Enterprises,400014,19.007391,72.845028,31-12-2025,30-12-2028,0,Residential,2907.0,0.0,4245.4,03/25/2023,1,0,28,0,0.0,1,0,8,1,0,1,mumbai-city,0,1,2,7,6,Ground to Floor 1,,708,8.0,,24.8,12.87,12.87,38258271.18,Mid-Rise,IN-MH-MUM-P51900012560-19007
12.4,4.0,Mumbai City,P51900000978,Preksha,Sugee Six Developers LLP,400014,19.01884844,72.84784593,30-09-2020,30-09-2020,03/30/2022,Residential,1221.57,135.07,4050.34,04-05-2022,0,0,36,26,0.0,1,0,10,1,0,54,mumbai-city,0,1,2,4,3,Ground to Floor 1,,1350,10.0,,31.0,13.44,13.44,15338098.88,High-Rise,IN-MH-MUM-P51900000978-19018
21.7,7.0,Mumbai City,P51900005362,Kesar Equinox,KESAR CORPORATION,400014,19.01900693,72.84706138,31-12-2020,30-12-2021,0,Residential,1015.88,81.58,3531.24,10/21/2021,2,0,36,36,0.0,1,3,19,1,0,47,mumbai-city,3,4,5,7,3,Ground to Floor 4,,1177,19.0,,58.9,13.45,13.45,11120679.88,High-Rise,IN-MH-MUM-P51900005362-19019
21.7,7.0,Mumbai City,P51900005984,DATTA ENCLAVE,SHREE DATTA DEVELOPERS,400012,19.000281,72.843714,31-12-2022,30-12-2024,0,Others,1235.76,0.0,2910.9,01-12-2019,2,0,41,29,0.0,1,0,8,1,0,1,mumbai-city,0,1,2,7,6,Ground to Floor 1,,485,8.0,,24.8,12.51,12.51,11151238.73,Mid-Rise,IN-MH-MUM-P51900005984-19000
21.7,7.0,Mumbai City,P51900000793,Kalpataru Avana,Kalpataru Limited,400012,18.99889863,72.84258544,31-03-2019,30-12-2022,0,Residential,1338.0,2328.0,37067.67,09/30/2023,1,15,276,254,2.0,1,7,47,1,0,588,mumbai-city,0,1,2,7,6,Ground to Floor 1,,6178,47.0,,145.7,12.44,12.44,153749281.63,Skyscraper,IN-MH-MUM-P51900000793-18998
21.7,7.0,Mumbai City,P51900015500,DIPTI OCEAN TERRACES,DIPTI ASSOCIATES,400028,19.029005,72.839215,30-12-2023,30-12-2023,0,Residential,708.09,0.0,2287.01,02/16/2024,0,0,13,1,1.0,1,4,20,1,0,31,mumbai-city,4,5,6,7,2,Ground to Floor 5,,1144,20.0,,62.0,13.95,13.95,5020167.62,High-Rise,IN-MH-MUM-P51900015500-19029
12.4,4.0,Mumbai City,P51900029734,Park Abode,Shree Siddhivinayak Developer,400028,19.02658,72.84078,31-12-2024,31-12-2024,0,Residential,752.97,0.0,0.0,01/31/2024,0,0,34,5,0.0,1,0,23,0,0,48,mumbai-city,0,0,1,4,4,Ground Only,,0,23.0,,71.3,13.83,13.83,0.0,High-Rise,IN-MH-MUM-P51900029734-19026
21.7,7.0,Mumbai City,P51900048130,Saraswati Niwas,Sugee Twenty Three Developers LLP,400028,19.0286196,72.8399722,30-04-2026,30-04-2026,0,Residential,436.46,0.0,1746.99,02-03-2024,0,0,7,4,0.0,1,0,16,1,0,1,mumbai-city,0,1,2,7,6,Ground to Floor 1,,291,16.0,,49.6,13.93,13.93,2363722.89,High-Rise,IN-MH-MUM-P51900048130-19028
9.3,3.0,Mumbai City,P51900034863,Dipti Royal Arc,Dipti Associates,400028,19.02830753,72.84078925,31-12-2024,31-12-2024,0,Residential,647.16,0.0,3405.23,01/20/2024,0,0,42,37,1.0,1,0,21,1,0,40,mumbai-city,0,1,2,3,2,Ground to Floor 1,,1703,21.0,,65.1,13.92,13.92,6831558.81,High-Rise,IN-MH-MUM-P51900034863-19028
12.4,4.0,Mumbai City,P51900005575,Indu Villa,Narendra Vasanji Furia,400019,19.026509,72.840148,31-12-2018,31-03-2019,0,Residential,838.63,0.0,3267.93,03/29/2023,0,0,9,2,0.0,1,5,17,1,2,1,mumbai-city,5,6,7,7,1,Ground to Floor 6,,3268,17.0,,52.7,13.83,13.83,8495810.82,High-Rise,IN-MH-MUM-P51900005575-19026
21.7,7.0,Mumbai City,P51900052518,Vijayshree,Sugee Eighteen Developers LLP,400028,19.02911024,72.83967448,30-09-2026,30-09-2026,0,Residential,613.72,0.0,2212.85,08/18/2023,0,0,18,0,0.0,1,5,10,0,0,49,mumbai-city,5,5,6,7,2,Ground to Floor 5,,1106,10.0,,31.0,13.96,13.96,4210017.94,High-Rise,IN-MH-MUM-P51900052518-19029
21.7,7.0,Mumbai City,P51900050749,BHALCHANDRA NIWAS CHS,ISHAAN REALTORS,400014,19.02039,72.84832,30-12-2026,30-12-2026,0,Residential,650.51,0.0,2180.31,02/14/2024,0,0,24,15,0.0,1,0,14,1,0,1,mumbai-city,0,1,2,7,6,Ground to Floor 1,,363,14.0,,43.4,13.52,13.52,4396771.72,High-Rise,IN-MH-MUM-P51900050749-19020
13.4,4.333333333,Mumbai City,P51900013023,MAHALAXMI,Sugee Four Developers LLP,400014,19.01950379,72.84741923,30-06-2021,30-06-2021,09/30/2022,Residential,591.98,0.0,1996.61,11-02-2022,0,0,17,14,0.0,1,2,21,1,0,1,mumbai-city,2,3,4,4,1,Ground to Floor 3,,1997,21.0,,65.1,13.48,13.48,3664054.88,High-Rise,IN-MH-MUM-P51900013023-19019
13.4,4.333333333,Mumbai City,P51900046595,PURANDARE PARK CHSL,DEVESH NARENDRA JANI,400014,19.01889512,72.84778816,31-12-2026,31-12-2026,0,Residential,1220.74,122.1,4590.08,01/19/2024,0,0,38,34,1.0,1,6,10,0,0,99,mumbai-city,6,6,7,7,1,Ground to Floor 6,,4590,10.0,,31.0,13.44,13.44,17370212.2,High-Rise,IN-MH-MUM-P51900046595-19018
12.4,4.0,Mumbai City,P51900010864,Anchor Sky D,Om Shanti Housing Development Company,400014,19.01605,72.845863,15-12-2026,15-12-2026,0,Residential,3718.26,297.46,9574.85,03/27/2023,0,0,161,52,2.0,1,8,51,1,0,214,mumbai-city,0,1,2,4,3,Ground to Floor 1,,3192,51.0,,158.1,13.3,13.3,110365523.46,Skyscraper,IN-MH-MUM-P51900010864-19016
21.7,7.0,Mumbai City,P51900015499,SAQLAINIA HEIGHTS,MOHDYUSUF USMANGANI SHERAWALA,400009,18.95421,72.835799,30-09-2018,30-09-2018,09/30/2022,Mixed (Plots & Buildings),290.14,0.0,1673.72,03/14/2024,0,0,58,58,1.0,1,0,21,0,20,0,mumbai-city,0,0,1,7,7,Ground Only,,239,21.0,,65.1,10.21,10.21,1505400.67,High-Rise,IN-MH-MUM-P51900015499-18954
21.7,7.0,Mumbai City,P51900034207,NINE REFLEX,REFLEX PROJECTS LLP,400014,19.01069742,72.84383478,31-12-2024,31-12-2024,0,Residential,605.36,0.0,2682.0,02/17/2023,0,0,30,0,1.0,1,0,22,1,0,22,mumbai-city,0,1,2,7,6,Ground to Floor 1,,447,22.0,,68.2,13.03,13.03,5033084.11,High-Rise,IN-MH-MUM-P51900034207-19010
21.7,7.0,Mumbai Suburban,P51800009011,63 ELEGANCE,SIDDHARTH DEVELOPERS,400014,19.0147962,72.8454534,30-06-2019,30-12-2022,12/30/2023,Residential,345.32,0.0,1031.96,02-06-2024,0,0,19,12,0.0,0,0,19,0,0,0,mumbai-suburban,0,0,1,7,7,Ground Only,,147,19.0,,58.9,13.24,13.24,1104704.92,High-Rise,IN-MH-MUM-P51800009011-19014
34.1,7.0,Mumbai City,P51900004280,Bombay Dyeing Mill,MHADA,400014,19.0147962,72.8454534,,31-12-2018,12/30/2023,Residential,22548.59,2290.11,98501.3,02/25/2020,1,0,3350,0,0.0,11,0,263,11,0,524,mumbai-city,0,0,1,7,7,Ground Only,,479,11.0,,34.1,13.24,13.24,6885302827.32,High-Rise,IN-MH-MUM-P51900004280-19014
21.7,7.0,Mumbai City,P51900003161,VICTORIAN,Faithfull Developers,400014,19.0147962,72.8454534,31-10-2017,30-04-2018,04/30/2019,Residential,3500.0,284.5,5887.6,04/28/2023,0,2,66,53,1.0,1,6,40,1,0,145,mumbai-city,6,7,8,8,1,Ground to Floor 7,,5888,40.0,,124.0,13.24,13.24,63880460.0,Skyscraper,IN-MH-MUM-P51900003161-19014
21.7,7.0,Mumbai City,P51900007684,PANCHRATNA-NX,SUDHIR KISHOR DESAI,400014,19.0147962,72.8454534,31-12-2020,30-06-2021,06/30/2025,Others,1202.41,184.86,3607.23,02/26/2024,1,0,141,103,0.0,2,0,42,1,0,44,mumbai-city,0,1,2,7,6,Ground to Floor 1,,601,42.0,,130.2,13.24,13.24,13445845.22,Skyscraper,IN-MH-MUM-P51900007684-19014
21.7,7.0,Mumbai City,P51900012407,Govind Niwas,Shree Sai Datta Developers,400014,19.0147962,72.8454534,15-06-2019,15-06-2019,04/30/2023,Others,500.0,0.0,1615.31,12-06-2022,0,0,15,9,0.0,1,3,18,1,2,18,mumbai-city,3,4,5,7,3,Ground to Floor 4,,538,18.0,,55.8,13.24,13.24,2503730.5,High-Rise,IN-MH-MUM-P51900012407-19014
21.7,7.0,Mumbai City,P51900000192,EKTA INVICTUS,EKTA WORLD PRIVATE LIMITED,400014,19.0147962,72.8454534,31-12-2017,31-12-2018,12/31/2019,Residential,936.48,0.0,3792.74,10-06-2021,0,1,24,24,0.0,1,8,23,1,2,27,mumbai-city,0,1,2,7,6,Ground to Floor 1,,632,23.0,,71.3,13.24,13.24,11010657.98,High-Rise,IN-MH-MUM-P51900000192-19014
21.7,7.0,Mumbai City,P51900009142,Grove Towers,Ornate Spaces Private Limited,400014,19.0147962,72.8454534,30-11-2023,29-11-2024,0,Others,6629.18,1859.1,27937.47,12-03-2019,0,2,476,39,6.0,2,14,66,2,0,857,mumbai-city,0,2,3,7,5,Ground to Floor 2,,5587,66.0,,204.6,13.24,13.24,574127803.86,Skyscraper,IN-MH-MUM-P51900009142-19014
62.0,20.0,Mumbai City,P51900032868,UNIQUE EXOTICA,UCT OASIS LLP,400014,19.02012044,72.84697605,31-12-2024,31-12-2024,0,Residential,324.48,0.0,1337.79,03/14/2024,0,0,10,0,1.0,1,0,19,1,0,26,mumbai-city,0,1,2,20,19,Ground to Floor 1,"Floor 8, Floor 15",70,19.0,,58.9,13.51,13.51,1345666.91,High-Rise,IN-MH-MUM-P51900032868-19020
21.7,7.0,Mumbai City,P51900006687,Matoshree Pride Building 1,Matoshree Properties,400012,19.00414631,72.84718332,31-03-2018,31-12-2018,0,Residential,1582.1,305.85,6805.69,09/28/2022,1,3,157,157,0.0,1,0,16,1,7,19,mumbai-city,0,1,2,7,6,Ground to Floor 1,,1134,16.0,,49.6,12.71,12.71,33378574.66,High-Rise,IN-MH-MUM-P51900006687-19004
21.7,7.0,Mumbai City,P51900010100,Nirvana Part I,RUNWAL DEVELOPERS PVT LTD,400012,19.00352,72.847763,31-12-2021,31-12-2022,12/30/2024,Residential,5045.96,650.86,16795.79,02-05-2024,4,2,175,164,1.0,1,6,58,1,0,273,mumbai-city,6,7,8,8,1,Ground to Floor 7,,16796,58.0,,179.8,12.68,12.68,262727741.98,Skyscraper,IN-MH-MUM-P51900010100-19003
18.6,6.0,Mumbai City,P51900005188,Crescent Bay - T3,L&T Parel Project LLP (JV with ORDPL),400012,19.004571,72.849389,31-08-2021,30-03-2023,03/29/2024,Residential,16836.27,0.0,25458.0,09/30/2023,26,6,268,225,0.0,1,7,52,0,0,490,mumbai-city,0,0,1,6,6,Ground Only,,4243,52.0,,161.2,12.73,12.73,1328715061.15,Skyscraper,IN-MH-MUM-P51900005188-19004
21.7,7.0,Mumbai City,P51900033030,PITTIE PARADISE,VICTORIA ENTERPRISES LIMITED,400028,19.02597,72.83971,30-04-2026,30-04-2026,0,Residential,580.74,2352.02,2352.0,06/22/2023,0,0,18,0,1.0,1,5,22,1,0,40,mumbai-city,5,6,7,7,1,Ground to Floor 6,,2352,22.0,,68.2,13.8,13.8,4234291.49,High-Rise,IN-MH-MUM-P51900033030-19025
21.7,7.0,Mumbai City,P51900020341,Sukrut,TECHNO PROPERTY DEVELOPERS PRIVATE LIMITED,400028,19.0262,72.840173,30-03-2023,30-03-2023,0,Residential,410.54,0.0,1616.32,01-11-2022,1,0,17,17,1.0,1,0,18,0,0,23,mumbai-city,0,0,1,7,7,Ground Only,,231,18.0,,55.8,13.81,13.81,2057048.44,High-Rise,IN-MH-MUM-P51900020341-19026
12.4,4.0,Mumbai City,P51900031637,VASANT PRABHA,SUDHIR VASANT MAYEKAR,400028,19.0246,72.8405,31-12-2024,31-12-2024,0,Others,566.98,0.0,2270.19,03/20/2024,0,0,16,2,0.0,1,0,20,0,0,44,mumbai-city,0,0,1,4,4,Ground Only,,568,20.0,,62.0,13.73,13.73,3990172.21,High-Rise,IN-MH-MUM-P51900031637-19024
21.7,7.0,Mumbai City,P51900011305,Rupji Swapnapurti,Rupji Constructions,400016,19.028435,72.841837,,,0,Residential,743.97,0.0,4237.94,07/31/2017,1,7,155,28,2.0,1,0,22,1,0,30,mumbai-city,0,1,2,7,6,Ground to Floor 1,,26,7.0,,21.7,13.92,13.92,9773990.69,Mid-Rise,IN-MH-MUM-P51900011305-19028
24.8,8.0,Mumbai City,P51900035023,The Baya Midtown,Renaissance Construction (Rautwadi),400028,19.02418723,72.84304065,31-12-2028,31-12-2028,0,Residential,2726.24,160.0,7417.81,08/22/2023,2,0,119,16,0.0,1,0,22,1,0,115,mumbai-city,0,1,2,8,7,Ground to Floor 1,,1060,22.0,,68.2,13.71,13.71,62690464.04,High-Rise,IN-MH-MUM-P51900035023-19024
3.1,1.0,Mumbai City,P51900019946,Ruparel NOVA,SHREE SUKHAKARTA DEVELOPERS PVT.LTD.,400012,19.0303158,72.8456284,30-12-2024,30-12-2024,0,Residential,10602.44,513.06,2904.02,10-04-2023,0,0,180,75,0.0,1,0,41,1,28,50,mumbai-city,0,1,2,2,1,Ground to Floor 1,,2904,41.0,,127.1,14.02,14.02,95448063.21,Skyscraper,IN-MH-MUM-P51900019946-19030
21.7,7.0,Mumbai City,P51900005827,SAMRUDDHI CHS LTD,UNISPACE DEVELOPERS PRIVATE LIMITED,400014,19.021092,72.84697,31-12-2017,31-12-2017,12/30/2021,Residential,699.0,0.0,2830.95,01/22/2020,0,0,23,21,0.0,1,1,23,1,3,1,mumbai-city,1,2,3,7,5,Ground to Floor 2,,566,23.0,,71.3,13.55,13.55,6134385.56,High-Rise,IN-MH-MUM-P51900005827-19021
21.7,7.0,Mumbai City,P51900012656,ANAND,AJIT ANANT BARVE,400028,19.023175,72.8434324,30-09-2020,30-09-2020,0,Residential,415.55,0.0,1385.3,06-07-2023,2,0,19,2,0.0,1,0,20,1,0,1,mumbai-city,0,1,2,7,6,Ground to Floor 1,,231,20.0,,62.0,13.66,13.66,1784550.39,High-Rise,IN-MH-MUM-P51900012656-19023
21.7,7.0,Mumbai City,P51900004931,Promesa West End,M/s. virtue Enterprises,400028,19.023175,72.8434324,,30-12-2021,12/31/2025,Residential,872.96,0.0,3889.0,02/14/2024,2,0,65,9,0.0,1,0,21,0,0,47,mumbai-city,0,0,1,7,7,Ground Only,,9,7.0,,21.7,13.66,13.66,10524318.46,Mid-Rise,IN-MH-MUM-P51900004931-19023
21.7,7.0,Mumbai City,P51900001876,AKASH,Kay Bee Developers Pvt. Ltd.,400017,19.023175,72.8434324,31-12-2020,30-12-2021,0,Residential,933.74,962.47,2366.9,05/28/2021,0,0,83,36,1.0,1,0,23,1,2,54,mumbai-city,0,1,2,7,6,Ground to Floor 1,,394,23.0,,71.3,13.66,13.66,6851214.54,High-Rise,IN-MH-MUM-P51900001876-19023
21.7,7.0,Mumbai City,P51900008699,PRABHAT,M/s PANCHARATNAA,400028,19.023175,72.8434324,,,0,Residential,420.15,0.0,1050.38,12/16/2019,0,0,13,7,0.0,1,4,18,1,0,15,mumbai-city,4,5,6,7,2,Ground to Floor 5,,7,7.0,,21.7,13.66,13.66,1368083.19,Mid-Rise,IN-MH-MUM-P51900008699-19023
21.7,7.0,Mumbai City,P51900015093,Shree Sai Baba,Shree Saiganesh Constructions,400028,19.023175,72.8434324,,,12/30/2024,Others,184.79,0.0,774.0,04/13/2022,0,0,15,0,0.0,1,0,14,1,0,12,mumbai-city,0,1,2,7,6,Ground to Floor 1,,3,7.0,,21.7,13.66,13.66,443385.13,Mid-Rise,IN-MH-MUM-P51900015093-19023
21.7,7.0,Mumbai City,P51900000043,Ruby Mill,MHADA,400028,19.023175,72.8434324,30-12-2017,31-12-2017,0,Residential,545.77,43.66,2083.27,06/19/2019,0,0,47,47,0.0,1,0,19,1,8,1,mumbai-city,0,1,2,7,6,Ground to Floor 1,,347,19.0,,58.9,13.66,13.66,3524657.43,High-Rise,IN-MH-MUM-P51900000043-19023
21.7,7.0,Mumbai City,P51900005428,ELIZABETH HOUSE,SURAJ ESTATE DEVELOPERS LTD,400028,19.023175,72.8434324,30-09-2013,30-06-2019,12/29/2020,Residential,436.45,0.0,1633.73,03-10-2021,0,1,17,15,1.0,1,3,12,1,0,1,mumbai-city,3,4,5,7,3,Ground to Floor 4,,545,12.0,,37.2,13.66,13.66,2210428.52,High-Rise,IN-MH-MUM-P51900005428-19023
21.7,7.0,Mumbai City,P51900008501,TREVEDIA VUEPOINT,S.B.BROTHERS DEVELOPERS,400028,19.023175,72.8434324,31-07-2017,31-07-2018,09/30/2018,Residential,3309.49,166.93,4615.71,10/15/2018,0,2,54,29,2.0,1,4,18,1,0,115,mumbai-city,4,5,6,7,2,Ground to Floor 5,,2308,18.0,,55.8,13.66,13.66,47354502.87,High-Rise,IN-MH-MUM-P51900008501-19023
21.7,7.0,Mumbai City,P51900005776,PEARL HARMONY,PEARL CONCEPT CONSTRUCTIONS,400028,19.023175,72.8434324,,31-03-2019,03/30/2022,Residential,200.11,0.0,694.75,10-11-2022,0,0,14,12,1.0,1,0,8,0,1,9,mumbai-city,0,0,1,7,7,Ground Only,,2,7.0,,21.7,13.66,13.66,430981.91,Mid-Rise,IN-MH-MUM-P51900005776-19023
21.7,7.0,Mumbai City,P51900004251,OM SHREE JANABAI,SIGNET PROPERTIES PRIVATE LIMITED,400028,19.023175,72.8434324,31-12-2020,30-12-2022,12/30/2023,Others,872.08,0.0,3460.59,01/17/2024,5,0,100,54,2.0,1,0,14,0,0,0,mumbai-city,0,0,1,7,7,Ground Only,,494,14.0,,43.4,13.66,13.66,9355525.11,High-Rise,IN-MH-MUM-P51900004251-19023
21.7,7.0,Mumbai City,P51900008175,DAFFODIL,BUILDARCH LAND DEVLOPERS PVT. LTD.,400028,19.023175,72.8434324,29-04-2019,30-12-2021,0,Residential,545.85,0.0,2043.36,08-03-2021,0,0,33,8,0.0,1,0,15,1,0,28,mumbai-city,0,1,2,7,6,Ground to Floor 1,,341,15.0,,46.5,13.66,13.66,3457640.97,High-Rise,IN-MH-MUM-P51900008175-19023
21.7,7.0,Mumbai City,P51900002210,ASTERIA HEIGHTS,SONA DEVELOPERS,400028,19.023175,72.8434324,31-03-2021,30-03-2022,0,Residential,2813.56,243.1,8588.49,06/28/2021,2,1,60,51,3.0,1,0,23,1,0,66,mumbai-city,0,1,2,7,6,Ground to Floor 1,,1431,23.0,,71.3,13.66,13.66,74909118.97,High-Rise,IN-MH-MUM-P51900002210-19023
21.7,7.0,Mumbai City,P51900003098,Madhuwanti,Sharmila Raj Thackeray,400028,19.023175,72.8434324,,,0,Residential,398.83,0.0,1585.45,09/16/2019,0,0,16,10,0.0,1,0,18,1,0,36,mumbai-city,0,1,2,7,6,Ground to Floor 1,,3,7.0,,21.7,13.66,13.66,1960207.57,Mid-Rise,IN-MH-MUM-P51900003098-19023
21.7,7.0,Mumbai City,P51900004595,VISION ETERNITY,VVA Vision Realtors Pvt. Ltd.,400028,19.023175,72.8434324,17-04-2019,17-04-2019,12/31/2023,Residential,326.92,326.92,1153.07,02-05-2024,0,0,7,6,0.0,1,0,21,0,0,24,mumbai-city,0,0,1,7,7,Ground Only,,165,21.0,,65.1,13.66,13.66,1168581.1,High-Rise,IN-MH-MUM-P51900004595-19023
21.7,7.0,Mumbai City,P51900001070,Jawale Bhuvan,Prathamesh Developers & Project Consultants,400028,19.023175,72.8434324,30-03-2021,30-03-2021,06/30/2022,Residential,351.17,0.0,1475.0,04/29/2022,0,0,17,16,1.0,1,0,20,0,0,24,mumbai-city,0,0,1,7,7,Ground Only,,211,20.0,,62.0,13.66,13.66,1605724.82,High-Rise,IN-MH-MUM-P51900001070-19023
21.7,7.0,Mumbai City,P51900007465,Siddhivinayak Habitats,SIDDHIVINAYAK HABITATS,400028,19.023175,72.8434324,31-03-2021,30-03-2022,0,Residential,470.74,470.74,1557.94,02/15/2024,0,0,33,32,1.0,1,1,22,0,0,26,mumbai-city,1,1,2,7,6,Ground to Floor 1,,260,22.0,,68.2,13.66,13.66,2273492.49,High-Rise,IN-MH-MUM-P51900007465-19023
21.7,7.0,Mumbai City,P51900007574,Siddhivinayak Vastu,SIDDHIVINAYAK CONSTRUCTION PRIVATE LIMITED,400012,19.023175,72.8434324,31-12-2018,31-12-2018,0,Residential,1285.13,1285.13,6477.11,11/23/2023,0,10,182,40,1.0,1,1,18,1,0,47,mumbai-city,1,2,3,7,5,Ground to Floor 2,,1295,18.0,,55.8,13.66,13.66,25804177.96,High-Rise,IN-MH-MUM-P51900007574-19023
21.7,7.0,Mumbai City,P51900005337,LUMIERE,NEW SIDDHARTH ENTERPRISES,400028,19.023175,72.8434324,30-06-2014,30-12-2020,09/29/2022,Others,1874.59,150.1,2211.42,05/31/2023,0,0,56,54,0.0,1,0,19,1,2,1,mumbai-city,0,1,2,7,6,Ground to Floor 1,,369,19.0,,58.9,13.66,13.66,12851068.04,High-Rise,IN-MH-MUM-P51900005337-19023
21.7,7.0,Mumbai City,P51900005921,AAROHI TOWER,SUDHIR SHARAD REDKAR,400028,19.023175,72.8434324,13-04-2009,31-12-2017,0,Residential,4484.98,0.0,663.0,03-06-2020,1,0,9,9,0.0,1,0,11,1,12,1,mumbai-city,0,1,2,7,6,Ground to Floor 1,,110,11.0,,34.1,13.66,13.66,9217979.39,High-Rise,IN-MH-MUM-P51900005921-19023
21.7,7.0,Mumbai City,P51900013047,CORNERSTONE APEX,SHREE SAI PARSHWA DEVELOPERS LLP,400028,19.023175,72.8434324,31-12-2022,30-12-2023,0,Others,711.54,0.0,2134.62,09/30/2019,0,1,83,44,2.0,1,3,16,0,0,0,mumbai-city,3,3,4,7,4,Ground to Floor 3,,534,16.0,,49.6,13.66,13.66,4708489.3,High-Rise,IN-MH-MUM-P51900013047-19023
21.7,7.0,Mumbai City,P51900003443,Viva Mhatre Mansion,Viva Homes Private Limited,400028,19.023175,72.8434324,31-12-2019,31-12-2019,12/30/2022,Residential,273.41,0.0,966.08,12/27/2023,0,0,0,0,0.0,1,0,8,0,0,8,mumbai-city,0,0,1,7,7,Ground Only,,138,8.0,,24.8,13.66,13.66,818821.39,Mid-Rise,IN-MH-MUM-P51900003443-19023
21.7,7.0,Mumbai City,P51900003106,SAMATA B SRA CHS LTD,NEETA BUILDERS,400017,19.023175,72.8434324,31-12-2019,31-12-2019,12/31/2023,Residential,1573.06,125.84,6006.01,01-12-2024,5,0,31,29,0.0,2,0,14,0,3,0,mumbai-city,0,0,1,7,7,Ground Only,,858,14.0,,43.4,13.66,13.66,29288223.68,High-Rise,IN-MH-MUM-P51900003106-19023
21.7,7.0,Mumbai City,P51900005890,SANTOSH BUILDING,CONCRETE LIFESTYLES & INFRASTRUCTURE PRIVATE LIMITED,400028,19.023175,72.8434324,20-12-2018,30-04-2020,06/30/2022,Mixed (Plots & Buildings),411.84,204.9,1235.52,07/15/2023,0,0,21,10,0.0,1,4,15,1,3,1,mumbai-city,4,5,6,7,2,Ground to Floor 5,,618,15.0,,46.5,13.66,13.66,1577393.33,High-Rise,IN-MH-MUM-P51900005890-19023
21.7,7.0,Mumbai City,P51900010775,OM SIDDHI SRA CHS LTD,M/S. OM SIDDHI VENTURE,400028,19.023175,72.8434324,31-12-2016,30-12-2020,12/31/2025,Others,2150.5,212.0,6450.9,06-12-2023,0,2,47,29,0.0,2,12,35,1,0,1,mumbai-city,0,1,2,7,6,Ground to Floor 1,,1075,35.0,,108.5,13.66,13.66,43005247.4,Skyscraper,IN-MH-MUM-P51900010775-19023
21.7,7.0,Mumbai City,P51900009854,"The Ruby - Ground and 1st Part, 21st to 39th Floor",Mindset Estates Private Limited,400028,19.023175,72.8434324,31-12-2010,30-06-2021,12/30/2022,Industrial,26082.15,6764.73,20082.55,07-01-2022,0,1,63,5,4.0,1,3,20,1,0,457,mumbai-city,3,4,5,7,3,Ground to Floor 4,,6694,20.0,,62.0,13.66,13.66,1623767852.6,High-Rise,IN-MH-MUM-P51900009854-19023
21.7,7.0,Mumbai City,P51900011122,Aditya Highrise Project,Anil Ramrao Naik,400028,19.023175,72.8434324,31-12-2020,30-12-2021,0,Others,1821.08,150.4,5163.44,12-07-2017,0,2,78,62,1.0,1,3,20,0,0,0,mumbai-city,3,3,4,7,4,Ground to Floor 3,,1291,20.0,,62.0,13.66,13.66,29149415.68,High-Rise,IN-MH-MUM-P51900011122-19023
21.7,7.0,Mumbai City,P51900009073,F.W.TOWER,crystal construction corporation,400017,19.023175,72.8434324,22-06-2022,18-08-2026,0,Mixed (Plots & Buildings),4492.64,578.09,3770.0,02/23/2023,0,0,83,0,0.0,1,2,23,1,73,23,mumbai-city,2,3,4,7,4,Ground to Floor 3,,942,23.0,,71.3,13.66,13.66,52505483.68,High-Rise,IN-MH-MUM-P51900009073-19023
21.7,7.0,Mumbai City,P51900007859,Matoshree Ankur,Matoshree Infrastructure Private Limited,400028,19.02249844,72.84159628,31-03-2018,30-09-2018,0,Residential,385.45,0.0,1348.17,09/28/2022,0,0,30,29,0.0,1,0,12,1,0,12,mumbai-city,0,1,2,7,6,Ground to Floor 1,,225,12.0,,37.2,13.62,13.62,1610921.59,High-Rise,IN-MH-MUM-P51900007859-19022
9.3,3.0,Mumbai City,P51900018948,87 NINAD,MAAULI CREATIONS PVT LTD,400028,19.0213255,72.8397884,30-12-2022,30-12-2022,0,Residential,474.92,0.0,1838.0,08/17/2022,0,0,19,0,0.0,1,0,17,1,0,25,mumbai-city,0,1,2,3,2,Ground to Floor 1,,919,17.0,,52.7,13.57,13.57,2705999.18,High-Rise,IN-MH-MUM-P51900018948-19021
7.2,2.333333333,Mumbai City,P51900014699,HARI TARA HEIGHTS,RAMDEV CONSTRUCTION,400028,19.0179,72.84001,30-06-2021,30-06-2021,12/29/2022,Others,592.16,0.0,1776.48,05/26/2023,0,0,41,36,1.0,1,0,20,0,0,24,mumbai-city,0,0,1,2,2,Ground Only,,888,20.0,,62.0,13.4,13.4,3261077.23,High-Rise,IN-MH-MUM-P51900014699-19017
21.7,7.0,Mumbai City,P51900003621,DUDHWALA COMPLEX-PHASE 2,ROCK CORNER DEVELOPER PRIVATE LIMITED,400008,18.969014,72.823212,30-12-2021,31-12-2020,06/30/2022,Residential,9378.5,0.0,7202.0,05-08-2023,0,0,64,44,1.0,2,2,32,2,51,20,mumbai-city,2,4,5,7,3,Ground to Floor 4,,2401,32.0,,99.2,10.95,10.95,209386266.7,High-Rise,IN-MH-MUM-P51900003621-18969
21.7,7.0,Mumbai Suburban,P51800019208,Shri Sadashiv CHSL,Bhoomi Shashwat Estate Pvt. Ltd.,400055,19.0798544,72.84262783,30-12-2021,30-12-2021,0,Others,821.4,0.0,1283.56,04/15/2023,0,0,19,0,0.0,1,1,12,1,0,43,mumbai-suburban,1,2,3,7,5,Ground to Floor 2,,257,12.0,,37.2,16.49,16.49,3268380.17,High-Rise,IN-MH-MUM-P51800019208-19079
21.7,7.0,Mumbai City,P51900007414,Samarth Raghukul,M/S VIRTUE ENTERPRISES,400028,19.014353,72.834296,,31-12-2017,0,Residential,516.0,0.0,2064.0,11/28/2019,0,0,16,16,0.0,1,0,18,0,34,0,mumbai-city,0,0,1,7,7,Ground Only,,2,7.0,,21.7,13.22,13.22,3301574.4,Mid-Rise,IN-MH-MUM-P51900007414-19014
21.7,7.0,Mumbai City,P51900012129,PARK MIST,Richa Housing Projects Private Ltd.,400028,19.0224442,72.839785,31-12-2023,30-12-2024,0,Residential,1925.59,635.44,5145.45,05/18/2023,0,4,39,33,0.0,1,0,46,0,0,0,mumbai-city,0,0,1,7,7,Ground Only,,735,46.0,,142.6,13.62,13.62,30714883.9,Skyscraper,IN-MH-MUM-P51900012129-19022
9.3,3.0,Mumbai City,P51900011900,BUILDARCH OLIVE,BUILDARCH LAND DEVLOPERS PVT. LTD.,400028,19.024468,72.837939,23-05-2017,31-12-2017,05-12-2018,Residential,473.25,0.0,1502.02,06/18/2019,0,0,0,10,0.0,1,0,13,1,0,1,mumbai-city,0,1,2,3,2,Ground to Floor 1,,751,13.0,,40.3,13.72,13.72,2203575.99,High-Rise,IN-MH-MUM-P51900011900-19024
6.2,2.0,Mumbai City,P51900004360,Trimurti,Sugee Developers Pvt Ltd,400028,19.02549752,72.83907755,30-04-2018,30-04-2018,0,Residential,652.2,0.0,2561.69,07/28/2021,0,0,9,9,0.0,1,0,20,1,0,27,mumbai-city,0,1,2,2,1,Ground to Floor 1,,2562,20.0,,62.0,13.77,13.77,5179276.08,High-Rise,IN-MH-MUM-P51900004360-19025
21.7,7.0,Mumbai City,P51900031858,ZARION,AYG HOMES CONSTRUCTIONS PRIVATE LIMITED,400028,19.02385556,72.84144238,30-06-2026,30-06-2026,0,Residential,380.62,0.0,1259.42,11/30/2023,0,0,27,1,0.0,1,0,14,0,0,20,mumbai-city,0,0,1,7,7,Ground Only,,180,14.0,,43.4,13.69,13.69,1486017.37,High-Rise,IN-MH-MUM-P51900031858-19023
43.4,14.0,Mumbai City,P51900017229,SIDDHI YOG,SIDDHITECH DEVELOPERS PRIVATE LIMITED,400016,19.0226432,72.8399872,30-12-2023,30-12-2023,12/29/2024,Others,625.42,0.0,0.0,03-08-2024,0,1,9,9,2.0,1,0,20,1,0,43,mumbai-city,0,1,2,14,13,Ground to Floor 1,Floor 8,0,20.0,,62.0,13.63,13.63,0.0,High-Rise,IN-MH-MUM-P51900017229-19022
21.7,7.0,Mumbai City,P51900001098,Sanskruti,Sugee Three Developers LLP,400028,19.02555983,72.84050745,31-08-2020,31-08-2020,03/30/2022,Residential,710.89,0.0,3962.25,10-01-2022,0,0,25,25,0.0,1,0,22,0,0,59,mumbai-city,0,0,1,7,7,Ground Only,,566,22.0,,68.2,13.78,13.78,8731844.1,High-Rise,IN-MH-MUM-P51900001098-19025
21.7,7.0,Mumbai City,P51900048976,Indira,Sugee Developers Pvt. Ltd.,400028,19.02563765,72.83916352,30-04-2026,30-04-2026,0,Residential,625.42,0.0,1645.98,02-03-2024,0,0,7,3,0.0,1,0,19,1,0,1,mumbai-city,0,1,2,7,6,Ground to Floor 1,,274,19.0,,58.9,13.78,13.78,3191229.32,High-Rise,IN-MH-MUM-P51900048976-19025
21.7,7.0,Mumbai City,P51900006907,Fashion Index,PSK Developers Pvt. Ltd.,400028,19.0217224,72.837479,31-12-2022,30-12-2023,0,Others,5284.31,410.59,15089.83,07/31/2017,1,0,318,0,3.0,1,3,21,0,0,536,mumbai-city,3,3,4,7,4,Ground to Floor 3,,3772,21.0,,65.1,13.59,13.59,247191952.66,High-Rise,IN-MH-MUM-P51900006907-19021
21.7,7.0,Mumbai City,P51900007789,Shaanti Ashish,Ruparel Estates India Pvt Ltd,400028,19.0217224,72.837479,31-12-2021,30-12-2022,0,Residential,397.16,0.0,1155.0,01-02-2020,0,0,11,2,0.0,1,0,15,1,0,16,mumbai-city,0,1,2,7,6,Ground to Floor 1,,192,15.0,,46.5,13.59,13.59,1422031.38,High-Rise,IN-MH-MUM-P51900007789-19021
21.7,7.0,Mumbai City,P51900011546,OM SWAMI ANAND,AANANDVARDHAN REALTORS,400028,19.0217224,72.837479,30-09-2017,31-12-2017,0,Residential,339.47,0.0,1906.95,07-03-2018,0,0,9,9,0.0,1,0,19,1,0,1,mumbai-city,0,1,2,7,6,Ground to Floor 1,,318,19.0,,58.9,13.59,13.59,2006792.18,High-Rise,IN-MH-MUM-P51900011546-19021
21.7,7.0,Mumbai City,P51900009182,Shiv Krupa,R K ENGINEERS,400028,19.0217224,72.837479,31-05-2018,31-07-2018,0,Residential,236.62,0.0,887.26,11/28/2019,0,0,18,18,0.0,1,0,8,1,0,1,mumbai-city,0,1,2,7,6,Ground to Floor 1,,148,8.0,,24.8,13.59,13.59,650824.73,Mid-Rise,IN-MH-MUM-P51900009182-19021
21.7,7.0,Mumbai City,P51900012718,Hive suites,Shree Richa Realtors,400028,19.023393,72.838345,31-12-2021,30-12-2022,0,Others,845.22,0.0,3253.97,10-10-2018,0,0,19,14,1.0,1,4,22,0,0,0,mumbai-city,4,4,5,7,3,Ground to Floor 4,,1085,22.0,,68.2,13.67,13.67,8525993.62,High-Rise,IN-MH-MUM-P51900012718-19023
6.2,2.0,Mumbai City,P51900017691,DOTOM DESIRE,DOTOM VENTURES,400028,19.0233997,72.8404437,30-12-2023,30-12-2023,0,Residential,528.9,0.0,3178.64,08-01-2023,0,0,24,21,0.0,1,0,24,1,0,1,mumbai-city,0,1,2,2,1,Ground to Floor 1,,3179,24.0,,74.4,13.67,13.67,5211666.36,High-Rise,IN-MH-MUM-P51900017691-19023
9.3,3.0,Mumbai City,P51900015218,Aangan,Indus Valley Constructions LLP,400016,19.03097519,72.84348992,30-12-2023,30-12-2023,12/29/2024,Residential,1420.58,0.0,6505.64,02/20/2024,2,1,106,83,2.0,2,8,51,2,0,135,mumbai-city,0,2,3,3,1,Ground to Floor 2,,6506,51.0,,158.1,14.05,14.05,28649524.42,Skyscraper,IN-MH-MUM-P51900015218-19030
21.7,7.0,Mumbai City,P51900002761,Earth Baug,Earth Baug,400002,18.947056,72.830024,19-08-2017,31-12-2017,03/31/2018,Residential,1102.84,0.0,5290.54,07/31/2021,0,0,88,73,1.0,1,0,19,0,0,56,mumbai-city,0,0,1,7,7,Ground Only,,756,19.0,,58.9,9.85,9.85,18087319.31,High-Rise,IN-MH-MUM-P51900002761-18947
21.7,7.0,Mumbai City,P51900012757,RAJKAMAL BUILDING,J.P. PORWAL REALTY,400016,19.028567,72.84081,22-08-2019,19-10-2022,0,Others,647.16,0.0,1941.48,01/20/2024,2,2,31,4,1.0,1,0,23,0,0,26,mumbai-city,0,0,1,7,7,Ground Only,,277,23.0,,71.3,13.93,13.93,3894989.41,High-Rise,IN-MH-MUM-P51900012757-19028
21.7,7.0,Mumbai City,P51900012105,INSIGNIA,Ashwatha Developers,400028,19.02023275,72.83746568,31-12-2023,30-12-2024,0,Residential,3047.68,0.0,7100.06,11/22/2023,8,1,93,0,1.0,1,0,55,0,0,300,mumbai-city,0,0,1,7,7,Ground Only,,1014,55.0,,170.5,13.51,13.51,67080003.67,Skyscraper,IN-MH-MUM-P51900012105-19020
21.7,7.0,Mumbai City,P51900015854,South Tower,Glider Buildcon Realtors,400011,18.98297241,72.8263266,30-12-2025,30-12-2025,0,Residential,27696.68,4241.86,49350.99,01/20/2024,61,10,385,265,2.0,1,9,58,0,0,571,mumbai-city,0,0,1,7,7,Ground Only,,7050,58.0,,179.8,11.65,11.65,4237261590.91,Skyscraper,IN-MH-MUM-P51900015854-18982
21.7,7.0,Mumbai Suburban,P51800047904,KHAR HARI NIKETAN,DGLAND DEVELOPERS PVT LTD,400052,19.07528,72.82846,31-12-2024,31-12-2024,0,Residential,516.7,0.0,1146.06,11/21/2022,0,0,9,0,1.0,1,0,9,1,24,1,mumbai-suburban,0,1,2,7,6,Ground to Floor 1,,191,9.0,,27.9,16.26,16.26,1835724.53,Mid-Rise,IN-MH-MUM-P51800047904-19075
21.7,7.0,Mumbai Suburban,P51800000619,Rustomjee Paramount - Wing D,KEYSTONE REALTORS LIMITED,400052,19.0764062,72.82905948,30-06-2019,30-11-2020,0,Residential,383.86,0.0,5754.77,12/31/2022,7,0,42,37,0.0,1,0,23,1,0,0,mumbai-suburban,0,1,2,7,6,Ground to Floor 1,,959,23.0,,71.3,16.32,16.32,6847980.64,High-Rise,IN-MH-MUM-P51800000619-19076
21.7,7.0,Mumbai Suburban,P51800032970,SEQUOIA,AUM PRIMA LLP,400054,19.076108,72.830803,31-12-2024,31-12-2024,0,Residential,1497.5,0.0,4447.42,01/16/2024,0,0,32,22,2.0,1,0,19,1,13,71,mumbai-suburban,0,1,2,7,6,Ground to Floor 1,,741,19.0,,58.9,16.31,16.31,20646035.5,High-Rise,IN-MH-MUM-P51800032970-19076
21.7,7.0,Mumbai Suburban,P51800048002,BHAGIRATHI SADAN,L NAGPAL DEVELOPERS,400052,19.07439707,72.83029183,31-01-2025,31-01-2025,0,Residential,842.0,0.0,2500.74,12/27/2023,1,0,9,0,0.0,1,0,14,1,3,1,mumbai-suburban,0,1,2,7,6,Ground to Floor 1,,417,14.0,,43.4,16.22,16.22,6527431.55,High-Rise,IN-MH-MUM-P51800048002-19074
21.7,7.0,Mumbai Suburban,P51800021089,EKTA VERVE,EKTA WORLD PRIVATE LIMITED,400052,19.073758,72.831269,30-04-2024,30-04-2024,0,Residential,1063.6,159.54,0.0,09-06-2023,0,0,18,15,1.0,1,2,15,1,0,49,mumbai-suburban,2,3,4,7,4,Ground to Floor 3,,0,15.0,,46.5,16.19,16.19,0.0,High-Rise,IN-MH-MUM-P51800021089-19073
21.7,7.0,Mumbai Suburban,P51800051748,EKTA ELITUS,EKTA REALTORS,400054,19.07627363,72.83115666,30-06-2026,30-06-2026,0,Residential,934.0,0.0,0.0,02/20/2024,0,0,5,5,0.0,1,0,0,0,0,0,mumbai-suburban,0,0,1,7,7,Ground Only,,0,0.0,,0.0,16.31,16.31,0.0,Low-Rise,IN-MH-MUM-P51800051748-19076
21.7,7.0,Mumbai Suburban,P51800019010,SHEETAL VAIBHAV,D.G.S TOWNSHIP PRIVATE LIMITED,400052,19.0719613,72.8292008,,,05-01-2023,Residential,376.2,0.0,0.0,08-03-2023,0,0,20,0,0.0,1,0,14,1,0,24,mumbai-suburban,0,1,2,7,6,Ground to Floor 1,,3,7.0,,21.7,16.1,16.1,0.0,Mid-Rise,IN-MH-MUM-P51800019010-19071
21.7,7.0,Mumbai City,P51900007903,KRISHNA BHUVAN C.H.S.,SHAUNAK DILIP KIRKIRE,400014,19.025485,72.837218,31-12-2019,31-12-2019,0,Others,563.55,0.0,2259.54,09/25/2020,2,5,25,11,0.0,1,0,12,1,0,1,mumbai-city,0,1,2,7,6,Ground to Floor 1,,377,12.0,,37.2,13.77,13.77,3947427.68,High-Rise,IN-MH-MUM-P51900007903-19025
21.7,7.0,Mumbai City,P51900004442,Matoshree Nandadeep,Matoshree Infrastructure Private Limited,400028,19.02563131,72.83630026,31-03-2018,31-12-2018,0,Residential,369.57,0.0,1207.24,09/27/2022,0,0,16,16,0.0,1,0,9,1,2,9,mumbai-city,0,1,2,7,6,Ground to Floor 1,,201,9.0,,27.9,13.78,13.78,1383095.03,Mid-Rise,IN-MH-MUM-P51900004442-19025
145.7,47.0,Mumbai City,P51900006860,25 South Tower A upto 10th Floor,Twenty Five South Realty Limited,400025,19.018763,72.830178,31-12-2020,30-12-2026,0,Residential,1102.0,0.0,8948.0,03-11-2024,0,0,36,36,3.0,1,7,21,1,0,95,mumbai-city,0,1,2,47,46,Ground to Floor 1,"Floor 8, Floor 15, Floor 22, Floor 29, Floor 36, Floor 43",195,21.0,,65.1,13.44,13.44,30568157.6,High-Rise,IN-MH-MUM-P51900006860-19018
21.7,7.0,Mumbai Suburban,P51800008793,SHANTI SADAN,MAN GLOBAL LTD.,400050,19.063331,72.836651,30-06-2016,31-12-2017,0,Residential,1296.0,194.61,3496.19,03/20/2020,0,5,13,10,1.0,1,0,16,1,14,59,mumbai-suburban,0,1,2,7,6,Ground to Floor 1,,583,16.0,,49.6,15.67,15.67,14046292.94,High-Rise,IN-MH-MUM-P51800008793-19063
21.7,7.0,Mumbai City,P51900031447,VITALIS,SURAJ ESTATE DEVELOPERS LTD,400016,19.0340203,72.8421659,31-12-2026,31-12-2026,0,Residential,2750.85,300.26,9312.89,11/23/2023,0,0,240,0,1.0,1,7,38,1,0,1,mumbai-city,0,1,2,7,6,Ground to Floor 1,,1552,38.0,,117.8,14.2,14.2,79416926.72,Skyscraper,IN-MH-MUM-P51900031447-19034
21.7,7.0,Mumbai Suburban,P51800006911,LABURNUM,SUN BEAM ENTERPRISES,400070,19.0582,72.826119,,31-01-2018,12/30/2021,Others,743.0,0.0,1748.0,03-03-2020,0,0,27,23,0.0,1,0,7,1,0,1,mumbai-suburban,0,1,2,7,6,Ground to Floor 1,,5,7.0,,21.7,15.41,15.41,4026168.4,Mid-Rise,IN-MH-MUM-P51800006911-19058
12.4,4.0,Mumbai City,P51900000206,KANAKIA MIAMI,KANAKIA SPACES REALTY PRIVATE LIMITED,400016,19.0389455,72.8420546,30-09-2018,30-09-2020,0,Residential,5542.3,1116.93,4911.35,02-10-2022,0,5,47,43,0.0,1,2,26,0,21,92,mumbai-city,2,2,3,4,2,Ground to Floor 2,,2456,26.0,,80.6,14.45,14.45,84382542.83,High-Rise,IN-MH-MUM-P51900000206-19038
12.4,4.0,Mumbai City,P51900005858,PARK VISION,VVA VISION REALTORS LLP,400016,19.0389455,72.8420546,,,06/30/2024,Residential,443.24,0.0,1427.0,06/27/2023,0,0,10,8,0.0,1,0,18,1,6,22,mumbai-city,0,1,2,4,3,Ground to Floor 1,,3,4.0,,12.4,14.45,14.45,1960760.79,Low-Rise,IN-MH-MUM-P51900005858-19038
12.4,4.0,Mumbai City,P51900012725,Shri Gana Siddhivinayak SRA CHS Ltd,Gharandaj Builders,400016,19.0389455,72.8420546,31-03-2001,30-03-2022,0,Residential,5528.77,750.97,7370.96,07/31/2017,4,0,42,53,0.0,3,1,31,1,26,1,mumbai-city,1,2,3,4,2,Ground to Floor 2,,3685,31.0,,96.1,14.45,14.45,126332261.81,High-Rise,IN-MH-MUM-P51900012725-19038
12.4,4.0,Mumbai City,P51900009258,Shree Swami Samartha Darshan,Shree Sai Datta Developers,400016,19.0389455,72.8420546,,,12/30/2021,Others,971.58,0.0,3209.46,02/21/2024,0,0,15,9,0.0,1,4,18,0,0,42,mumbai-city,4,4,5,5,1,Ground to Floor 4,,15,4.0,,12.4,14.45,14.45,9666566.16,Low-Rise,IN-MH-MUM-P51900009258-19038
12.4,4.0,Mumbai City,P51900011824,NOVELTY HEIGHTS,YASH ENTERPRISES,400016,19.0389455,72.8420546,31-12-2021,30-12-2022,0,Residential,697.33,0.0,1932.77,07-08-2021,0,0,93,46,0.0,1,2,13,0,0,12,mumbai-city,2,2,3,4,2,Ground to Floor 2,,966,13.0,,40.3,14.45,14.45,4178113.36,High-Rise,IN-MH-MUM-P51900011824-19038
12.4,4.0,Mumbai City,P51900004642,ST ANTHONY APARTMENT,SURAJ ESTATE DEVELOPERS LTD,400016,19.0389455,72.8420546,18-09-2017,31-03-2019,09/30/2020,Residential,263.38,0.0,1064.84,07/26/2023,0,0,19,16,0.0,1,0,10,1,0,14,mumbai-city,0,1,2,4,3,Ground to Floor 1,,355,10.0,,31.0,14.45,14.45,869418.43,High-Rise,IN-MH-MUM-P51900004642-19038
12.4,4.0,Mumbai City,P51900007718,Anna Nagar LBT CHS Ltd,Accanoor Associates,400016,19.0389455,72.8420546,31-01-2018,31-03-2018,0,Residential,1400.14,0.0,3493.56,10/25/2021,0,1,26,20,0.0,1,0,8,1,1,2,mumbai-city,0,1,2,4,3,Ground to Floor 1,,1165,8.0,,24.8,14.45,14.45,15163566.61,Mid-Rise,IN-MH-MUM-P51900007718-19038
12.4,4.0,Mumbai City,P51900008530,MAKHIJA BAYRISE,SANJAY BUILDERS & DEVELOPERS,400016,19.0389455,72.8420546,31-12-2021,30-12-2022,0,Residential,1617.93,133.0,3008.0,06/14/2021,2,0,19,0,0.0,1,3,9,1,2,1,mumbai-city,3,4,5,5,1,Ground to Floor 4,,3008,9.0,,27.9,14.45,14.45,15086873.66,Mid-Rise,IN-MH-MUM-P51900008530-19038
12.4,4.0,Mumbai City,P51900004603,AADITYA ELEGANCE,SANGHVI REALTY PIVATE LTD.,400016,19.0389455,72.8420546,31-12-2018,30-12-2021,0,Residential,1200.31,96.6,4595.99,12/21/2021,0,0,27,27,0.0,1,3,19,0,0,44,mumbai-city,3,3,4,4,1,Ground to Floor 3,,4596,19.0,,58.9,14.45,14.45,17101499.55,High-Rise,IN-MH-MUM-P51900004603-19038
12.4,4.0,Mumbai City,P51900009273,PRASHANT UDYAN CHS LTD,SHREE CHAMUNDA REALTORS,400016,19.0389455,72.8420546,31-12-2019,31-12-2019,0,Residential,474.92,0.0,1634.06,12-07-2022,0,0,19,13,0.0,1,0,18,1,0,20,mumbai-city,0,1,2,4,3,Ground to Floor 1,,545,18.0,,55.8,14.45,14.45,2405748.1,High-Rise,IN-MH-MUM-P51900009273-19038
12.4,4.0,Mumbai City,P51900014754,1 OSR,Shagun Builders,400016,19.0389455,72.8420546,30-03-2023,30-03-2023,03/29/2024,Residential,816.06,0.0,0.0,08/18/2023,0,0,33,24,0.0,1,0,22,1,0,40,mumbai-city,0,1,2,4,3,Ground to Floor 1,,0,22.0,,68.2,14.45,14.45,0.0,High-Rise,IN-MH-MUM-P51900014754-19038
12.4,4.0,Mumbai City,P51900005988,Ruparel Iris,Ruparel Estates India Pvt Ltd,400016,19.0389455,72.8420546,31-12-2017,31-12-2019,06/30/2024,Others,1300.18,135.76,6751.24,10/19/2023,4,2,63,21,2.0,1,0,40,1,0,112,mumbai-city,0,1,2,4,3,Ground to Floor 1,,2250,40.0,,124.0,14.45,14.45,27211264.39,Skyscraper,IN-MH-MUM-P51900005988-19038
12.4,4.0,Mumbai City,P51900006932,RAJ RIDDHI RESIDENCY,RAJ RIDDHI REALTIES,400016,19.0389455,72.8420546,31-12-2019,30-12-2021,0,Residential,779.18,0.0,3155.68,12/27/2022,0,0,21,17,0.0,1,3,16,1,0,32,mumbai-city,3,4,5,5,1,Ground to Floor 4,,3156,16.0,,49.6,14.45,14.45,7622412.5,High-Rise,IN-MH-MUM-P51900006932-19038
12.4,4.0,Mumbai City,P51900011937,THE SOLUS,UNITED SHELTERS PRIVATE LIMITED,400016,19.0389455,72.8420546,31-12-2027,30-12-2028,0,Residential,2941.49,441.2,2045.35,03-03-2023,2,4,63,8,3.0,2,3,10,2,0,37,mumbai-city,3,5,6,6,1,Ground to Floor 5,,2045,10.0,,31.0,14.45,14.45,18650767.37,High-Rise,IN-MH-MUM-P51900011937-19038
12.4,4.0,Mumbai City,P51900011721,Horizon,Zara Habitats LLP,400016,19.0389455,72.8420546,,,01/31/2021,Residential,429.68,0.0,2754.02,11/23/2020,0,0,23,21,1.0,1,0,22,0,0,0,mumbai-city,0,0,1,4,4,Ground Only,,6,4.0,,12.4,14.45,14.45,3668376.67,Low-Rise,IN-MH-MUM-P51900011721-19038
21.7,7.0,Mumbai Suburban,P51800009815,TRIBECA,NESTOR BUILDERS & DEVELOPERS PRIVATE LIMITED,400050,19.061763,72.834291,30-09-2017,31-12-2018,12/31/2019,Residential,618.7,0.0,1669.67,11/22/2023,0,0,21,18,1.0,1,0,13,1,0,29,mumbai-suburban,0,1,2,7,6,Ground to Floor 1,,278,13.0,,40.3,15.59,15.59,3202376.97,High-Rise,IN-MH-MUM-P51800009815-19061
21.7,7.0,Mumbai Suburban,P51800007308,BELLA VISTA,ARMAND CORPORATION,400071,19.057547,72.836066,31-12-2018,31-12-2018,12/31/2019,Residential,698.6,0.0,1192.72,07/22/2021,0,0,15,13,1.0,1,0,16,0,0,30,mumbai-suburban,0,0,1,7,7,Ground Only,,170,16.0,,49.6,15.38,15.38,2583026.0,High-Rise,IN-MH-MUM-P51800007308-19057
21.7,7.0,Mumbai City,P51900007702,VITHAL DARSHAN CO OP HSG SOC,WESTIN DEVELOPERS PVT. LTD,400053,19.0537715,72.8393625,,30-06-2019,12/29/2020,Residential,772.72,38.11,1931.07,03-07-2020,0,1,54,43,0.0,1,0,20,1,0,1,mumbai-city,0,1,2,7,6,Ground to Floor 1,,9,7.0,,21.7,15.19,15.19,4625746.87,Mid-Rise,IN-MH-MUM-P51900007702-19053
21.7,7.0,Mumbai Suburban,P51800008493,Grace Heritage,Grace Gharunda,400050,19.061218,72.830266,30-07-2013,31-12-2018,0,Residential,991.87,0.0,1418.0,08/28/2023,2,0,18,18,1.0,1,0,10,0,0,0,mumbai-suburban,0,0,1,7,7,Ground Only,,203,10.0,,31.0,15.56,15.56,4360062.15,High-Rise,IN-MH-MUM-P51800008493-19061
21.7,7.0,Mumbai City,P51900008300,Greenstone Heritage - Wing -  E and F,Beauty Lifestyles and Homes Pvt. Ltd.,400001,18.94547,72.834554,,,0,Others,513.5,163.84,7574.53,02-05-2024,1,0,57,52,1.0,1,1,21,0,0,90,mumbai-city,1,1,2,7,6,Ground to Floor 1,,10,7.0,,21.7,9.77,9.77,12057515.58,Mid-Rise,IN-MH-MUM-P51900008300-18945
21.7,7.0,Mumbai Suburban,P51800001443,SHAPOORJI PALLONJI THE DESIGNATE,BEHOLD SPACE DEVELOPERS PRIVATE LIMITED,400054,19.07554174,72.83793444,31-12-2019,30-06-2021,12/30/2022,Others,1204.0,0.0,2024.0,01-02-2023,0,2,29,21,1.0,1,0,15,0,0,55,mumbai-suburban,0,0,1,7,7,Ground Only,,289,15.0,,46.5,16.28,16.28,7554377.6,High-Rise,IN-MH-MUM-P51800001443-19075
21.7,7.0,Mumbai Suburban,P51800011593,Radius Residency and Anand Bhuvan,RADIUS PROJECT DEVELOPERS LLP,400054,19.078242,72.837247,31-12-2022,30-12-2023,0,Residential,1814.4,315.76,3618.88,11-02-2020,1,0,25,4,6.0,2,4,32,0,10,98,mumbai-suburban,4,4,5,7,3,Ground to Floor 4,,1206,32.0,,99.2,16.41,16.41,20354897.2,High-Rise,IN-MH-MUM-P51800011593-19078
21.7,7.0,Mumbai City,P51900019451,SHREEYA,VILAS ASHOK CHAUDHARI,400028,19.0150309,72.8303038,30-09-2022,30-09-2022,0,Residential,392.14,0.0,1343.28,06-01-2021,0,0,0,0,0.0,1,0,20,1,0,23,mumbai-city,0,1,2,7,6,Ground to Floor 1,,224,20.0,,62.0,13.25,13.25,1632936.84,High-Rise,IN-MH-MUM-P51900019451-19015
21.7,7.0,Mumbai City,P51900008032,"Crescent Bay - T1 - 40, 41 floors",L&T Parel Project LLP (JV with ORDPL),400012,19.004549,72.849535,31-10-2017,31-03-2018,0,Residential,909.69,0.0,1365.46,12/16/2021,24,0,12,1,0.0,0,0,2,0,0,26,mumbai-city,0,0,1,7,7,Ground Only,,195,2.0,,6.2,12.73,12.73,3850650.45,Low-Rise,IN-MH-MUM-P51900008032-19004
21.7,7.0,Mumbai Suburban,P51800048423,Willow Shades,Aptrashi Constructions LLP,400050,19.06353796,72.83396912,15-02-2025,15-02-2025,0,Residential,760.9,0.0,2259.81,03-08-2024,0,0,8,3,1.0,1,5,18,1,6,51,mumbai-suburban,5,6,7,7,1,Ground to Floor 6,,2260,18.0,,55.8,15.68,15.68,5330417.23,High-Rise,IN-MH-MUM-P51800048423-19063
21.7,7.0,Mumbai City,P51900047289,Adi Darsshan,Adi Realtors,400013,18.9959311,72.8310242,31-12-2026,31-12-2026,0,Residential,1612.0,220.94,2615.18,12-08-2023,0,0,86,4,0.0,1,0,18,1,0,1,mumbai-city,0,1,2,7,6,Ground to Floor 1,,436,18.0,,55.8,12.3,12.3,13068577.5,High-Rise,IN-MH-MUM-P51900047289-18995
21.7,7.0,Mumbai Suburban,P51800010233,SALE BUILDING,Sankalp Developers and Project Consultants,400050,19.0551695,72.8299518,30-10-2018,30-10-2023,10/29/2024,Others,5146.84,2229.0,3266.0,10/25/2023,4,4,16,6,1.0,1,4,14,1,0,1,mumbai-suburban,4,5,6,7,2,Ground to Floor 5,,1633,14.0,,43.4,15.26,15.26,52109696.26,High-Rise,IN-MH-MUM-P51800010233-19055
21.7,7.0,Mumbai Suburban,P51800010397,Grace Oceanic,GRACE HOUSING ASSOCIATES,400050,19.0551695,72.8299518,30-06-2016,30-06-2018,03/31/2026,Residential,1262.5,0.0,1262.5,06-01-2023,0,0,4,4,0.0,1,0,11,1,0,1,mumbai-suburban,0,1,2,7,6,Ground to Floor 1,,210,11.0,,34.1,15.26,15.26,4941109.38,High-Rise,IN-MH-MUM-P51800010397-19055
21.7,7.0,Mumbai Suburban,P51800008847,ESPERENZA,SPLENDOUR REALTORS INDIA PRIVATE LIMITED,400050,19.0551695,72.8299518,,31-03-2018,0,Commercial,894.7,0.0,1838.25,03/16/2022,0,0,53,47,1.0,1,2,12,0,0,59,mumbai-suburban,2,2,3,7,5,Ground to Floor 2,,11,7.0,,21.7,15.26,15.26,5098515.05,Mid-Rise,IN-MH-MUM-P51800008847-19055
21.7,7.0,Mumbai Suburban,P51800008174,MID SUMMER CHS LTD,K & M SHELTORS PVT LTD,400050,19.0551695,72.8299518,31-07-2018,31-12-2018,0,Others,579.8,0.0,1539.23,02-12-2020,0,0,16,2,1.0,1,1,15,0,0,0,mumbai-suburban,1,1,2,7,6,Ground to Floor 1,,257,15.0,,46.5,15.26,15.26,2766581.22,High-Rise,IN-MH-MUM-P51800008174-19055
21.7,7.0,Mumbai Suburban,P51800013435,SKYPER,QURESHI BUILDERS,400050,19.0551695,72.8299518,30-12-2022,30-12-2023,0,Residential,1567.0,0.0,2500.0,10/28/2023,0,0,49,8,1.0,2,2,36,0,3,0,mumbai-suburban,2,2,3,7,5,Ground to Floor 2,,500,36.0,,111.6,15.26,15.26,12144250.0,Skyscraper,IN-MH-MUM-P51800013435-19055
21.7,7.0,Mumbai Suburban,P51800001227,SIGNATURE,LAKHANI BUILDERS PVT LTD,400050,19.0551695,72.8299518,31-07-2018,31-07-2018,0,Residential,777.1,0.0,2096.53,06/22/2019,0,0,5,2,0.0,1,0,19,1,0,24,mumbai-suburban,0,1,2,7,6,Ground to Floor 1,,349,19.0,,58.9,15.26,15.26,5050561.74,High-Rise,IN-MH-MUM-P51800001227-19055
21.7,7.0,Mumbai Suburban,P51800001610,SANDHU PALACE A WING,SANDHU BUILDERS,400050,19.0551695,72.8299518,30-09-2011,30-12-2021,0,Residential,1035.69,3222.52,11944.65,06-10-2023,10,0,35,25,2.0,1,0,19,1,16,223,mumbai-suburban,0,1,2,7,6,Ground to Floor 1,,1991,19.0,,58.9,15.26,15.26,38349959.13,High-Rise,IN-MH-MUM-P51800001610-19055
21.7,7.0,Mumbai Suburban,P51800011781,WINDSOR,THE WINDSOR,400050,19.0551695,72.8299518,31-01-2019,30-12-2020,0,Residential,846.2,0.0,1511.32,09/25/2020,0,0,16,4,1.0,1,0,7,1,0,29,mumbai-suburban,0,1,2,7,6,Ground to Floor 1,,252,7.0,,21.7,15.26,15.26,3964524.85,Mid-Rise,IN-MH-MUM-P51800011781-19055
21.7,7.0,Mumbai Suburban,P51800012412,NAV PALMYRA,PATEL ENGINEERING LIMITED,400050,19.0551695,72.8299518,31-07-2018,31-07-2019,0,Residential,1303.8,20.5,2816.7,02/22/2019,2,0,11,10,0.0,0,1,13,1,0,1,mumbai-suburban,1,2,3,7,5,Ground to Floor 2,,563,13.0,,40.3,15.26,15.26,11384481.73,High-Rise,IN-MH-MUM-P51800012412-19055
21.7,7.0,Mumbai Suburban,P51800008637,NEW FRIENDS SRA CHS LTD,M/S. VIRAJ ENTERPRIES,400050,19.0551695,72.8299518,31-03-2022,30-10-2023,0,Others,1302.0,194.63,1981.61,02/21/2019,0,0,51,45,0.0,2,4,28,1,0,25,mumbai-suburban,4,5,6,7,2,Ground to Floor 5,,991,28.0,,86.8,15.26,15.26,7998174.28,High-Rise,IN-MH-MUM-P51800008637-19055
21.7,7.0,Mumbai City,P51900011605,Marina,Keyhomes Realtors Private Limited,400050,19.0551695,72.8299518,31-12-2020,30-12-2023,12/29/2024,Residential,1416.5,197.71,1292.39,02/22/2024,0,0,63,60,0.0,2,0,30,2,0,39,mumbai-city,0,2,3,7,5,Ground to Floor 2,,258,30.0,,93.0,15.26,15.26,5675078.35,High-Rise,IN-MH-MUM-P51900011605-19055
21.7,7.0,Mumbai Suburban,P51800008853,SOS DEVELOPERS,SOS DEVELOPERS,400050,19.0551695,72.8299518,31-12-2023,30-12-2024,0,Commercial,1036.3,0.0,0.0,02/20/2019,0,0,14,0,1.0,1,0,8,0,0,35,mumbai-suburban,0,0,1,7,7,Ground Only,,0,8.0,,24.8,15.26,15.26,0.0,Mid-Rise,IN-MH-MUM-P51800008853-19055
21.7,7.0,Mumbai City,P51900010464,Westside,Bhuvnesh Enterprises,400050,19.0551695,72.8299518,31-12-2020,30-12-2022,12/30/2023,Residential,522.6,0.0,1397.47,02/22/2024,1,0,19,18,1.0,1,3,13,1,0,14,mumbai-city,3,4,5,7,3,Ground to Floor 4,,466,13.0,,40.3,15.26,15.26,2263985.25,High-Rise,IN-MH-MUM-P51900010464-19055
21.7,7.0,Mumbai Suburban,P51800011379,BANDRA ONE,KML ESTATES PVT LTD,400050,19.0551695,72.8299518,31-12-2024,30-12-2025,0,Residential,1774.25,0.0,0.0,08-06-2017,1,0,35,0,1.0,1,4,20,1,6,1,mumbai-suburban,4,5,6,7,2,Ground to Floor 5,,0,20.0,,62.0,15.26,15.26,0.0,High-Rise,IN-MH-MUM-P51800011379-19055
21.7,7.0,Mumbai Suburban,P51800000418,BEAUPRIDE,SHETH REALTORS,400050,19.0551695,72.8299518,31-03-2017,31-12-2019,0,Others,2288.34,0.0,9065.69,09/30/2020,0,1,60,23,2.0,1,4,24,1,66,227,mumbai-suburban,4,5,6,7,2,Ground to Floor 5,,4533,24.0,,74.4,15.26,15.26,64310681.27,High-Rise,IN-MH-MUM-P51800000418-19055
21.7,7.0,Mumbai Suburban,P51800011496,CROWN,Zoy Shelcon Private Limited,400050,19.0551695,72.8299518,31-12-2021,30-12-2022,12/30/2023,Residential,660.5,0.0,0.0,12/22/2023,0,3,13,4,1.0,1,0,15,0,0,11,mumbai-suburban,0,0,1,7,7,Ground Only,,0,15.0,,46.5,15.26,15.26,0.0,High-Rise,IN-MH-MUM-P51800011496-19055
21.7,7.0,Mumbai Suburban,P51800001726,36 AB - Anand Bhavan,Vaswani 108 Lifespaces LLP,400050,19.0551695,72.8299518,30-06-2019,30-06-2019,0,Residential,1174.8,150.0,3169.82,11/22/2023,0,0,35,26,0.0,1,0,14,1,0,59,mumbai-suburban,0,1,2,7,6,Ground to Floor 1,,528,14.0,,43.4,15.26,15.26,11544104.06,High-Rise,IN-MH-MUM-P51800001726-19055
21.7,7.0,Mumbai Suburban,P51800001695,PALI HILL NAVROZE PREMISES CHS LIMITED,KRYSHNAJAY DEVELOPERS PRIVATE LIMITED,400050,19.0551695,72.8299518,31-08-2018,28-02-2021,02/28/2022,Others,2666.0,533.2,7835.0,12/15/2023,0,0,19,2,3.0,1,1,18,1,5,129,mumbai-suburban,1,2,3,7,5,Ground to Floor 2,,1567,18.0,,55.8,15.26,15.26,64753141.0,High-Rise,IN-MH-MUM-P51800001695-19055
21.7,7.0,Mumbai Suburban,P51800004930,ORIZZONTE,GLOMORE DEVELOPERS,400050,19.0551695,72.8299518,31-12-2022,30-12-2023,0,Residential,1600.84,352.63,3201.68,03/27/2023,2,0,31,21,0.0,1,3,17,1,7,15,mumbai-suburban,3,4,5,7,3,Ground to Floor 4,,1067,17.0,,52.7,15.26,15.26,15888669.97,High-Rise,IN-MH-MUM-P51800004930-19055
21.7,7.0,Mumbai Suburban,P51800009249,Resham,Manoj Vasudev Wadhwa,400050,19.0551695,72.8299518,31-12-2018,31-12-2018,12/31/2019,Residential,744.1,0.0,2007.87,05/26/2021,0,0,12,2,2.0,1,0,13,1,19,1,mumbai-suburban,0,1,2,7,6,Ground to Floor 1,,335,13.0,,40.3,15.26,15.26,4631573.81,High-Rise,IN-MH-MUM-P51800009249-19055
21.7,7.0,Mumbai Suburban,P51800010680,Epitome,Alvess Developers Private Limited,400050,19.0551695,72.8299518,31-12-2019,31-12-2019,0,Residential,1396.3,211.04,2679.25,06-12-2023,0,0,25,15,0.0,1,2,16,51,51,51,mumbai-suburban,2,2,3,7,5,Ground to Floor 2,,536,16.0,,49.6,15.26,15.26,11597214.0,High-Rise,IN-MH-MUM-P51800010680-19055
21.7,7.0,Mumbai City,P51900010179,219 Boat Club,MERINT DEVELOPERS PVT LTD,400050,19.0551695,72.8299518,28-02-2018,30-05-2018,0,Residential,2326.0,600.0,8218.0,02/28/2019,0,0,1,0,2.0,1,0,13,0,0,0,mumbai-city,0,0,1,7,7,Ground Only,,1174,13.0,,40.3,15.26,15.26,59256710.8,High-Rise,IN-MH-MUM-P51900010179-19055
21.7,7.0,Mumbai Suburban,P51800000728,Joy Alka,Joy Realty Limited,400050,19.0551695,72.8299518,31-12-2017,31-12-2018,0,Residential,1119.6,0.0,3022.37,11/20/2018,0,0,40,37,0.0,1,0,8,1,0,1,mumbai-suburban,0,1,2,7,6,Ground to Floor 1,,504,8.0,,24.8,15.26,15.26,10489920.9,Mid-Rise,IN-MH-MUM-P51800000728-19055
21.7,7.0,Mumbai Suburban,P51800005977,RESIDENCY,Zoy Shelcon Private Limited,400050,19.0551695,72.8299518,31-12-2021,30-12-2022,0,Residential,1586.4,0.0,0.0,03-09-2023,0,0,36,0,0.0,1,0,15,0,5,39,mumbai-suburban,0,0,1,7,7,Ground Only,,0,15.0,,46.5,15.26,15.26,0.0,High-Rise,IN-MH-MUM-P51800005977-19055
21.7,7.0,Mumbai Suburban,P51800006862,Redevelopment of New Kamal Kunj CHS Ltd,M/S MEETI DEVELOPERS PVT LTD,400050,19.0551695,72.8299518,30-12-2022,30-12-2022,0,Residential,3259.8,1835.6,0.0,08/19/2019,0,0,0,0,3.0,1,6,24,1,0,425,mumbai-suburban,6,7,8,8,1,Ground to Floor 7,,0,24.0,,74.4,15.26,15.26,0.0,High-Rise,IN-MH-MUM-P51800006862-19055
21.7,7.0,Mumbai Suburban,P51800008134,SAMYAKTH BLISS TOWER B,Samyakth Realties,400050,19.0551695,72.8299518,31-12-2022,30-06-2024,0,Residential,773.4,0.0,856.44,09/20/2018,0,0,6,6,0.0,1,0,4,1,3,77,mumbai-suburban,0,1,2,7,6,Ground to Floor 1,,143,4.0,,12.4,15.26,15.26,2053349.16,Low-Rise,IN-MH-MUM-P51800008134-19055
21.7,7.0,Mumbai Suburban,P51800001751,SANDHU PALACE B WING,SANDHU BUILDERS,400050,19.0551695,72.8299518,31-12-2022,30-12-2023,12/31/2028,Residential,379.47,0.0,1234.0,09/13/2023,7,0,5,0,2.0,1,0,5,1,0,80,mumbai-suburban,0,1,2,7,6,Ground to Floor 1,,206,5.0,,15.5,15.26,15.26,1451624.54,Mid-Rise,IN-MH-MUM-P51800001751-19055
21.7,7.0,Mumbai Suburban,P51800006074,PARK SOLITAIRE,AMAZON MANA & ASSOCIATES AOP,400050,19.0551695,72.8299518,31-12-2018,31-12-2018,12/31/2019,Residential,434.77,0.0,862.53,11-09-2021,0,2,10,9,0.0,1,0,17,1,0,19,mumbai-suburban,0,1,2,7,6,Ground to Floor 1,,144,17.0,,52.7,15.26,15.26,1162506.72,High-Rise,IN-MH-MUM-P51800006074-19055
21.7,7.0,Mumbai Suburban,P51800002957,Rigveda,Supreme Ventures LLP,400050,19.0551695,72.8299518,31-05-2021,30-05-2023,0,Residential,2566.1,384.91,4742.19,03/18/2024,0,0,22,10,0.0,1,2,19,2,7,50,mumbai-suburban,2,4,5,7,3,Ground to Floor 4,,1581,19.0,,58.9,15.26,15.26,37723694.65,High-Rise,IN-MH-MUM-P51800002957-19055
21.7,7.0,Mumbai Suburban,P51800009185,Sunrock,Aqeel Merchant & Adeel Merchant,400050,19.0551695,72.8299518,,31-12-2017,0,Residential,566.4,0.0,565.36,11/19/2018,1,0,14,2,0.0,1,2,12,1,4,1,mumbai-suburban,2,3,4,7,4,Ground to Floor 3,,4,7.0,,21.7,15.26,15.26,992681.7,Mid-Rise,IN-MH-MUM-P51800009185-19055
21.7,7.0,Mumbai Suburban,P51800015387,Singers Wood,Panchavati Constructions LLP,400050,19.0551695,72.8299518,28-02-2021,28-02-2021,11/28/2022,Residential,568.6,0.0,771.54,08/26/2023,0,0,9,0,0.0,1,0,12,20,0,20,mumbai-suburban,0,0,1,7,7,Ground Only,,110,12.0,,37.2,15.26,15.26,1359962.7,High-Rise,IN-MH-MUM-P51800015387-19055
21.7,7.0,Mumbai Suburban,P51800014562,1 BY URBANONE,URBAN ONE REALCON PVT LTD,400050,19.0551695,72.8299518,30-12-2023,30-12-2023,0,Residential,543.5,543.5,1458.22,12/21/2017,0,0,13,1,3.0,1,1,18,1,0,30,mumbai-suburban,1,2,3,7,5,Ground to Floor 2,,292,18.0,,55.8,15.26,15.26,2456881.97,High-Rise,IN-MH-MUM-P51800014562-19055
21.7,7.0,Mumbai Suburban,P51800005902,KACHWALA PALACE,CREST VENTURES LIMITED,400050,19.0551695,72.8299518,31-03-2020,30-09-2020,0,Others,543.5,0.0,1188.57,04-01-2022,0,0,13,10,1.0,1,0,10,0,12,0,mumbai-suburban,0,0,1,7,7,Ground Only,,170,10.0,,31.0,15.26,15.26,2002562.16,High-Rise,IN-MH-MUM-P51800005902-19055
21.7,7.0,Mumbai Suburban,P51800005115,K K RESIDENCY,Anis Yakub Khan,400086,19.0551695,72.8299518,31-12-2019,30-12-2021,0,Residential,4298.1,330.52,6906.91,11/21/2023,22,17,126,73,2.0,1,0,8,0,0,79,mumbai-suburban,0,0,1,7,7,Ground Only,,987,8.0,,24.8,15.26,15.26,92028428.6,Mid-Rise,IN-MH-MUM-P51800005115-19055
12.4,4.0,Mumbai Suburban,P51800018912,KRIPA ALLURE,KRIPA ONENESS PRIVATE LIMITED,400050,19.058056,72.829472,30-05-2022,30-05-2022,0,Others,835.6,0.0,778.65,11-12-2021,0,0,14,8,0.0,1,0,10,1,0,20,mumbai-suburban,0,1,2,4,3,Ground to Floor 1,,260,10.0,,31.0,15.4,15.4,2016983.81,High-Rise,IN-MH-MUM-P51800018912-19058
9.3,3.0,Mumbai Suburban,P51800033783,RENDEZVOUS PREMISES CO-OP SOCIETY LTD,JGB BUILDERS LLP (CA to Owner),400050,19.0595463,72.8279425,31-12-2024,31-12-2024,0,Residential,2093.7,332.91,6539.03,03/22/2024,0,0,14,13,1.0,1,3,17,1,0,54,mumbai-suburban,3,4,5,5,1,Ground to Floor 4,,6539,17.0,,52.7,15.48,15.48,42441378.04,High-Rise,IN-MH-MUM-P51800033783-19059
21.7,7.0,Mumbai Suburban,P51800003208,PARK REACH,PLATINUM HOMES PROPERTY,400050,19.057164,72.830907,29-12-2019,29-12-2019,03/31/2023,Residential,602.42,0.0,1618.0,04/15/2023,0,0,22,15,0.0,1,0,22,1,0,30,mumbai-suburban,0,1,2,7,6,Ground to Floor 1,,270,22.0,,68.2,15.36,15.36,3021618.24,High-Rise,IN-MH-MUM-P51800003208-19057
21.7,7.0,Mumbai Suburban,P51800006685,Le Reve,Lok Fortune Joint Venture,400052,19.056373,72.833764,31-03-2017,30-12-2025,0,Residential,520.19,0.0,5117.4,10/20/2022,4,0,62,22,1.0,1,1,17,1,0,1,mumbai-suburban,1,2,3,7,5,Ground to Floor 2,,1023,17.0,,52.7,15.32,15.32,8252262.95,High-Rise,IN-MH-MUM-P51800006685-19056
3.1,1.0,Mumbai Suburban,P51800031150,Magic Tower,Swarna Highrise Construction,400050,19.0552897,72.83454186,31-12-2024,31-12-2024,0,Residential,624.6,0.0,0.0,05-06-2023,0,0,20,0,1.0,1,0,11,0,0,0,mumbai-suburban,0,0,1,1,1,Ground Only,,0,11.0,,34.1,15.26,15.26,0.0,High-Rise,IN-MH-MUM-P51800031150-19055
21.7,7.0,Mumbai Suburban,P51800001494,WESTBAY,Shraddha Shelters Pvt. Ltd.,400050,19.0558139,72.8343713,31-12-2017,30-12-2022,0,Residential,1324.0,0.0,3523.35,03/15/2024,6,2,67,58,0.0,1,4,18,1,0,85,mumbai-suburban,4,5,6,7,2,Ground to Floor 5,,1762,18.0,,55.8,15.29,15.29,14461237.74,High-Rise,IN-MH-MUM-P51800001494-19055
18.6,6.0,Mumbai Suburban,P51800010226,KAKAD HEIGHTS,NIRAJ KAKAD CONSTRUCTIONS,400050,19.061365,72.833402,15-04-2019,31-07-2019,01/30/2021,Residential,549.3,0.0,1477.47,10/20/2021,1,1,12,12,0.0,1,0,15,1,6,30,mumbai-suburban,0,1,2,6,5,Ground to Floor 1,,295,15.0,,46.5,15.57,15.57,2515880.24,High-Rise,IN-MH-MUM-P51800010226-19061
21.7,7.0,Mumbai Suburban,P51800009134,NAIK KAKAD NIWAS,NIRAJ KAKAD CONSTRUCTIONS PRIVATE LIMITED,400050,19.061374,72.833772,,31-01-2020,01/30/2022,Residential,581.1,0.0,1807.9,02/17/2022,2,0,23,3,0.0,1,0,14,1,2,16,mumbai-suburban,0,1,2,7,6,Ground to Floor 1,,4,7.0,,21.7,15.57,15.57,3256769.14,Mid-Rise,IN-MH-MUM-P51800009134-19061
21.7,7.0,Mumbai Suburban,P51800031980,PRESTIGE DAFFODILS CHSL,PRESTIGE ESTATES PROJECTS LIMITED,400050,19.06728387,72.82788053,31-12-2026,31-12-2026,0,Residential,5035.4,851.48,3666.8,08/16/2022,0,0,50,0,5.0,1,0,20,1,0,183,mumbai-suburban,0,1,2,7,6,Ground to Floor 1,,611,20.0,,62.0,15.86,15.86,57237794.63,High-Rise,IN-MH-MUM-P51800031980-19067
21.7,7.0,Mumbai Suburban,P51800020732,Shikhar,PTR Universal,400054,19.078851,72.836687,,,0,Residential,864.6,0.0,1658.43,08/22/2023,0,0,7,0,0.0,1,2,14,1,0,1,mumbai-suburban,2,3,4,7,4,Ground to Floor 3,,2,7.0,,21.7,16.44,16.44,4445023.59,Mid-Rise,IN-MH-MUM-P51800020732-19078
21.7,7.0,Mumbai City,P51900005370,Cornerstone,Shree Sadguru & Deluxe JV,400018,18.99656,72.82241,30-06-2023,30-06-2024,0,Residential,1565.0,0.0,4113.0,03/22/2024,1,7,140,131,1.0,1,3,41,1,0,138,mumbai-city,3,4,5,7,3,Ground to Floor 4,,1371,41.0,,127.1,12.33,12.33,19954219.5,Skyscraper,IN-MH-MUM-P51900005370-18996
21.7,7.0,Mumbai City,P51900021103,The Baya Central,Renaissance Homes,400013,18.99638889,72.8287671,30-12-2025,30-12-2025,0,Residential,3769.81,0.0,5316.22,08/22/2023,0,0,156,113,0.0,1,3,18,0,0,138,mumbai-city,3,3,4,7,4,Ground to Floor 3,,1329,18.0,,55.8,12.32,12.32,62127531.89,High-Rise,IN-MH-MUM-P51900021103-18996
37.2,12.0,Mumbai Suburban,P51800033072,SAGAR RESHAM CHSL,ENORM NAGPAL REALTY LLP,400050,19.04631007,72.82029926,14-01-2024,14-01-2024,0,Residential,1141.6,0.0,3699.0,01/13/2024,0,0,4,2,0.0,1,6,20,1,1,1,mumbai-suburban,6,7,8,12,5,Ground to Floor 7,,740,20.0,,62.0,14.82,14.82,13090613.04,High-Rise,IN-MH-MUM-P51800033072-19046
9.3,3.0,Mumbai City,P51900049469,OLYMPIA TOWER,OLYMPIA ENTERPRISES,400008,18.98207973,72.83214524,31-12-2025,31-12-2025,0,Residential,1806.88,0.0,5111.73,02-06-2024,0,0,41,5,0.0,0,4,23,0,0,40,mumbai-city,4,4,5,5,1,Ground to Floor 4,,5112,23.0,,71.3,11.6,11.6,28632476.38,High-Rise,IN-MH-MUM-P51900049469-18982
15.5,5.0,Mumbai City,P51900006894,HESTIA,MAHENDRA KISAN SALUNKE,400002,18.950773,72.823945,25-12-2022,25-12-2022,0,Residential,1038.56,0.0,5224.36,01/17/2019,1,0,19,0,1.0,2,5,38,0,0,0,mumbai-city,5,5,6,6,1,Ground to Floor 5,,5224,38.0,,117.8,10.04,10.04,16820015.1,Skyscraper,IN-MH-MUM-P51900006894-18950
9.3,3.0,Mumbai City,P51900004764,MEHTA HEIGHTS,CHANDULAL JORAWARMAL MEHTA,400004,18.955313,72.822477,31-12-2020,30-06-2021,09/30/2025,Residential,504.69,0.0,4117.7,11-06-2023,0,1,24,22,1.0,1,0,23,0,0,0,mumbai-city,0,0,1,3,3,Ground Only,,1373,23.0,,71.3,10.27,10.27,6442302.24,High-Rise,IN-MH-MUM-P51900004764-18955
12.4,4.0,Mumbai City,P51900013974,DADAMAHARAJ HEIGHTS,SHREE VASTUDEEP DEVELOPERS,400004,18.954775,72.823777,30-10-2022,30-10-2022,12/31/2024,Residential,2541.81,235.26,12348.52,01/23/2024,0,0,97,36,1.0,1,0,23,0,0,104,mumbai-city,0,0,1,4,4,Ground Only,,3087,23.0,,71.3,10.24,10.24,97301534.03,High-Rise,IN-MH-MUM-P51900013974-18954
12.4,4.0,Mumbai City,P51900012769,AAKASH TOWER,AAKASH ASSOCIATES INFRASTRUCTURE,400002,18.948367,72.825936,30-12-2020,30-06-2021,06/30/2024,Others,162.2,0.0,1135.01,10-06-2021,0,0,19,9,0.0,1,0,22,0,0,0,mumbai-city,0,0,1,4,4,Ground Only,,284,22.0,,68.2,9.92,9.92,570705.73,High-Rise,IN-MH-MUM-P51900012769-18948
12.4,4.0,Mumbai City,P51900013962,Jewel of Queen,Bhairaav Kothari Realtors LLP,400002,18.948367,72.825936,30-12-2023,30-12-2023,0,Residential,3229.95,0.0,2613.87,12/29/2023,1,0,35,0,1.0,1,0,20,0,0,24,mumbai-city,0,0,1,4,4,Ground Only,,653,20.0,,62.0,9.92,9.92,26172275.16,High-Rise,IN-MH-MUM-P51900013962-18948
12.4,4.0,Mumbai City,P51900009584,LABDHI GARDENS PHASE 1,Labdhi Lifestyle Limited,400002,18.948367,72.825936,31-12-2017,31-12-2017,0,Residential,5535.0,2140.0,3176.31,12/29/2018,0,0,80,68,0.0,2,0,10,0,0,0,mumbai-city,0,0,1,4,4,Ground Only,,794,10.0,,31.0,9.92,9.92,54500715.14,High-Rise,IN-MH-MUM-P51900009584-18948
12.4,4.0,Mumbai City,P51900013585,SIMANDHAR,MANSUKH POPATLAL SHAH,400002,18.948367,72.825936,31-12-2017,31-12-2017,03/30/2022,Residential,318.19,0.0,1168.2,07/18/2023,0,0,18,18,0.0,1,0,23,0,0,0,mumbai-city,0,0,1,4,4,Ground Only,,292,23.0,,71.3,9.92,9.92,1152299.63,High-Rise,IN-MH-MUM-P51900013585-18948
12.4,4.0,Mumbai City,P51900004271,AADITYA PEARL,SANGHVI REALTY PIVATE LTD.,400002,18.948367,72.825936,31-12-2020,30-12-2021,0,Residential,922.25,381.74,7833.36,12/21/2021,0,0,46,41,0.0,1,0,22,0,0,72,mumbai-city,0,0,1,4,4,Ground Only,,1958,22.0,,68.2,9.92,9.92,22395380.41,High-Rise,IN-MH-MUM-P51900004271-18948
12.4,4.0,Mumbai City,P51900000558,SHREEPATI ARADHANA,SHREEPATI BUILD INFRA INVESTMENT LIMITED,400002,18.948367,72.825936,31-12-2018,31-12-2019,12/30/2022,Residential,2389.46,238.25,12485.32,04-04-2023,0,0,67,52,1.0,3,0,64,0,0,108,mumbai-city,0,0,1,4,4,Ground Only,,3121,64.0,,198.4,9.92,9.92,92482835.45,Skyscraper,IN-MH-MUM-P51900000558-18948
12.4,4.0,Mumbai City,P51900012389,HEERA MANEK PRAGATEE ENCLAVE,VIKRAM JAYANTILAL BRAHMABHATT,400002,18.948367,72.825936,31-12-2018,31-12-2018,0,Residential,593.03,0.0,3404.1,02/17/2020,0,0,69,67,1.0,0,0,23,0,0,0,mumbai-city,0,0,1,4,4,Ground Only,,851,23.0,,71.3,9.92,9.92,6258073.61,High-Rise,IN-MH-MUM-P51900012389-18948
46.5,15.0,Mumbai City,P51900022369,ARAB BUILDING,BHAGWAN PALAV & SONS,400004,18.95834,72.81999,30-12-2025,30-12-2025,0,Residential,893.86,0.0,2696.7,02/18/2021,0,0,21,12,0.0,1,4,20,0,0,0,mumbai-city,4,4,5,15,11,Ground to Floor 4,Floor 11,245,20.0,,62.0,10.42,10.42,7472464.01,High-Rise,IN-MH-MUM-P51900022369-18958
21.7,7.0,Mumbai Suburban,P51800010191,OM PALACE,UMIYA BUILDERS,400054,19.069764,72.829628,15-07-2020,15-07-2022,08/31/2027,Commercial,875.0,0.0,2187.52,02/29/2024,0,0,18,0,0.0,1,0,10,1,0,1,mumbai-suburban,0,1,2,7,6,Ground to Floor 1,,365,10.0,,31.0,15.99,15.99,5933648.0,High-Rise,IN-MH-MUM-P51800010191-19069
24.8,8.0,Mumbai Suburban,P51800005022,Joy Legend Wing A,JAYANT  SONI,400052,19.070456,72.82913,30-06-2018,31-12-2018,12/31/2019,Residential,2450.73,650.55,14877.96,07-01-2021,4,4,94,52,3.0,1,1,20,1,0,240,mumbai-suburban,1,2,3,8,6,Ground to Floor 2,,2480,20.0,,62.0,16.02,16.02,113031775.02,High-Rise,IN-MH-MUM-P51800005022-19070
24.8,8.0,Mumbai Suburban,P51800003263,Joy Legend Wing B,Jayant Bhavanji Soni,400052,19.070392,72.829165,30-06-2019,31-12-2019,06/30/2025,Residential,2553.55,650.55,5823.53,01/25/2024,4,0,88,29,3.0,1,1,20,1,0,220,mumbai-suburban,1,2,3,8,6,Ground to Floor 2,,971,20.0,,62.0,16.02,16.02,46099092.6,High-Rise,IN-MH-MUM-P51800003263-19070
21.7,7.0,Mumbai Suburban,P51800007294,DARVESH GRAND,SHYAM SUNDER ESTATES PRIVATE LIMITED,400052,19.071006,72.839174,31-12-2017,31-03-2018,0,Residential,3721.96,0.0,3721.96,10/27/2018,0,0,45,38,0.0,1,2,14,1,5,56,mumbai-suburban,2,3,4,7,4,Ground to Floor 3,,930,14.0,,43.4,16.05,16.05,42944257.35,High-Rise,IN-MH-MUM-P51800007294-19071
21.7,7.0,Mumbai Suburban,P51800025298,Supreme Headquarter Bandra,Supreme Heights LLP,400050,19.065239,72.832333,30-12-2024,30-12-2024,0,Commercial,1405.8,0.0,0.0,02/22/2023,0,0,89,38,2.0,1,4,15,0,0,123,mumbai-suburban,4,4,5,7,3,Ground to Floor 4,,0,15.0,,46.5,15.76,15.76,0.0,High-Rise,IN-MH-MUM-P51800025298-19065
21.7,7.0,Mumbai Suburban,P51800054003,SHANGRILA,PARDIS TIRUMALA LLP,400050,19.06299,72.83218,31-12-2026,31-12-2026,0,Residential,723.2,0.0,0.0,01/30/2024,0,0,0,0,0.0,1,0,0,0,0,0,mumbai-suburban,0,0,1,7,7,Ground Only,,0,0.0,,0.0,15.65,15.65,0.0,Low-Rise,IN-MH-MUM-P51800054003-19062
12.4,4.0,Mumbai Suburban,P51800050072,BANDRA SIDDHARTH CO OP HSG SOC LTD,L NAGPAL BUILDERS,400050,19.06426967,72.83183544,31-05-2025,31-05-2025,0,Residential,554.34,0.0,1646.39,03-12-2024,0,0,8,3,0.0,1,0,10,0,4,24,mumbai-suburban,0,0,1,4,4,Ground Only,,412,10.0,,31.0,15.71,15.71,2829245.48,High-Rise,IN-MH-MUM-P51800050072-19064
21.7,7.0,Mumbai Suburban,P51800032858,MAPLE SHADES,SHANDOR HOMES LLP,400050,19.0640348,72.8323117,14-05-2025,14-05-2025,0,Residential,1237.4,0.0,4010.0,02/24/2024,0,0,16,7,2.0,1,3,20,1,0,78,mumbai-suburban,3,4,5,7,3,Ground to Floor 4,,1337,20.0,,62.0,15.7,15.7,15382119.4,High-Rise,IN-MH-MUM-P51800032858-19064
12.4,4.0,Mumbai Suburban,P51800000908,Corner View,Ekta Supreme Corporation,400050,19.065429,72.831552,30-09-2019,30-09-2019,0,Others,1917.2,0.0,5157.79,01-08-2020,3,2,22,21,0.0,1,2,12,1,40,66,mumbai-suburban,2,3,4,4,1,Ground to Floor 3,,5158,12.0,,37.2,15.77,15.77,30654396.46,High-Rise,IN-MH-MUM-P51800000908-19065
12.4,4.0,Mumbai Suburban,P51800030090,BANDRA BOON CHS LTD,MASS JAKS ASSOCIATE VENTURES,400050,19.06602393,72.83086086,31-12-2024,31-12-2024,0,Residential,544.1,0.0,1596.61,03/28/2022,0,0,11,1,0.0,1,0,13,0,0,0,mumbai-suburban,0,0,1,4,4,Ground Only,,399,13.0,,40.3,15.8,15.8,2693018.05,High-Rise,IN-MH-MUM-P51800030090-19066
21.7,7.0,Mumbai Suburban,P51800011664,VIOLETTE VALLEY,AQUA MARINE ENTERPRISES,400050,19.062469,72.833927,31-12-2017,31-12-2017,0,Residential,836.1,0.0,2256.03,02-05-2020,1,0,23,5,2.0,1,0,14,0,10,0,mumbai-suburban,0,0,1,7,7,Ground Only,,322,14.0,,43.4,15.62,15.62,5847426.72,High-Rise,IN-MH-MUM-P51800011664-19062
18.6,6.0,Mumbai City,P51900009080,Ruparel Elavia,SHREE SUKHAKARTA DEVELOPERS PVT.LTD.,400014,19.013793,72.842732,31-12-2019,31-12-2019,12/31/2024,Residential,2227.81,180.45,3450.0,10-04-2023,0,1,43,43,0.0,1,3,19,1,0,1,mumbai-city,3,4,5,6,2,Ground to Floor 4,,1725,19.0,,58.9,13.19,13.19,23826427.95,High-Rise,IN-MH-MUM-P51900009080-19013
21.7,7.0,Mumbai Suburban,P51800046486,BC CORP ARISTA,TRISTAR DEVELOPMENT LLP,400051,19.058328,72.8435503,31-12-2025,31-12-2025,0,Residential,1682.35,0.0,2349.41,02-10-2024,0,0,143,107,0.0,2,8,38,0,0,145,mumbai-suburban,0,0,1,7,7,Ground Only,,336,38.0,,117.8,15.42,15.42,12252842.73,Skyscraper,IN-MH-MUM-P51800046486-19058
21.7,7.0,Mumbai City,P51900009934,FIFTY ONE EAST,DUDHWALA PROPERTY DEVELOPERS,400008,19.05933,72.84913,31-03-2017,31-03-2018,03/31/2019,Residential,510.2,0.0,1719.55,09/20/2021,0,0,24,20,0.0,1,0,13,1,1,28,mumbai-city,0,1,2,7,6,Ground to Floor 1,,287,13.0,,40.3,15.47,15.47,2719674.67,High-Rise,IN-MH-MUM-P51900009934-19059
27.9,9.0,Mumbai City,P51900017841,Essgee Options One Phase I,GMJ BUILDERS & DEVELOPERS,400028,19.010969,72.834612,30-12-2023,30-12-2023,0,Commercial,4853.27,421.72,14288.23,02/13/2023,1,0,134,50,2.0,1,0,7,0,0,140,mumbai-city,0,0,1,9,9,Ground Only,Floor 7,1588,7.0,,21.7,13.05,13.05,214968377.84,Mid-Rise,IN-MH-MUM-P51900017841-19010
21.7,7.0,Mumbai Suburban,P51800007149,AVENUE 54,SUMER RADIUS REALTY PVT LTD,400054,19.07770808,72.83847965,31-12-2022,30-12-2024,0,Others,19339.24,1975.56,29668.37,11-02-2020,6,22,303,139,20.0,5,0,125,2,0,1467,mumbai-suburban,0,2,3,7,5,Ground to Floor 2,,5934,125.0,,387.5,16.39,16.39,1778667556.3,Skyscraper,IN-MH-MUM-P51800007149-19077
21.7,7.0,Mumbai Suburban,P51800014036,BANDRA NORTH GULMOHAR AVENUE,SHIVALIK VENTURES PRIVATE LIMITED,400051,19.07124178,72.8440214,27-08-2023,27-08-2023,08/26/2024,Others,6617.78,530.0,30109.02,02-09-2024,0,9,742,407,36.0,12,0,180,12,0,192,mumbai-suburban,0,0,1,7,7,Ground Only,,4301,180.0,,558.0,16.06,16.06,617690098.16,Skyscraper,IN-MH-MUM-P51800014036-19071
21.7,7.0,Mumbai City,P51900008887,AUM SAHEEL TOWER,SANTOSH ENTERPRISES,400013,19.001925,72.829529,31-12-2020,30-12-2023,0,Residential,886.07,0.0,2967.75,04/13/2018,1,0,32,24,1.0,1,0,17,0,3,33,mumbai-city,0,0,1,7,7,Ground Only,,424,17.0,,52.7,12.6,12.6,8151866.15,High-Rise,IN-MH-MUM-P51900008887-19001
21.7,7.0,Mumbai City,P51900026355,Essgee Options One - Phase II,Sheetal Sagar Builders & Developers Private Limited,400028,19.0109696,72.834612,30-06-2023,30-06-2023,0,Commercial,4853.27,421.72,4821.0,02/15/2024,0,0,47,24,0.0,0,0,2,0,0,0,mumbai-city,0,0,1,7,7,Ground Only,,689,2.0,,6.2,13.05,13.05,72532605.48,Low-Rise,IN-MH-MUM-P51900026355-19010
21.7,7.0,Mumbai City,P51900018012,Essgee Options One - Phase I,Sheetal Sagar Builders & Developers Pvt Ltd,400028,19.0109696,72.834612,30-12-2023,30-12-2023,0,Commercial,4853.27,421.72,14288.23,02/15/2024,1,0,121,51,2.0,1,0,7,0,0,139,mumbai-city,0,0,1,7,7,Ground Only,,2041,7.0,,21.7,13.05,13.05,214968377.84,Mid-Rise,IN-MH-MUM-P51900018012-19010
21.7,7.0,Mumbai City,P51900012029,Beachcroft,SHREE YASHRAJ DEVELOPERS,400028,19.02596,72.835205,30-06-2021,30-06-2023,0,Residential,1839.47,211.17,6872.03,08/26/2021,0,0,36,26,0.0,2,5,40,2,0,81,mumbai-city,5,7,8,8,1,Ground to Floor 7,,6872,40.0,,124.0,13.8,13.8,39186768.37,Skyscraper,IN-MH-MUM-P51900012029-19025
21.7,7.0,Mumbai City,P51900051181,Sugee Sukrut,Sugee Nine Developers LLP,400028,19.02097573,72.83339811,31-10-2026,31-10-2026,0,Residential,511.71,0.0,1984.8,11-08-2023,0,0,19,3,0.0,1,0,18,1,0,31,mumbai-city,0,1,2,7,6,Ground to Floor 1,,331,18.0,,55.8,13.55,13.55,3148490.22,High-Rise,IN-MH-MUM-P51900051181-19020
21.7,7.0,Mumbai City,P51900053437,OCEANA,KOHINOOR PLANET CONSTRUCTIONS PVT LTD,400028,19.02643,72.83565,31-12-2028,31-12-2028,0,Residential,1483.76,295.24,3053.09,01/30/2024,0,0,27,3,1.0,1,8,15,1,0,102,mumbai-city,0,1,2,7,6,Ground to Floor 1,,509,15.0,,46.5,13.82,13.82,14043163.74,High-Rise,IN-MH-MUM-P51900053437-19026
21.7,7.0,Mumbai Suburban,P51800005626,KOLINA,"SHREENATHJI DEVELOPERS PVT. LTD,",400055,19.07612,72.849513,31-03-2020,31-01-2021,07/30/2022,Others,778.06,0.0,3950.03,02/22/2024,1,0,31,25,1.0,1,0,17,0,0,40,mumbai-suburban,0,0,1,7,7,Ground Only,,564,17.0,,52.7,16.31,16.31,9527417.06,High-Rise,IN-MH-MUM-P51800005626-19076
12.4,4.0,Mumbai City,P51900005231,Desai Oceanic 11th and 12th Floor,DESAI RESIDENCY PVT.LTD,400030,19.016797,72.819505,31-05-2017,30-06-2018,02/28/2019,Residential,711.47,0.0,691.35,01/18/2021,2,1,4,4,0.0,1,0,13,1,0,6,mumbai-city,0,1,2,4,3,Ground to Floor 1,,230,13.0,,40.3,13.34,13.34,1524811.83,High-Rise,IN-MH-MUM-P51900005231-19016
31.0,10.0,Mumbai City,P51900004866,REDEVELOPMENT PROJECT OF DAYAWANI CHAWL,ANIL MURARILAL AGARWAL,400030,19.0121697,72.8218627,31-07-2020,31-01-2021,07/31/2023,Residential,225.75,0.0,1264.56,02/16/2024,0,0,21,3,0.0,1,0,16,1,0,1,mumbai-city,0,1,2,10,9,Ground to Floor 1,Floor 8,141,16.0,,49.6,13.11,13.11,884970.7,High-Rise,IN-MH-MUM-P51900004866-19012
21.7,7.0,Mumbai City,P51900011592,MARINA BAY WORLI SEA FACE,Saumya Buildcon Pvt Ltd,400030,19.011817,72.819809,31-07-2021,31-01-2023,06/30/2025,Residential,7872.14,1471.15,15744.28,03/18/2024,0,0,95,72,1.0,0,9,43,2,0,2,mumbai-city,0,2,3,7,5,Ground to Floor 2,,3149,43.0,,133.3,13.09,13.09,384217646.71,Skyscraper,IN-MH-MUM-P51900011592-19011
21.7,7.0,Mumbai City,P51900012115,Three Sixty West,Oasis Realty,400025,19.0110804,72.8233159,31-03-2019,30-06-2021,06/30/2022,Residential,6405.56,0.0,119747.0,07-06-2022,9,6,284,71,8.0,2,14,156,2,0,1104,mumbai-city,0,2,3,7,5,Ground to Floor 2,,23949,156.0,,483.6,13.05,13.05,2377844439.29,Skyscraper,IN-MH-MUM-P51900012115-19011
46.5,15.0,Mumbai City,P51900009720,HBS Towers Building No. A Phase 1,Wondervalue Realty Developers Pvt. Ltd.,400030,19.008869,72.818828,31-12-2024,30-12-2025,0,Residential,2036.52,284.17,13834.62,01-03-2023,26,12,65,22,1.0,1,7,36,1,0,204,mumbai-city,0,1,2,15,14,Ground to Floor 1,Floor 8,988,36.0,,111.6,12.94,12.94,87340889.0,Skyscraper,IN-MH-MUM-P51900009720-19008
62.0,20.0,Mumbai City,P51900006005,ARIHANT TOWERS - BY MJ SHAH,ZEUS HOUSING COMPANY,400013,18.9981729,72.8274691,31-12-2020,30-12-2021,12/31/2024,Residential,3442.34,0.0,13610.0,02-07-2023,0,0,54,10,1.0,1,0,33,1,0,182,mumbai-city,0,1,2,20,19,Ground to Floor 1,"Floor 8, Floor 15",716,33.0,,102.3,12.41,12.41,145235766.94,Skyscraper,IN-MH-MUM-P51900006005-18998
62.0,20.0,Mumbai City,P51900006786,Palais Royale,HONEST SHELTERS PRIVATE LTD,400013,18.9981729,72.8274691,30-06-2022,30-12-2022,12/30/2023,Residential,28409.57,7150.22,54715.2,01/17/2024,12,12,162,77,2.0,1,8,73,1,100,746,mumbai-city,0,1,2,20,19,Ground to Floor 1,"Floor 8, Floor 15",2880,73.0,,226.3,12.41,12.41,4818749443.84,Skyscraper,IN-MH-MUM-P51900006786-18998
62.0,20.0,Mumbai City,P51900007433,COSMOS PLATINUM BUSINESS PARK,J R Properties,400028,18.9981729,72.8274691,31-12-2018,31-12-2019,12/30/2021,Others,2778.0,0.0,8330.0,12-11-2023,3,0,68,38,1.0,1,0,15,0,0,0,mumbai-city,0,0,1,20,20,Ground Only,"Floor 7, Floor 14",416,15.0,,46.5,12.41,12.41,71736294.0,High-Rise,IN-MH-MUM-P51900007433-18998
62.0,20.0,Mumbai City,P51900000022,Century Mill,MHADA,400013,18.9981729,72.8274691,15-10-2017,31-12-2017,0,Residential,13091.9,0.0,35543.31,12/21/2018,0,0,1430,1430,0.0,5,0,125,5,160,64,mumbai-city,0,0,1,20,20,Ground Only,"Floor 7, Floor 14",1777,125.0,,387.5,12.41,12.41,1442521326.59,Skyscraper,IN-MH-MUM-P51900000022-18998
62.0,20.0,Mumbai City,P51800001120,Unity Tower Wing B,Mumbai Shelter Housing Development,400013,18.9981729,72.8274691,31-12-2017,30-06-2018,0,Residential,183.35,0.0,3748.01,04/17/2019,0,4,33,33,0.0,1,0,23,1,0,36,mumbai-city,0,1,2,20,19,Ground to Floor 1,"Floor 8, Floor 15",197,23.0,,71.3,12.41,12.41,2130312.66,High-Rise,IN-MH-MUM-P51800001120-18998
62.0,20.0,Mumbai City,P51900000028,Prakash Cotton Mill,MHADA,400013,18.9981729,72.8274691,15-10-2017,31-12-2017,0,Residential,5067.78,448.17,26386.95,09-03-2021,0,0,562,562,0.0,2,0,50,2,68,2,mumbai-city,0,2,3,20,18,Ground to Floor 2,"Floor 9, Floor 16",1466,50.0,,155.0,12.41,12.41,414542098.16,Skyscraper,IN-MH-MUM-P51900000028-18998
62.0,20.0,Mumbai City,P51900000032,Bharat Mill,MHADA,400013,18.9981729,72.8274691,15-10-2017,31-12-2017,0,Residential,1938.12,155.66,8718.37,12/21/2018,0,0,188,188,0.0,1,0,25,1,22,7,mumbai-city,0,1,2,20,19,Ground to Floor 1,"Floor 8, Floor 15",459,25.0,,77.5,12.41,12.41,52381466.52,High-Rise,IN-MH-MUM-P51900000032-18998
62.0,20.0,Mumbai City,P51900005771,Aura-Phase-1,Cosmos Realty,400013,18.9981729,72.8274691,31-07-2020,31-07-2022,07/31/2023,Residential,2484.33,0.0,9937.32,02-06-2024,5,0,13,4,1.0,1,8,12,1,0,78,mumbai-city,0,1,2,20,19,Ground to Floor 1,"Floor 8, Floor 15",523,12.0,,37.2,12.41,12.41,76531504.81,High-Rise,IN-MH-MUM-P51900005771-18998
62.0,20.0,Mumbai City,P51900003903,Agastya Corporate Park-Wing A,PRL AGASTYA PRIVATE LIMITED,400013,18.9981729,72.8274691,30-12-2017,31-12-2017,0,Commercial,10829.58,0.0,57148.03,10-07-2021,0,0,35,1,3.0,1,0,7,0,0,1067,mumbai-city,0,0,1,20,20,Ground Only,"Floor 7, Floor 14",2857,7.0,,21.7,12.41,12.41,1918556404.45,Mid-Rise,IN-MH-MUM-P51900003903-18998
62.0,20.0,Mumbai City,P51900007455,Sanghvi Evana,Sanghvi Premises Private Limited,400013,18.9981729,72.8274691,31-12-2020,30-12-2021,0,Others,1473.9,99.22,8651.76,12-03-2020,0,1,32,16,0.0,1,3,24,0,0,68,mumbai-city,3,3,4,20,17,Ground to Floor 3,"Floor 10, Floor 17",509,24.0,,74.4,12.41,12.41,39530670.1,High-Rise,IN-MH-MUM-P51900007455-18998
62.0,20.0,Mumbai City,P51900013638,TRADE LINK BUILDING E WING A,KAMALA MILLS LIMITED,400013,18.9981729,72.8274691,31-12-2017,30-06-2018,06/30/2022,Commercial,1168.45,0.0,6090.72,12/16/2020,0,3,35,26,1.0,1,6,9,1,0,1,mumbai-city,6,7,8,20,13,Ground to Floor 7,Floor 14,469,9.0,,27.9,12.41,12.41,22061775.53,Mid-Rise,IN-MH-MUM-P51900013638-18998
62.0,20.0,Mumbai City,P51900002300,Agastya Corporate park -Wing B,PRL AGASTYA PRIVATE LIMITED,400013,18.9981729,72.8274691,31-12-2017,31-12-2017,0,Commercial,4716.38,0.0,13720.72,10-07-2021,0,0,1,1,3.0,1,0,3,0,0,160,mumbai-city,0,0,1,20,20,Ground Only,"Floor 7, Floor 14",686,3.0,,9.3,12.41,12.41,200607601.12,Low-Rise,IN-MH-MUM-P51900002300-18998
226.3,73.0,Mumbai City,P51900003316,OMKAR 1973 WORLI,Omkar Realtors and Developers Private Limited,400025,19.009102,72.823418,31-12-2018,30-12-2021,0,Residential,3372.0,0.0,38200.0,12/17/2021,39,19,136,65,0.0,1,0,83,0,0,0,mumbai-city,0,0,1,73,73,Ground Only,"Floor 7, Floor 14, Floor 21, Floor 28, Floor 35, Floor 42, Floor 49, Floor 56, Floor 63, Floor 70",523,83.0,,257.3,12.96,12.96,399312240.0,Skyscraper,IN-MH-MUM-P51900003316-19009
46.5,15.0,Mumbai Suburban,P51800013549,JAFAR BUVA ZOPADPATTI COLONY CHS AND JAFAR BABA KADESHWARI CHS,Hare Krushna Developers LLP,400050,19.044286,72.821695,31-12-2019,31-12-2019,0,Residential,4910.49,1821.33,10992.98,01/28/2021,0,0,239,167,4.0,2,7,80,8,0,8,mumbai-suburban,0,0,1,15,15,Ground Only,"Floor 7, Floor 14",733,80.0,,248.0,14.71,14.71,167340846.92,Skyscraper,IN-MH-MUM-P51800013549-19044
12.4,4.0,Mumbai City,P51900003402,OCEAN 360,FAIRDEAL CONSTRUCTIONS,400052,18.944382,72.79417,31-12-2022,30-12-2023,0,Residential,821.45,0.0,2182.22,02/20/2019,0,6,6,3,2.0,2,0,23,2,0,64,mumbai-city,0,2,3,4,2,Ground to Floor 2,,1091,23.0,,71.3,9.72,9.72,5557012.32,High-Rise,IN-MH-MUM-P51900003402-18944
21.7,7.0,Mumbai City,P51900004243,Harbour Heights,RADIUS SUMER DEVELOPERS PRIVATE LIMITED,400010,18.972936,72.844236,31-12-2009,30-12-2026,0,Others,38881.58,4193.24,65523.67,11-02-2020,29,0,3561,172,24.0,6,24,334,4,0,3164,mumbai-city,0,0,1,7,7,Ground Only,,9361,334.0,,1035.4,11.15,11.15,7897757832.7,Skyscraper,IN-MH-MUM-P51900004243-18972
21.7,7.0,Mumbai City,P51900008466,One India Tower,One India Constructions Private Limited,400010,18.971733,72.843171,31-12-2019,30-06-2021,12/30/2024,Residential,1314.39,0.0,8055.08,02-01-2023,0,0,67,54,2.0,1,4,24,1,0,0,mumbai-city,4,5,6,7,2,Ground to Floor 5,,4028,24.0,,74.4,11.09,11.09,32821301.46,High-Rise,IN-MH-MUM-P51900008466-18971
31.0,10.0,Mumbai City,P51900006368,LAKADAWALA SOLITAIRE,LAKADAWALA DEVELOPERS PVT LTD,400010,18.97088,72.839397,31-12-2017,31-12-2018,0,Residential,566.89,83.64,3111.39,06/20/2023,0,2,20,20,0.0,1,2,23,1,0,1,mumbai-city,2,3,4,10,7,Ground to Floor 3,,444,23.0,,71.3,11.04,11.04,5467829.22,High-Rise,IN-MH-MUM-P51900006368-18970
21.7,7.0,Mumbai City,P51900019014,Hermitage,V K Developers,400010,18.971045,72.841359,30-12-2023,30-12-2023,0,Residential,240.8,0.0,929.0,10/27/2023,1,0,9,9,0.0,1,0,8,1,0,9,mumbai-city,0,1,2,7,6,Ground to Floor 1,,155,8.0,,24.8,11.05,11.05,693479.92,Mid-Rise,IN-MH-MUM-P51900019014-18971
21.7,7.0,Mumbai City,P51900014590,PARSHWA LOTUS & RANGARI HEIGHTS,GOLD PLAZA DEVELOPERS PVT LTD,400033,18.9719964,72.8313182,30-12-2023,30-12-2023,01/15/2025,Others,1842.82,0.0,6936.24,02/15/2024,0,0,171,106,1.0,2,4,51,0,0,175,mumbai-city,4,4,5,7,3,Ground to Floor 4,,2312,51.0,,158.1,11.1,11.1,39624949.57,Skyscraper,IN-MH-MUM-P51900014590-18971
21.7,7.0,Mumbai City,P51900033712,KSA PALMS,M/S. KSA ENTERPRISES,400008,18.97207278,72.82588256,31-12-2027,31-12-2027,0,Residential,813.55,78.03,4529.73,01/16/2024,0,0,29,27,0.0,1,3,22,0,0,0,mumbai-city,3,3,4,7,4,Ground to Floor 3,,1132,22.0,,68.2,11.1,11.1,11424001.71,High-Rise,IN-MH-MUM-P51900033712-18972
21.7,7.0,Mumbai City,P51900018338,SHREE SAMMET SHIKHAR HEIGHTS,V M HOMES PVT LTD,400007,18.9631687,72.8199267,30-12-2027,30-12-2027,0,Residential,846.16,0.0,5240.99,05/26/2023,0,0,36,15,0.0,1,0,21,0,0,0,mumbai-city,0,0,1,7,7,Ground Only,,749,21.0,,65.1,10.66,10.66,13747619.91,High-Rise,IN-MH-MUM-P51900018338-18963
31.0,10.0,Mumbai City,P51900004951,DK RESIDENCY,DK CONSTRUCTION BUILDER AND LAND DEVELOPER,400008,18.973006,72.830129,31-12-2019,31-12-2019,12/30/2021,Residential,389.63,0.0,2986.6,07/27/2020,0,1,90,0,1.0,1,0,23,0,0,0,mumbai-city,0,0,1,10,10,Ground Only,Floor 7,299,23.0,,71.3,11.15,11.15,3607373.77,High-Rise,IN-MH-MUM-P51900004951-18973
21.7,7.0,Mumbai City,P51900005473,Chistiya Palace,Rensar Infra Pvt.Ltd,400011,18.976531,72.824473,31-12-2020,31-07-2022,07/31/2023,Residential,803.51,0.0,0.0,02/23/2024,0,0,16,13,1.0,1,2,24,1,0,1,mumbai-city,2,3,4,7,4,Ground to Floor 3,,0,24.0,,74.4,11.33,11.33,0.0,High-Rise,IN-MH-MUM-P51900005473-18976
62.0,20.0,Mumbai City,P51900008495,TARABAUG,DARSHAN DEVELOPERS,400010,18.970807,72.837432,31-12-2018,30-12-2026,0,Residential,9171.47,735.0,22504.0,01/20/2024,13,0,346,342,0.0,8,7,86,5,0,16,mumbai-city,0,0,1,20,20,Ground Only,"Floor 7, Floor 14",1125,86.0,,266.6,11.04,11.04,639823758.73,Skyscraper,IN-MH-MUM-P51900008495-18970
18.6,6.0,Mumbai City,P51900029395,HARBOUR VIEW,NAN ENTERPRISES,400010,18.97631,72.842522,30-11-2028,30-11-2028,0,Residential,3724.05,658.94,7618.0,05/19/2021,0,0,152,0,1.0,1,3,19,0,0,0,mumbai-city,3,3,4,6,3,Ground to Floor 3,,2539,19.0,,58.9,11.32,11.32,87946419.99,High-Rise,IN-MH-MUM-P51900029395-18976
21.7,7.0,Mumbai City,P51900021304,Mahimkar Residency,MAHIMKAR BUILDERS AND DEVELOPERS PVT LTD,400027,18.98093559,72.83795014,30-12-2020,30-12-2020,12/31/2023,Residential,1184.0,160.96,1602.52,03/22/2024,0,1,22,11,0.0,1,0,8,0,28,0,mumbai-city,0,0,1,7,7,Ground Only,,229,8.0,,24.8,11.55,11.55,5881889.41,Mid-Rise,IN-MH-MUM-P51900021304-18980
155.0,50.0,Mumbai City,P51900007187,CONTINENTAL HEIGHTS,SARAH HOUSING DEVELOPMENT PVT LTD,400010,18.97819,72.841408,21-12-2023,21-12-2024,0,Residential,4721.6,843.99,10476.54,03-12-2024,1,0,200,159,1.0,1,7,29,1,0,196,mumbai-city,0,1,2,50,49,Ground to Floor 1,"Floor 8, Floor 15, Floor 22, Floor 29, Floor 36, Floor 43",214,29.0,,89.9,11.41,11.41,153344696.92,High-Rise,IN-MH-MUM-P51900007187-18978
9.3,3.0,Mumbai City,P51900051735,Piramal Aranya - Ahan 2,Glider Buildcon Realtors Private Limited,400010,18.97975741,72.84050966,31-12-2027,31-12-2027,0,Residential,764.91,0.0,23870.95,02/29/2024,3,0,273,56,3.0,1,3,53,0,0,427,mumbai-city,3,3,4,4,1,Ground to Floor 3,,23871,53.0,,164.3,11.49,11.49,56603297.93,Skyscraper,IN-MH-MUM-P51900051735-18979
9.3,3.0,Mumbai City,P51900003324,Piramal Aranya - Wing A,Glider Buildcon Realtors Private Limited,400010,18.97975741,72.84050966,31-12-2023,30-12-2024,0,Others,1405.73,0.0,48020.97,01/19/2024,9,7,229,163,3.0,1,9,55,0,0,481,mumbai-city,0,0,1,3,3,Ground Only,,16007,55.0,,170.5,11.49,11.49,209264006.29,Skyscraper,IN-MH-MUM-P51900003324-18979
21.7,7.0,Mumbai City,P51900046558,GANGA AVENUE,P.SQUARE BUILDERS & DEVELOPER,400010,18.9793117,72.8412582,31-12-2025,31-12-2025,0,Residential,650.51,0.0,152.37,02/28/2024,0,0,47,0,0.0,1,5,22,0,0,30,mumbai-city,5,5,6,7,2,Ground to Floor 5,,76,22.0,,68.2,11.47,11.47,307266.45,High-Rise,IN-MH-MUM-P51900046558-18979
21.7,7.0,Mumbai City,P51900001665,Lifescapes Aquino,Goodwill Properties Pvt Ltd,400025,19.01614884,72.82595364,31-03-2014,30-12-2022,12/29/2023,Residential,1614.12,66.48,5265.05,03/19/2024,1,2,30,28,1.0,1,5,42,1,0,50,mumbai-city,5,6,7,7,1,Ground to Floor 6,,5265,42.0,,130.2,13.31,13.31,26345109.77,Skyscraper,IN-MH-MUM-P51900001665-19016
24.8,8.0,Mumbai City,P51900025184,25 South - Central Tower,Twenty Five South Realty Limited,400025,19.01941496,72.82931176,30-12-2028,30-12-2028,0,Residential,425.0,0.0,503.65,12-06-2022,0,0,28,0,0.0,1,1,56,1,0,177,mumbai-city,1,2,3,8,6,Ground to Floor 2,,84,56.0,,173.6,13.47,13.47,663558.88,Skyscraper,IN-MH-MUM-P51900025184-19019
31.0,10.0,Mumbai City,P51900034316,Kalpataru Oceana,Kalpataru Properties (Thane) Pvt. Ltd.,400025,19.01689184,72.82606897,31-12-2026,31-12-2026,0,Residential,1990.81,298.62,5158.77,01/30/2024,0,0,25,4,1.0,1,4,30,1,0,83,mumbai-city,4,5,6,10,5,Ground to Floor 5,,1032,30.0,,93.0,13.34,13.34,31837405.8,High-Rise,IN-MH-MUM-P51900034316-19016
74.4,24.0,Mumbai City,P51900007512,SHANDILYA VILLA,Shandilya Properties LLP,400030,19.010915,72.816482,,,01-01-2023,Residential,1742.49,252.26,7053.3,01/23/2024,0,0,22,9,1.0,1,8,26,1,55,0,mumbai-city,0,1,2,24,23,Ground to Floor 1,"Floor 8, Floor 15, Floor 22",1,24.0,,74.4,13.05,13.05,38099944.62,High-Rise,IN-MH-MUM-P51900007512-19010
46.5,15.0,Mumbai City,P51900055392,Darshan Inara,Darshan Legacy Builders LLP,400025,19.014483,72.824426,31-12-2028,31-12-2028,0,Residential,1622.92,198.66,4334.15,03/19/2024,0,0,76,0,2.0,2,0,25,2,0,2,mumbai-city,0,2,3,15,13,Ground to Floor 2,Floor 9,333,25.0,,77.5,13.22,13.22,21805334.03,High-Rise,IN-MH-MUM-P51900055392-19014
21.7,7.0,Mumbai City,P51900013137,SIDDHI VINAYAK GRANDEUR,GOPAL RAMPRITSINGH THAKUR,400025,19.01552,72.82957,31-12-2020,30-12-2022,10/31/2023,Residential,510.0,0.0,1919.54,03/13/2024,0,0,22,22,0.0,1,3,22,0,6,24,mumbai-city,3,3,4,7,4,Ground to Floor 3,,480,22.0,,68.2,13.28,13.28,3034792.74,High-Rise,IN-MH-MUM-P51900013137-19015
21.7,7.0,Mumbai City,P51900012567,LABDHI GARDENS PHASE 2,Labdhi Lifestyle Limited,410101,18.9464424,72.8302376,31-05-2019,31-05-2019,0,Residential,9467.0,2140.0,6283.94,02-01-2019,0,0,160,111,0.0,4,0,20,0,0,0,mumbai-city,0,0,1,7,7,Ground Only,,898,20.0,,62.0,9.82,9.82,184419185.94,High-Rise,IN-MH-MUM-P51900012567-18946
21.7,7.0,Mumbai City,P51900006804,LABDHI GARDENS PHASE 3,Labdhi Lifestyle Limited,410101,18.9464424,72.8302376,31-05-2019,31-05-2019,0,Residential,2504.0,2140.0,3762.62,09/17/2020,0,0,96,70,0.0,4,0,20,0,0,0,mumbai-city,0,0,1,7,7,Ground Only,,538,20.0,,62.0,9.82,9.82,29206961.49,High-Rise,IN-MH-MUM-P51900006804-18946
21.7,7.0,Mumbai City,P51900003524,LABDHI GARDENS PHASE 5,Labdhi Lifestyle Limited,410101,18.9464424,72.8302376,31-12-2019,31-12-2019,0,Residential,1586.0,2140.0,2048.24,09/17/2020,0,0,48,17,0.0,3,0,14,2,0,2,mumbai-city,0,2,3,7,5,Ground to Floor 2,,410,14.0,,43.4,9.82,9.82,10070376.78,High-Rise,IN-MH-MUM-P51900003524-18946
21.7,7.0,Mumbai City,P51900029741,Bhairaav Blessings,BHAIRAAV ERECTORS LIMITED,400033,18.98905,72.83931,31-12-2022,31-12-2022,12/30/2023,Residential,8545.79,0.0,3250.64,07-12-2023,0,0,0,0,1.0,1,0,19,1,0,44,mumbai-city,0,1,2,7,6,Ground to Floor 1,,542,19.0,,58.9,11.95,11.95,86115789.1,High-Rise,IN-MH-MUM-P51900029741-18989
21.7,7.0,Mumbai City,P51900010793,NAMAN REGENCY,NAMAN REGENCY DEVELOPERS,400010,18.96990532,72.84151582,31-12-2022,30-12-2023,12/28/2024,Residential,1879.58,151.1,5848.53,03-05-2024,0,0,62,34,0.0,1,4,21,1,0,84,mumbai-city,4,5,6,7,2,Ground to Floor 5,,2924,21.0,,65.1,11.0,11.0,34077618.05,High-Rise,IN-MH-MUM-P51900010793-18969
21.7,7.0,Mumbai City,P51900011222,BELVEDRE HILLS,XLN REALTORS,400010,18.966905,72.840802,31-08-2017,31-12-2017,10/30/2020,Residential,1148.0,0.0,3412.0,06/29/2021,0,0,43,28,1.0,1,4,21,16,0,16,mumbai-city,4,4,5,7,3,Ground to Floor 4,,1137,21.0,,65.1,10.85,10.85,12142625.6,High-Rise,IN-MH-MUM-P51900011222-18966
21.7,7.0,Mumbai Suburban,P51800001523,EKTA MAPLEWOOD,EKTA HOUSING PRIVATE LIMITED,400052,19.078654,72.829639,31-12-2017,30-06-2018,06/30/2019,Residential,859.5,0.0,2158.5,10-06-2021,0,0,20,19,0.0,1,2,12,1,1,0,mumbai-suburban,2,3,4,7,4,Ground to Floor 3,,540,12.0,,37.2,16.43,16.43,5751215.32,High-Rise,IN-MH-MUM-P51800001523-19078
46.5,15.0,Mumbai City,P51900051721,SAYED RESIDENCY,Sayed Sahab &Sons Realty,400008,18.96575169,72.82998366,31-12-2028,31-12-2028,0,Residential,307.69,0.0,3436.75,06-06-2023,0,0,23,0,1.0,1,0,23,0,0,22,mumbai-city,0,0,1,15,15,Ground Only,"Floor 7, Floor 14",229,23.0,,71.3,10.79,10.79,3278106.18,High-Rise,IN-MH-MUM-P51900051721-18965
46.5,15.0,Mumbai City,P51900001442,Carmichael Residences,R A Realty Ventures LLP,400026,18.97117612,72.81123368,31-03-2018,30-09-2018,09/30/2019,Residential,2017.3,161.37,9022.13,02/19/2020,2,0,28,13,1.0,1,5,22,1,0,86,mumbai-city,5,6,7,15,9,Ground to Floor 6,Floor 13,1002,22.0,,68.2,11.06,11.06,56421062.83,High-Rise,IN-MH-MUM-P51900001442-18971
27.9,9.0,Mumbai City,P51900013547,GULMOHAR TERRACE,SHINING SUN CONSTRUCTIONS,400008,18.962574,72.829903,31-12-2019,31-12-2019,06/30/2025,Residential,948.17,136.74,1947.0,02-08-2022,0,2,59,0,0.0,1,3,21,3,0,60,mumbai-city,3,3,4,9,6,Ground to Floor 3,,324,21.0,,65.1,10.63,10.63,5722869.67,High-Rise,IN-MH-MUM-P51900013547-18962
12.4,4.0,Mumbai City,P51900031550,BISMILLAH CASTLE,NIRBAN HOUSING AND DEVELOPMENT LLP,400008,18.96386934,72.82870724,31-12-2025,31-12-2025,0,Mixed (Plots & Buildings),881.27,0.0,6357.19,05/29/2023,0,0,70,2,1.0,1,7,40,0,0,51,mumbai-city,0,0,1,4,4,Ground Only,,1589,40.0,,124.0,10.69,10.69,17367442.58,Skyscraper,IN-MH-MUM-P51900031550-18963
21.7,7.0,Mumbai City,P51900053767,A.M. GAZDAR RESIDENCY,GAZDAR PROPERTIES,400008,18.963502,72.83033,31-12-2027,31-12-2027,0,Residential,298.99,0.0,2303.97,11/23/2023,0,0,31,0,1.0,1,3,23,0,0,0,mumbai-city,3,3,4,7,4,Ground to Floor 3,,576,23.0,,71.3,10.68,10.68,2135478.37,High-Rise,IN-MH-MUM-P51900053767-18963
12.4,4.0,Mumbai City,P51900007758,EIFFEL TOWER,EMPRESS DEVELOPERS,400010,18.96843,72.839411,30-06-2022,30-06-2023,06/29/2024,Residential,3186.9,0.0,6804.02,02/24/2024,0,2,92,65,0.0,1,6,44,1,0,156,mumbai-city,6,7,8,8,1,Ground to Floor 7,,6804,44.0,,136.4,10.92,10.92,67219567.15,Skyscraper,IN-MH-MUM-P51900007758-18968
21.7,7.0,Mumbai City,P51900003249,AL FATEMA HEIGHTS,LUCKY ALAMDAR DEVELOPER,400009,18.9582369,72.83803902,31-03-2023,30-03-2026,0,Residential,961.54,0.0,4316.31,10-04-2022,0,0,34,34,1.0,1,4,24,0,0,0,mumbai-city,4,4,5,7,3,Ground to Floor 4,,1439,24.0,,74.4,10.41,10.41,12865944.62,High-Rise,IN-MH-MUM-P51900003249-18958
21.7,7.0,Mumbai City,P51900002789,Four Seasons Private Residences Phase - 1,Provenance Land Private Limited,400018,18.99563,72.820807,31-12-2020,31-12-2020,12/30/2022,Residential,4069.37,610.41,9405.11,06-03-2023,0,0,37,24,2.0,1,0,45,0,0,113,mumbai-city,0,0,1,7,7,Ground Only,,1344,45.0,,139.5,12.28,12.28,118645904.69,Skyscraper,IN-MH-MUM-P51900002789-18995
21.7,7.0,Mumbai City,P51900000473,Indiabulls Blu Tower B,Indiabulls Infraestate Limited,400013,18.9970568,72.8184027,30-09-2018,30-12-2021,0,Residential,1022.73,9629.09,26603.15,02/16/2024,0,11,136,136,2.0,1,4,51,0,0,0,mumbai-city,4,4,5,7,3,Ground to Floor 4,,8868,51.0,,158.1,12.35,12.35,84344302.76,Skyscraper,IN-MH-MUM-P51900000473-18997
21.7,7.0,Mumbai City,P51900000469,Indiabulls Blu Tower A,Indiabulls Infraestate Limited,400013,18.9970568,72.8184027,30-09-2018,30-12-2021,0,Residential,746.64,9629.09,17769.38,02/16/2024,0,4,123,123,2.0,1,4,47,0,0,0,mumbai-city,4,4,5,7,3,Ground to Floor 4,,5923,47.0,,145.7,12.35,12.35,41128722.64,Skyscraper,IN-MH-MUM-P51900000469-18997
21.7,7.0,Mumbai City,P51900000871,Indiabulls Blu Tower D,Indiabulls Infraestate Limited,400013,18.9970568,72.8184027,30-09-2018,30-06-2022,0,Residential,1126.01,9629.09,15956.75,11-08-2023,0,1,72,69,2.0,1,6,33,0,0,0,mumbai-city,6,6,7,7,1,Ground to Floor 6,,15957,33.0,,102.3,12.35,12.35,55699126.21,Skyscraper,IN-MH-MUM-P51900000871-18997
21.7,7.0,Mumbai City,P51900000843,Indiabulls Blu Tower C,Indiabulls Infraestate Limited,400013,18.9970568,72.8184027,30-09-2018,30-12-2021,0,Residential,750.41,9629.09,20600.18,11-07-2023,0,0,43,43,2.0,1,6,56,0,0,0,mumbai-city,6,6,7,7,1,Ground to Floor 6,,20600,56.0,,173.6,12.35,12.35,47921601.33,Skyscraper,IN-MH-MUM-P51900000843-18997
21.7,7.0,Mumbai City,P51900009787,LB ONE,LOKHANDWALA INFRASTRUCTURE PRIVATE LIMITED,400018,18.9970568,72.8184027,31-12-2022,30-12-2025,0,Residential,4158.04,336.89,0.0,10/13/2018,9,2,88,0,3.0,1,8,41,1,0,172,mumbai-city,0,1,2,7,6,Ground to Floor 1,,0,41.0,,127.1,12.35,12.35,0.0,Skyscraper,IN-MH-MUM-P51900009787-18997
21.7,7.0,Mumbai City,P51900000383,RUNWAL RESERVE,RUNWAL DEVELOPERS PVT LTD,400018,18.996383,72.821242,31-12-2017,31-12-2018,12/31/2019,Residential,7394.06,3824.34,11381.38,10/30/2023,0,9,90,57,2.0,1,1,32,1,0,1,mumbai-city,1,2,3,7,5,Ground to Floor 2,,2276,32.0,,99.2,12.32,12.32,260879280.47,High-Rise,IN-MH-MUM-P51900000383-18996
21.7,7.0,Mumbai City,P51900000828,LODHA AZZURO,Macrotech Developers Limited,400033,18.99191,72.8406456,30-06-2021,30-06-2022,0,Residential,782.93,0.0,20750.05,02/27/2024,4,18,220,220,2.0,1,5,63,0,0,424,mumbai-city,5,5,6,7,2,Ground to Floor 5,,10375,63.0,,195.3,12.1,12.1,50362093.6,Skyscraper,IN-MH-MUM-P51900000828-18991
21.7,7.0,Mumbai City,P51900005378,LODHA VENEZIA - 49TH TO 65TH FLOOR,Macrotech Developers Limited,400033,18.99191,72.8406456,31-12-2017,31-12-2018,0,Residential,699.1,0.0,4990.17,02/27/2024,5,9,63,63,3.0,1,5,17,0,0,98,mumbai-city,5,5,6,7,2,Ground to Floor 5,,2495,17.0,,52.7,12.1,12.1,10814746.33,High-Rise,IN-MH-MUM-P51900005378-18991
21.7,7.0,Mumbai Suburban,P51800031796,PUSHP-VATIKA,ANISH SHAH & MANISH SHAH,400052,19.07414821,72.83527742,31-12-2024,31-12-2024,0,Residential,775.9,0.0,2094.93,01/20/2024,0,0,13,4,2.0,1,0,13,1,0,36,mumbai-suburban,0,1,2,7,6,Ground to Floor 1,,349,13.0,,40.3,16.21,16.21,5038914.18,High-Rise,IN-MH-MUM-P51800031796-19074
21.7,7.0,Mumbai Suburban,P51800010505,PEARL PALACE,CHANDIWALA ENTERPRISES,400102,19.076463,72.837385,31-12-2019,30-12-2021,0,Residential,15521.67,1036.56,1036.56,01-08-2020,0,0,679,148,6.0,4,2,80,3,23,3,mumbai-suburban,2,2,3,7,5,Ground to Floor 2,,207,80.0,,248.0,16.32,16.32,49876340.99,Skyscraper,IN-MH-MUM-P51800010505-19076
21.7,7.0,Mumbai Suburban,P51800032136,52 PARK AVENUE,DAN KUTIR CHSL,400052,19.07246514,72.83482571,31-08-2024,31-08-2024,0,Residential,506.68,0.0,1368.03,12/28/2023,0,0,5,0,0.0,1,0,10,1,0,25,mumbai-suburban,0,1,2,7,6,Ground to Floor 1,,228,10.0,,31.0,16.12,16.12,2148775.67,High-Rise,IN-MH-MUM-P51800032136-19072
21.7,7.0,Mumbai Suburban,P51800054491,Mangal Varsha,RISHABRAJ NAMO ENTERPRISE LLP,400054,19.076393,72.8353,31-05-2026,31-05-2026,0,Residential,1425.6,218.43,3847.81,02-02-2024,0,0,41,0,0.0,1,3,15,1,68,1,mumbai-suburban,3,4,5,7,3,Ground to Floor 4,,1283,15.0,,46.5,16.32,16.32,17004857.6,High-Rise,IN-MH-MUM-P51800054491-19076
21.7,7.0,Mumbai Suburban,P51800034050,KHAR LAXMI NIVAS,KHAR LAXMI NIWAS DEVELOPERS LLP,400052,19.07177875,72.83842266,31-12-2024,31-12-2024,0,Residential,1127.8,0.0,2283.31,06/16/2022,0,0,15,0,0.0,1,2,11,0,0,0,mumbai-suburban,2,2,3,7,5,Ground to Floor 2,,457,11.0,,34.1,16.09,16.09,7982862.76,High-Rise,IN-MH-MUM-P51800034050-19071
21.7,7.0,Mumbai City,P51900002235,SHREEPATI CASTLE,SHREEPATI CASTLE,400004,18.959064,72.821446,31-12-2020,30-12-2024,0,Residential,5622.55,1082.79,29183.33,01/20/2024,2,6,578,564,1.0,5,9,98,0,172,0,mumbai-city,0,0,1,7,7,Ground Only,,4169,98.0,,303.8,10.45,10.45,508662669.48,Skyscraper,IN-MH-MUM-P51900002235-18959
46.5,15.0,Mumbai City,P51900021623,AL-RAYYAN,M/s. KSA REALTY PRIVATE LIMITED,400008,18.96902466,72.82816607,30-12-2024,30-12-2024,0,Residential,1277.64,574.37,9036.0,10/24/2023,0,0,97,87,2.0,2,8,44,0,0,0,mumbai-city,0,0,1,15,15,Ground Only,"Floor 7, Floor 14",602,44.0,,136.4,10.95,10.95,35788740.62,Skyscraper,IN-MH-MUM-P51900021623-18969
21.7,7.0,Mumbai City,P51900033383,MUSTAFA PALACE,ELITE REALTY,400007,18.962,72.822161,31-12-2026,31-12-2026,0,Residential,702.34,0.0,2812.55,02/29/2024,0,0,34,16,1.0,1,0,18,0,0,0,mumbai-city,0,0,1,7,7,Ground Only,,402,18.0,,55.8,10.6,10.6,6123635.74,High-Rise,IN-MH-MUM-P51900033383-18962
21.7,7.0,Mumbai City,P51900033907,D. K. SKYVIEW,D.K. REALTORS & DEVELOPERS LIMITED,400008,18.96263019,72.82705231,30-11-2026,30-11-2026,0,Mixed (Plots & Buildings),903.29,0.0,9644.23,02/24/2022,0,0,88,0,1.0,1,1,38,1,0,78,mumbai-city,1,2,3,7,5,Ground to Floor 2,,1929,38.0,,117.8,10.63,10.63,27005763.2,Skyscraper,IN-MH-MUM-P51900033907-18962
21.7,7.0,Mumbai City,P51900050998,Shapoorji Pallonji The Odyssey 1,Floreat Investments Private Limited,400007,18.95885263,72.81342303,20-08-2031,20-08-2031,0,Residential,721.46,676.25,6692.27,03-11-2024,0,0,25,0,1.0,1,20,25,1,0,176,mumbai-city,0,1,2,7,6,Ground to Floor 1,,1115,25.0,,77.5,10.44,10.44,14967435.85,High-Rise,IN-MH-MUM-P51900050998-18958
21.7,7.0,Mumbai Suburban,P51800034860,Supreme Elysia,Supreme Mega Constructions LLP,400054,19.07740222,72.83259183,31-05-2025,31-05-2025,0,Residential,963.2,0.0,2860.7,02-01-2024,0,0,11,8,0.0,1,2,14,1,0,42,mumbai-suburban,2,3,4,7,4,Ground to Floor 3,,715,14.0,,43.4,16.37,16.37,8541821.34,High-Rise,IN-MH-MUM-P51800034860-19077
21.7,7.0,Mumbai Suburban,P51800045486,NINE ACES CHS LTD,JMJ MAXRICH BUILDCON,400052,19.0762959,72.8295869,31-12-2023,31-12-2023,06/30/2024,Residential,563.5,0.0,1276.09,12-04-2023,0,0,11,4,0.0,1,0,8,1,0,1,mumbai-suburban,0,1,2,7,6,Ground to Floor 1,,213,8.0,,24.8,16.31,16.31,2229137.82,Mid-Rise,IN-MH-MUM-P51800045486-19076
21.7,7.0,Mumbai Suburban,P51800010676,REDEVELOPMENT OF THE ROOPKALA CHS LTD,ORRA REALTORS PRIVATE LIMITED,400054,19.07759,72.83523,31-12-2017,31-12-2018,0,Residential,1457.36,0.0,3934.07,11/13/2017,0,0,36,36,0.0,1,3,11,1,4,1,mumbai-suburban,3,4,5,7,3,Ground to Floor 4,,1311,11.0,,34.1,16.38,16.38,17773404.39,High-Rise,IN-MH-MUM-P51800010676-19077
21.7,7.0,Mumbai Suburban,P51800031276,KHAR HIRA PREMISES CO OP SOCIETY LTD,L NAGPAL DEVELOPERS,400052,19.07294486,72.83302668,29-02-2024,29-02-2024,0,Residential,522.6,0.0,1552.12,11-11-2023,0,0,7,3,0.0,1,0,11,1,3,1,mumbai-suburban,0,1,2,7,6,Ground to Floor 1,,259,11.0,,34.1,16.15,16.15,2514527.53,High-Rise,IN-MH-MUM-P51800031276-19072
9.3,7.0,Mumbai Suburban,P51800031222,TRITON,Jade Constructions Private Limited,400054,19.07730716,72.83009603,,,0,Residential,3358.3,701.84,11463.57,01-05-2024,0,0,33,14,0.0,3,9,44,3,0,26,mumbai-suburban,0,0,1,7,7,Ground Only,,5,3.0,,9.3,16.37,16.37,119344132.11,Low-Rise,IN-MH-MUM-P51800031222-19077
21.7,7.0,Mumbai Suburban,P51800002566,VASANT KUNJ CHS LTD,CALVIN SHRESTH PROPERTIES LLP,400052,19.078716,72.836654,30-04-2019,30-10-2021,0,Residential,1619.6,0.0,4808.0,07/18/2023,1,0,30,24,1.0,1,2,15,1,14,63,mumbai-suburban,2,3,4,7,4,Ground to Floor 3,,1202,15.0,,46.5,16.44,16.44,24139814.08,High-Rise,IN-MH-MUM-P51800002566-19078
21.7,7.0,Mumbai Suburban,P51800008272,Redevelopment of Link Palace Premises Co-Op Soc. Ltd. Phase I,KOLTE-PATIL DEVELOPERS LIMITED,400054,19.077867,72.834719,30-09-2017,31-12-2017,03/31/2018,Others,1594.0,239.28,4248.4,09/28/2018,0,0,34,34,1.0,1,2,10,1,26,60,mumbai-suburban,2,3,4,7,4,Ground to Floor 3,,1062,10.0,,31.0,16.39,16.39,20993043.76,High-Rise,IN-MH-MUM-P51800008272-19077
21.7,7.0,Mumbai City,P51900009005,MAGNUM TOWER,HEMANT BHANUSHANKAR VYAS,400012,18.991762,72.837648,30-06-2016,31-03-2018,03/31/2019,Others,5767.6,461.4,17302.8,01/23/2022,0,0,217,149,2.0,2,5,43,0,0,358,mumbai-city,5,5,6,7,2,Ground to Floor 5,,8651,43.0,,133.3,12.09,12.09,309366450.77,Skyscraper,IN-MH-MUM-P51900009005-18991
21.7,7.0,Mumbai City,P51900016482,Central Tower - Tower 2,Glider Buildcon Realtors,400011,18.98292676,72.82653044,30-06-2026,30-06-2026,0,Residential,27696.68,4241.86,40894.0,01/20/2024,93,5,247,130,2.0,1,9,88,1,0,380,mumbai-city,0,1,2,7,6,Ground to Floor 1,,6816,88.0,,272.8,11.65,11.65,3511146898.95,Skyscraper,IN-MH-MUM-P51900016482-18982
21.7,7.0,Mumbai City,P51900011926,CHANDRA DARSHAN HEIGHTS,COMMERCIAL DEVELOPERS,400012,18.986361,72.834119,31-12-2019,30-12-2023,0,Residential,1695.66,135.65,3985.64,03-11-2024,0,0,48,16,0.0,1,3,23,1,0,52,mumbai-city,3,4,5,7,3,Ground to Floor 4,,1329,23.0,,71.3,11.82,11.82,20950700.0,High-Rise,IN-MH-MUM-P51900011926-18986
12.4,4.0,Mumbai City,P51900008408,BOMBAY XI,Tattva & Mittal Lifespaces Pvt Ltd,400011,18.980146,72.829572,31-12-2019,30-12-2022,12/30/2023,Residential,3902.0,308.79,19979.36,03-07-2024,1,2,209,90,2.0,1,1,37,1,0,1,mumbai-city,1,2,3,4,2,Ground to Floor 2,,9990,37.0,,114.7,11.51,11.51,241674334.43,Skyscraper,IN-MH-MUM-P51900008408-18980
21.7,7.0,Mumbai City,P51900005432,Celestia Spaces,Peninsula Land Limited,400015,18.99322334,72.84825352,31-03-2020,30-06-2021,12/30/2022,Residential,12288.02,4238.44,48912.0,01-08-2024,4,34,386,379,2.0,2,12,126,2,18,973,mumbai-city,0,2,3,7,5,Ground to Floor 2,,9782,126.0,,390.6,12.16,12.16,1863198066.14,Skyscraper,IN-MH-MUM-P51900005432-18993
21.7,7.0,Mumbai City,P51900054797,BISMILLAH SPACE RESIDENCY,NIRBAN INFRASTRUCTURE PVT LTD,400008,18.964488,72.830843,31-12-2027,31-12-2027,0,Residential,626.26,0.0,8278.08,01/18/2024,0,0,176,0,1.0,1,7,36,0,0,0,mumbai-city,0,0,1,7,7,Ground Only,,1183,36.0,,111.6,10.72,10.72,16071114.18,Skyscraper,IN-MH-MUM-P51900054797-18964
21.7,7.0,Mumbai City,P51900009466,FORTUNE MIGNAS,Namla Developers Private Limited,400008,18.975874,72.823868,31-12-2018,31-12-2018,0,Residential,704.02,0.0,2852.0,05/13/2021,0,0,17,6,0.0,1,0,22,0,0,31,mumbai-city,0,0,1,7,7,Ground Only,,407,22.0,,68.2,11.29,11.29,6224381.62,High-Rise,IN-MH-MUM-P51900009466-18975
18.6,6.0,Mumbai City,P51900010998,AURUM Heights,Komal Developers,400011,18.97966456,72.82708862,,,06/30/2022,Residential,1704.86,120.02,4147.06,11-03-2022,0,0,32,18,1.0,1,2,21,1,0,61,mumbai-city,2,3,4,6,3,Ground to Floor 3,,11,6.0,,18.6,11.48,11.48,21917485.81,Mid-Rise,IN-MH-MUM-P51900010998-18979
21.7,7.0,Mumbai City,P51900010963,The Primordial house,Sambhavparshva Developers Pvt Ltd.,400026,18.96310599,72.81100435,30-12-2022,30-12-2023,0,Residential,858.0,0.0,5295.51,03-08-2024,0,1,21,21,1.0,2,4,21,2,0,2,mumbai-city,4,6,7,7,1,Ground to Floor 6,,5296,21.0,,65.1,10.66,10.66,14084997.5,High-Rise,IN-MH-MUM-P51900010963-18963
21.7,7.0,Mumbai City,P51900001201,SHREEPATI JEWELS,SHREEPATI JEWELS,400004,18.954118,72.823894,31-12-2020,30-12-2024,0,Residential,15480.44,1750.83,53295.45,03-09-2024,7,8,693,502,2.0,7,5,266,0,506,114,mumbai-city,5,5,6,7,2,Ground to Floor 5,,26648,266.0,,824.6,10.21,10.21,2557614749.59,Skyscraper,IN-MH-MUM-P51900001201-18954
21.7,7.0,Mumbai City,P51900015871,Atlas Royal B,Atlas Infratech Pvt.Ltd,400004,18.953265,72.82359,30-12-2022,30-12-2022,12/29/2023,Residential,1079.72,86.6,7410.44,10/25/2023,0,0,24,7,0.0,1,0,21,0,0,0,mumbai-city,0,0,1,7,7,Ground Only,,1059,21.0,,65.1,10.16,10.16,24803720.86,High-Rise,IN-MH-MUM-P51900015871-18953
21.7,7.0,Mumbai City,P51900005752,PURAV HEIGHTS,BHRUGU CHANDRAKANT KHAKHAR,400004,18.9533531,72.82265,31-12-2022,30-12-2024,0,Residential,1084.36,90.39,3802.03,02-10-2023,0,0,45,31,0.0,3,0,65,0,0,0,mumbai-city,0,0,1,7,7,Ground Only,,543,65.0,,201.5,10.17,10.17,12780584.68,Skyscraper,IN-MH-MUM-P51900005752-18953
21.7,7.0,Mumbai City,P51900005282,RAJ CONSTRUCTIONS,SHAKEEL AHMED MOHAMMED YUNUS,400002,18.9469113,72.8269997,31-12-2017,31-03-2018,03/31/2019,Residential,396.32,0.0,2595.99,01/13/2021,0,1,52,45,0.0,1,3,24,0,0,20,mumbai-city,3,3,4,7,4,Ground to Floor 3,,649,24.0,,74.4,9.85,9.85,3189412.55,High-Rise,IN-MH-MUM-P51900005282-18946
21.7,7.0,Mumbai Suburban,P51800000862,Rustomjee Paramount - Wing E,KEYSTONE REALTORS LIMITED,400052,19.076458,72.829052,30-06-2019,30-11-2020,0,Residential,468.88,0.0,7744.28,12/31/2022,7,0,42,34,0.0,1,0,23,1,0,0,mumbai-suburban,0,1,2,7,6,Ground to Floor 1,,1291,23.0,,71.3,16.32,16.32,11256527.82,High-Rise,IN-MH-MUM-P51800000862-19076
21.7,7.0,Mumbai Suburban,P51800033826,BLUE LOTUS,RISHABRAJ ESTATE DEVELOPERS PVT LTD,400052,19.0769177,72.8299691,31-12-2025,31-12-2025,0,Residential,864.6,0.0,1995.76,02-12-2024,0,0,17,2,0.0,1,2,12,1,0,50,mumbai-suburban,2,3,4,7,4,Ground to Floor 3,,499,12.0,,37.2,16.35,16.35,5349155.7,High-Rise,IN-MH-MUM-P51800033826-19076
31.0,10.0,Mumbai City,P51900008923,Shree Nakoda Heights,M/s Royal Developers,400033,18.978827,72.839003,31-12-2019,31-12-2019,12/31/2024,Residential,1915.66,0.0,8061.94,01/24/2022,1,2,208,148,0.0,1,4,23,0,0,100,mumbai-city,4,4,5,10,6,Ground to Floor 4,,1344,23.0,,71.3,11.44,11.44,47876201.54,High-Rise,IN-MH-MUM-P51900008923-18978
21.7,7.0,Mumbai City,P51900010419,SHREE VARDHMAN,DEEKAY REALTORS LLP,400004,18.958019,72.823784,31-07-2024,30-09-2025,0,Residential,177.6,0.0,1840.9,11/26/2021,3,0,6,0,1.0,1,3,19,1,0,1,mumbai-city,3,4,5,7,3,Ground to Floor 4,,614,19.0,,58.9,10.4,10.4,1013525.9,High-Rise,IN-MH-MUM-P51900010419-18958
21.7,7.0,Mumbai City,P51900020887,Lifescapes Siddhant,Meridian Construction Pvt. Ltd.,400004,18.95889816,72.82497362,30-12-2024,30-12-2024,0,Residential,1696.49,316.43,11461.78,03/22/2024,1,0,121,65,0.0,1,0,24,0,0,82,mumbai-city,0,0,1,7,7,Ground Only,,1637,24.0,,74.4,10.44,10.44,60278864.97,High-Rise,IN-MH-MUM-P51900020887-18958
12.4,4.0,Mumbai City,P51900003718,Pankaj Height,M/S Volition Investments Private Limited,400004,18.956914,72.823474,30-06-2018,31-12-2018,0,Residential,727.46,0.0,4299.2,03-12-2020,1,0,3,0,0.0,1,3,22,0,1,0,mumbai-city,3,3,4,4,1,Ground to Floor 3,,4299,22.0,,68.2,10.35,10.35,9695237.7,High-Rise,IN-MH-MUM-P51900003718-18956
21.7,7.0,Mumbai City,P51900009675,NEO ORNATE,NARESH  MEHTA,400004,18.9579877,72.8214399,30-11-2019,30-12-2022,12/28/2023,Residential,430.6,430.6,4100.0,04-12-2023,0,0,27,22,2.0,1,0,24,0,0,20,mumbai-city,0,0,1,7,7,Ground Only,,586,24.0,,74.4,10.4,10.4,5472926.0,High-Rise,IN-MH-MUM-P51900009675-18957
21.7,7.0,Mumbai City,P51900012370,KANAK HEIGHT,SHANTILAL MISHRIMAL CHANDAN,400004,18.9579877,72.8214399,30-09-2017,31-12-2017,0,Residential,181.95,0.0,1588.2,03-10-2021,0,0,57,48,0.0,1,0,24,0,0,0,mumbai-city,0,0,1,7,7,Ground Only,,227,24.0,,74.4,10.4,10.4,895816.27,High-Rise,IN-MH-MUM-P51900012370-18957
21.7,7.0,Mumbai City,P51900012476,NEO PEARL,UNIVERSAL BUILDERS & DEVELOPERS,400004,18.9579877,72.8214399,31-03-2015,31-12-2017,12/31/2018,Residential,138.8,46.05,1830.69,02/20/2023,0,0,16,13,0.0,0,0,23,0,0,0,mumbai-city,0,0,1,7,7,Ground Only,,262,23.0,,71.3,10.4,10.4,787709.29,High-Rise,IN-MH-MUM-P51900012476-18957
21.7,7.0,Mumbai City,P51900011194,lakadawala sapphire 19 to 22 floor,sadique anwar koradia,400004,18.9579877,72.8214399,31-12-2011,31-12-2018,0,Residential,298.5,109.39,2315.61,01/16/2019,0,0,8,5,0.0,1,4,5,0,0,0,mumbai-city,4,4,5,7,3,Ground to Floor 4,,772,5.0,,15.5,10.4,10.4,2142749.71,Mid-Rise,IN-MH-MUM-P51900011194-18957
21.7,7.0,Mumbai City,P51900012655,SAI EKVIRA SADAN,K Merchant Construction Ltd,400004,18.9579877,72.8214399,31-12-2020,30-12-2021,0,Residential,627.31,0.0,3400.02,07/31/2017,3,1,72,38,0.0,1,0,20,0,0,0,mumbai-city,0,0,1,7,7,Ground Only,,486,20.0,,62.0,10.4,10.4,6611886.29,High-Rise,IN-MH-MUM-P51900012655-18957
21.7,7.0,Mumbai City,P51900003343,Chandan Signature,PAVAN KUMAR BACHHRAJ CHANDAN,400004,18.9579877,72.8214399,21-05-2018,30-12-2023,0,Others,851.17,0.0,7960.45,03/19/2024,0,0,132,99,0.0,1,8,19,0,0,88,mumbai-city,0,0,1,7,7,Ground Only,,1137,19.0,,58.9,10.4,10.4,21004658.3,High-Rise,IN-MH-MUM-P51900003343-18957
21.7,7.0,Mumbai City,P51900012983,RAAJDEEP ARCADE,RAAJDEEP BUILDERS AND DEVELOPERS,400004,18.9579877,72.8214399,31-12-2020,30-12-2023,0,Residential,612.88,0.0,3765.15,03-01-2024,0,0,2,0,0.0,1,0,19,0,0,42,mumbai-city,0,0,1,7,7,Ground Only,,538,19.0,,58.9,10.4,10.4,7153513.91,High-Rise,IN-MH-MUM-P51900012983-18957
21.7,7.0,Mumbai City,P51900010038,NEBULA,RUBBERWALA REALTY,400004,18.9579877,72.8214399,30-06-2025,30-06-2026,0,Residential,1214.89,88.41,9081.96,03/13/2024,1,5,55,0,0.0,1,4,37,0,0,0,mumbai-city,4,4,5,7,3,Ground to Floor 4,,3027,37.0,,114.7,10.4,10.4,34204105.39,Skyscraper,IN-MH-MUM-P51900010038-18957
21.7,7.0,Mumbai City,P51900014574,Gandhi Niwas CHS LTD,Ashok Rajaram Gupta,400004,18.9579877,72.8214399,30-12-2024,30-12-2024,0,Residential,484.86,0.0,1103.2,12/18/2018,0,0,20,0,1.0,1,0,21,0,0,0,mumbai-city,0,0,1,7,7,Ground Only,,158,21.0,,65.1,10.4,10.4,1658182.41,High-Rise,IN-MH-MUM-P51900014574-18957
21.7,7.0,Mumbai City,P51900008194,LEELA TARA,SAKAAR DEVELOPERS,400004,18.9579877,72.8214399,31-03-2019,31-03-2019,0,Residential,421.41,0.0,2638.97,11/21/2022,0,0,17,11,0.0,1,0,23,0,0,0,mumbai-city,0,0,1,7,7,Ground Only,,377,23.0,,71.3,10.4,10.4,3447473.88,High-Rise,IN-MH-MUM-P51900008194-18957
21.7,7.0,Mumbai City,P51900008285,NEO AMITY,NARESH  MEHTA,400004,18.9579877,72.8214399,31-12-2020,30-12-2023,0,Residential,546.78,164.13,2962.0,01/16/2024,0,0,16,4,1.0,1,0,20,0,0,38,mumbai-city,0,0,1,7,7,Ground Only,,423,20.0,,62.0,10.4,10.4,5020643.32,High-Rise,IN-MH-MUM-P51900008285-18957
21.7,7.0,Mumbai City,P51900008041,NEO CLARISSA,FAITH BUILD INFRA LLP,400004,18.9579877,72.8214399,31-08-2020,28-08-2023,0,Residential,1255.62,1255.62,4237.0,09-04-2023,0,0,23,17,2.0,1,0,9,1,0,60,mumbai-city,0,1,2,7,6,Ground to Floor 1,,706,9.0,,27.9,10.4,10.4,16492192.01,Mid-Rise,IN-MH-MUM-P51900008041-18957
21.7,7.0,Mumbai City,P51900008314,Earth Darshan,M/s. Earth Graphics,400004,18.9579877,72.8214399,19-06-2021,19-06-2021,12/18/2023,Residential,1269.75,107.7,8863.33,05/31/2023,5,0,3,3,1.0,1,0,25,0,0,82,mumbai-city,0,0,1,7,7,Ground Only,,1266,25.0,,77.5,10.4,10.4,34888061.13,High-Rise,IN-MH-MUM-P51900008314-18957
21.7,7.0,Mumbai City,P51900011526,MEHTA SUNSHINE HEIGHTS B WING,CHANDULAL JORAWARMAL MEHTA,400004,18.9579877,72.8214399,31-12-2022,30-12-2023,0,Residential,651.34,0.0,6316.74,03-04-2024,0,0,131,110,0.0,1,0,23,0,0,0,mumbai-city,0,0,1,7,7,Ground Only,,902,23.0,,71.3,10.4,10.4,12754470.84,High-Rise,IN-MH-MUM-P51900011526-18957
21.7,7.0,Mumbai City,P51900007083,AADITYA RESIDENCES,M/S. A.K. DEVELOPERS,400004,18.9579877,72.8214399,31-12-2025,30-12-2026,0,Residential,681.44,331.16,4270.47,04-07-2023,1,1,96,71,0.0,1,0,18,0,0,56,mumbai-city,0,0,1,7,7,Ground Only,,610,18.0,,55.8,10.4,10.4,9021214.14,High-Rise,IN-MH-MUM-P51900007083-18957
21.7,7.0,Mumbai City,P51900010342,VALENCIA PARADISE,PARADISE ASSOCIATES,400004,18.9579877,72.8214399,31-12-2017,31-12-2018,12/31/2019,Others,733.28,0.0,4792.4,01/16/2023,6,1,146,146,0.0,1,3,20,0,0,0,mumbai-city,3,3,4,7,4,Ground to Floor 3,,1198,20.0,,62.0,10.4,10.4,10893930.32,High-Rise,IN-MH-MUM-P51900010342-18957
21.7,7.0,Mumbai City,P51900003845,AADITYA LUXURIA,M/S. A.K. DEVELOPERS,400004,18.9579877,72.8214399,31-03-2021,30-12-2024,0,Residential,1024.35,373.73,8172.0,11/21/2022,0,0,24,0,0.0,1,0,19,0,0,70,mumbai-city,0,0,1,7,7,Ground Only,,1167,19.0,,58.9,10.4,10.4,25950063.42,High-Rise,IN-MH-MUM-P51900003845-18957
21.7,7.0,Mumbai City,P51900005385,PHOENIX-B,YASHASWI BUILDER,400004,18.9579877,72.8214399,31-12-2022,30-12-2023,0,Others,2484.75,342.0,1184.33,09/21/2019,0,0,31,9,0.0,1,10,0,0,0,0,mumbai-city,0,0,1,7,7,Ground Only,,169,0.0,,0.0,10.4,10.4,9122568.3,Low-Rise,IN-MH-MUM-P51900005385-18957
21.7,7.0,Mumbai City,P51900011927,AMAN HOUSE,AS DEVELOPER,400004,18.9579877,72.8214399,31-08-2019,31-01-2020,0,Residential,411.93,0.0,2408.16,09-01-2021,0,0,65,39,0.0,1,0,23,0,0,0,mumbai-city,0,0,1,7,7,Ground Only,,344,23.0,,71.3,10.4,10.4,3075179.38,High-Rise,IN-MH-MUM-P51900011927-18957
21.7,7.0,Mumbai City,P51900002895,DEEKAY ARIA,DEEKAY DEVELOPER,400004,18.9579877,72.8214399,30-06-2020,30-12-2020,05/30/2022,Residential,544.41,0.0,3612.9,06/29/2021,0,0,91,2,0.0,1,0,0,0,0,0,mumbai-city,0,0,1,7,7,Ground Only,,516,0.0,,0.0,10.4,10.4,6097386.56,Low-Rise,IN-MH-MUM-P51900002895-18957
21.7,7.0,Mumbai City,P51900002907,NEO GALAXY,UNIVERSAL BUILDERS & DEVELOPERS,400004,18.9579877,72.8214399,31-12-2019,30-12-2022,12/29/2023,Residential,333.52,95.03,2920.0,01-11-2024,1,2,25,8,0.0,1,2,20,1,0,16,mumbai-city,2,3,4,7,4,Ground to Floor 3,,730,20.0,,62.0,10.4,10.4,3019023.04,High-Rise,IN-MH-MUM-P51900002907-18957
21.7,7.0,Mumbai City,P51900010019,SHREEPATI BAYVIEW,SHREEPATI BUILD INFRA INVESTMENT LIMITED,400004,18.9579877,72.8214399,31-12-2020,30-12-2026,0,Residential,6582.98,415.26,10437.47,03/19/2024,2,2,399,0,5.0,5,0,110,0,133,0,mumbai-city,0,0,1,7,7,Ground Only,,1491,110.0,,341.0,10.4,10.4,212999934.41,Skyscraper,IN-MH-MUM-P51900010019-18957
21.7,7.0,Mumbai City,P51900007633,THE PLATINUM,RUBBERWALA HOUSING & INFRASTRUCTURE LTD.,400004,18.9579877,72.8214399,31-12-2025,30-12-2026,0,Others,4675.62,324.14,23809.37,03/13/2024,8,0,181,133,3.0,1,3,21,1,0,194,mumbai-city,3,4,5,7,3,Ground to Floor 4,,7936,21.0,,65.1,10.4,10.4,345103056.33,High-Rise,IN-MH-MUM-P51900007633-18957
21.7,7.0,Mumbai City,P51900008249,PRASHANT CO-OPERATIVE HOUSING SOCIETY LIMITED,FIFTHWALL BUILDERS PRIVATE LIMITED,400004,18.9579877,72.8214399,31-12-2017,31-12-2017,10/30/2020,Residential,243.83,0.0,1087.26,12/30/2019,0,0,14,14,0.0,1,0,20,0,0,0,mumbai-city,0,0,1,7,7,Ground Only,,155,20.0,,62.0,10.4,10.4,821830.48,High-Rise,IN-MH-MUM-P51900008249-18957
21.7,7.0,Mumbai City,P51900046831,Earth Enclave,Earth Graphics,400004,18.95590609,72.82438889,31-12-2027,31-12-2027,0,Residential,2882.32,246.26,18085.36,01/18/2024,0,0,45,5,1.0,1,8,45,1,332,1,mumbai-city,0,1,2,7,6,Ground to Floor 1,,3014,45.0,,139.5,10.3,10.3,161596163.99,Skyscraper,IN-MH-MUM-P51900046831-18955
21.7,7.0,Mumbai City,P51900001899,Lifescapes Ambar,Rohan Developers Pvt. Ltd.,400013,18.958779,72.819583,31-12-2013,31-12-2018,0,Residential,632.12,0.0,2718.75,01/29/2019,0,21,40,40,0.0,1,0,22,1,0,22,mumbai-city,0,1,2,7,6,Ground to Floor 1,,453,22.0,,68.2,10.44,10.44,5327586.38,High-Rise,IN-MH-MUM-P51900001899-18958
21.7,7.0,Mumbai City,P51900013134,Atlas Royal - A,Atlas Infratech Pvt.Ltd,400004,18.953291,72.823592,31-12-2018,31-12-2018,03/31/2023,Residential,1079.72,86.6,7410.44,02/24/2024,0,0,32,26,0.0,1,0,22,0,0,0,mumbai-city,0,0,1,7,7,Ground Only,,1059,22.0,,68.2,10.16,10.16,24803720.86,High-Rise,IN-MH-MUM-P51900013134-18953
30.2,9.75,Mumbai City,P51900008576,Shree Laxmi Residency,KSHITIJA INFRASTRUCTURE PVT LTD,400027,18.978403,72.83156,31-03-2018,30-12-2021,0,Residential,5491.69,447.93,38485.51,04/18/2023,0,3,192,159,1.0,1,3,22,2,0,2,mumbai-city,3,5,6,9,4,Ground to Floor 5,,9621,22.0,,68.2,11.42,11.42,655186520.28,High-Rise,IN-MH-MUM-P51900008576-18978
31.0,10.0,Mumbai City,P51900013240,The Baya Victoria,Renaissance Construction ( Janta Sevak nagar ),400011,18.97709465,72.83072717,30-12-2023,30-12-2023,0,Residential,2180.0,0.0,4403.81,04/22/2023,0,0,117,116,2.0,1,2,24,0,0,131,mumbai-city,2,2,3,10,8,Ground to Floor 2,Floor 9,550,24.0,,74.4,11.35,11.35,29760947.98,High-Rise,IN-MH-MUM-P51900013240-18977
6.2,7.0,Mumbai City,P51900000642,Salsette 27,Goodtime Real Estate Development Private Limited,400027,18.98268263,72.8358349,,30-12-2023,0,Others,17344.9,4447.75,38377.43,01-08-2024,0,2,534,404,6.0,2,12,142,2,11,1184,mumbai-city,0,2,3,7,5,Ground to Floor 2,,107,2.0,,6.2,11.63,11.63,2063523325.38,Low-Rise,IN-MH-MUM-P51900000642-18982
18.6,6.0,Mumbai City,P51900004114,EMPIRE SOLITAIRE,AALAY DEVELOPERS,400011,18.977651,72.826868,31-12-2018,31-12-2018,12/31/2023,Residential,1001.11,0.0,3782.66,01/19/2024,0,2,35,34,1.0,1,4,23,0,46,0,mumbai-city,4,4,5,6,2,Ground to Floor 4,,1891,23.0,,71.3,11.38,11.38,11739262.13,High-Rise,IN-MH-MUM-P51900004114-18977
21.7,7.0,Mumbai City,P51900052000,BISMILLAH ARCADE 2,Mohammed Akram Mohammed Husain Nirban,400008,18.97310703,72.82960091,31-12-2025,31-12-2025,0,Residential,793.48,0.0,3820.38,06/28/2023,0,0,90,0,0.0,1,3,23,0,0,36,mumbai-city,3,3,4,7,4,Ground to Floor 3,,955,23.0,,71.3,11.16,11.16,9397324.88,High-Rise,IN-MH-MUM-P51900052000-18973
46.5,15.0,Mumbai City,P51900019931,TOWER E OF BUILDING NO 3-PHASE OF PROJECT NAMED VIVAREA BEING CONSTRUCTED ON PORTION OF PROJECT LAND,GENEXT HARDWARE & PARKS PRIVATE LIMITED,400011,18.97707722,72.82575516,30-06-2024,30-06-2024,0,Residential,57050.17,14851.2,34422.97,08/23/2023,1,0,122,121,2.0,1,1,57,7,0,427,mumbai-city,1,1,2,15,14,Ground to Floor 1,Floor 8,2459,57.0,,176.7,11.35,11.35,6087892500.26,Skyscraper,IN-MH-MUM-P51900019931-18977
21.7,7.0,Mumbai City,P51900015795,ARKADE RISE,Arkade Paradigm,400026,18.970001,72.810765,30-12-2021,30-12-2021,0,Residential,453.42,0.0,1842.62,10-05-2021,0,0,12,8,1.0,1,6,20,1,0,0,mumbai-city,6,7,8,8,1,Ground to Floor 7,,1843,20.0,,62.0,11.0,11.0,2589990.36,High-Rise,IN-MH-MUM-P51900015795-18970
83.7,27.0,Mumbai City,P51900017371,Sumer Trinity Vertical Phase-I,Sumer Builders,400025,19.0112208,72.8299486,30-06-2023,30-06-2023,06/30/2024,Others,2339.0,0.0,5856.76,01-04-2023,6,0,55,8,3.0,1,2,31,1,0,138,mumbai-city,2,3,4,27,24,Ground to Floor 3,"Floor 10, Floor 17, Floor 24",244,31.0,,96.1,13.06,13.06,42466781.08,High-Rise,IN-MH-MUM-P51900017371-19011
21.7,7.0,Mumbai City,P51900005185,Lifescapes Arihant,Rohan Developers Pvt Ltd,400004,18.95724625,72.82001523,31-12-2020,30-06-2021,03/31/2024,Residential,1406.35,92.48,9183.29,03/19/2024,0,1,61,58,0.0,1,0,25,1,0,72,mumbai-city,0,1,2,7,6,Ground to Floor 1,,1531,25.0,,77.5,10.36,10.36,40036251.66,High-Rise,IN-MH-MUM-P51900005185-18957
21.7,7.0,Mumbai City,P51900006367,RUSTOMJEE CROWN -PHASE II,Realgem Buildtech Private Limited,400025,19.010223,72.831078,30-06-2020,30-12-2023,12/29/2024,Residential,8832.93,2208.12,49099.0,01/30/2024,4,14,348,98,3.0,1,10,55,1,0,623,mumbai-city,0,1,2,7,6,Ground to Floor 1,,8183,55.0,,170.5,13.01,13.01,1344432893.22,Skyscraper,IN-MH-MUM-P51900006367-19010
21.7,7.0,Mumbai City,P51900010903,Sanghvi S3 Paradise - Phase 1,Sanghvi Premises Pvt Ltd,400027,18.9793266,72.8382547,31-03-2017,30-12-2021,0,Residential,9490.0,0.0,12184.16,11-10-2021,2,0,282,266,0.0,17,0,74,0,0,0,mumbai-city,0,0,1,7,7,Ground Only,,1741,74.0,,229.4,11.47,11.47,358445803.04,Skyscraper,IN-MH-MUM-P51900010903-18979
21.7,7.0,Mumbai City,P51900008196,MAIMOON TOWER,PARK VIEW DEVELOPERS,400027,18.9793266,72.8382547,31-07-2018,31-12-2018,12/30/2022,Residential,3667.07,1210.13,7543.85,02-12-2024,0,3,68,5,1.0,2,2,41,2,0,2,mumbai-city,2,4,5,7,3,Ground to Floor 4,,2515,41.0,,127.1,11.47,11.47,85757860.66,Skyscraper,IN-MH-MUM-P51900008196-18979
21.7,7.0,Mumbai City,P51900009967,SHAAD RESIDENCY,SHADAB ISLAM QURESHI,400027,18.9793266,72.8382547,31-12-2018,31-12-2019,0,Residential,482.14,0.0,2375.88,06-07-2021,1,3,42,8,1.0,1,2,23,0,0,0,mumbai-city,2,2,3,7,5,Ground to Floor 2,,475,23.0,,71.3,11.47,11.47,3551071.03,High-Rise,IN-MH-MUM-P51900009967-18979
21.7,7.0,Mumbai City,P51900014065,STELLA,SANT SAGAR BUILDERS AND DEVELOPERS PRIVATE LIMITED,400027,18.9793266,72.8382547,31-03-2018,31-03-2018,03/31/2019,Residential,456.0,0.0,1869.24,06/30/2023,0,1,40,26,0.0,1,0,15,1,0,14,mumbai-city,0,1,2,7,6,Ground to Floor 1,,312,15.0,,46.5,11.47,11.47,2642357.66,High-Rise,IN-MH-MUM-P51900014065-18979
21.7,7.0,Mumbai City,P51900003595,RUPAREL VIVANZA,R R Builders,400027,18.9793266,72.8382547,30-11-2021,30-06-2025,03/31/2027,Residential,9197.43,701.11,15352.02,02/15/2023,1,18,663,0,0.0,1,11,40,1,0,688,mumbai-city,0,1,2,7,6,Ground to Floor 1,,2559,40.0,,124.0,11.47,11.47,437717300.86,Skyscraper,IN-MH-MUM-P51900003595-18979
18.6,6.0,Mumbai City,P51800002818,MONTESOUTH-6,SWAYAM REALTORS & TRADERS LLP,400011,18.9810451,72.8267579,30-06-2024,30-06-2025,0,Residential,1475.7,4500.0,0.0,02-06-2024,0,0,53,26,0.0,0,0,9,0,0,108,mumbai-city,0,0,1,6,6,Ground Only,,0,9.0,,27.9,11.55,11.55,0.0,Mid-Rise,IN-MH-MUM-P51800002818-18981
18.6,6.0,Mumbai City,P51900000138,Excalibur by Nahar,NAHAR EXCALIBUR PROJECT PRIVATE LIMITED,400011,18.9810451,72.8267579,30-06-2019,30-06-2019,12/30/2020,Residential,2503.36,201.0,11430.21,03/14/2024,0,0,238,226,3.0,3,5,66,3,5,117,mumbai-city,5,5,6,6,1,Ground to Floor 5,,11430,66.0,,204.6,11.55,11.55,88703184.57,Skyscraper,IN-MH-MUM-P51900000138-18981
18.6,6.0,Mumbai City,P51900001346,MONTESOUTH-5,SWAYAM REALTORS & TRADERS LLP,400011,18.9810451,72.8267579,31-12-2023,30-12-2024,0,Residential,1475.7,0.0,0.0,02-06-2024,0,0,113,101,0.0,0,0,15,0,0,208,mumbai-city,0,0,1,6,6,Ground Only,,0,15.0,,46.5,11.55,11.55,0.0,High-Rise,IN-MH-MUM-P51900001346-18981
18.6,6.0,Mumbai City,P51900008919,KSA PRIDE,KSA AND ASSOCIATES,400011,18.9810451,72.8267579,31-12-2018,31-12-2018,06/30/2023,Residential,835.29,0.0,3512.11,05-10-2023,1,0,28,10,0.0,1,4,20,0,0,34,mumbai-city,4,4,5,6,2,Ground to Floor 4,,1756,20.0,,62.0,11.55,11.55,9094254.12,High-Rise,IN-MH-MUM-P51900008919-18981
18.6,6.0,Mumbai City,P51900011198,Fortune Vue A & B Wing,ALF DEVELOPERS,400011,18.9810451,72.8267579,31-12-2020,30-12-2021,12/31/2024,Others,1218.23,0.0,6360.37,10/26/2023,0,0,186,155,2.0,2,4,42,0,0,0,mumbai-city,4,4,5,6,2,Ground to Floor 4,,3180,42.0,,130.2,11.55,11.55,24020019.99,Skyscraper,IN-MH-MUM-P51900011198-18981
18.6,6.0,Mumbai City,P51900010150,Fortune Vue C Wing,ALF DEVELOPERS,400011,18.9810451,72.8267579,31-08-2019,31-08-2019,12/31/2024,Others,353.68,0.0,830.75,11-07-2023,0,1,34,31,0.0,1,0,8,0,0,0,mumbai-city,0,0,1,6,6,Ground Only,,138,8.0,,24.8,11.55,11.55,910840.95,Mid-Rise,IN-MH-MUM-P51900010150-18981
18.6,6.0,Mumbai City,P51900009229,AZHAAN RESIDENCY,BLUE PEARL DEVELOPERS,400011,18.9810451,72.8267579,31-08-2018,30-09-2020,03/30/2022,Residential,358.57,0.0,1512.47,02/22/2023,1,0,43,43,1.0,1,0,24,1,0,12,mumbai-city,0,1,2,6,5,Ground to Floor 1,,302,24.0,,74.4,11.55,11.55,1681211.74,High-Rise,IN-MH-MUM-P51900009229-18981
18.6,6.0,Mumbai City,P51800001585,MONTESOUTH-4,SWAYAM REALTORS & TRADERS LLP,400008,18.9810451,72.8267579,30-06-2023,30-06-2024,0,Residential,1475.7,0.0,11030.52,03/18/2024,0,0,168,122,4.0,1,7,22,1,50,336,mumbai-city,0,1,2,6,5,Ground to Floor 1,,2206,22.0,,68.2,11.55,11.55,50460988.93,High-Rise,IN-MH-MUM-P51800001585-18981
18.6,6.0,Mumbai City,P51900005346,QUETTAWALLA RESIDENCY,DARVESH PROPERTIES PRIVATE LIMITED,400011,18.9810451,72.8267579,15-01-2020,30-06-2021,12/31/2023,Others,739.98,0.0,2944.02,02/20/2023,0,1,10,10,0.0,1,0,16,1,0,40,mumbai-city,0,1,2,6,5,Ground to Floor 1,,589,16.0,,49.6,11.55,11.55,6753399.35,High-Rise,IN-MH-MUM-P51900005346-18981
18.6,6.0,Mumbai City,P51900008778,DEEPLAXMI CO.OP HOUSING SOCIETY,HARE KRISHNA BUILDER,400011,18.9810451,72.8267579,31-12-2021,30-12-2022,0,Residential,3179.8,0.0,11796.82,07/31/2017,1,4,202,65,0.0,1,0,17,0,0,0,mumbai-city,0,0,1,6,6,Ground Only,,1966,17.0,,52.7,11.55,11.55,116285737.53,High-Rise,IN-MH-MUM-P51900008778-18981
18.6,6.0,Mumbai City,P51900007987,IBRAHIM RESIDENCY,Y H ASSOICATES,400011,18.9810451,72.8267579,31-07-2023,31-07-2024,0,Others,765.89,0.0,3309.4,05/15/2023,0,0,115,42,0.0,3,12,61,0,0,72,mumbai-city,0,0,1,6,6,Ground Only,,552,61.0,,189.1,11.55,11.55,7857372.73,Skyscraper,IN-MH-MUM-P51900007987-18981
18.6,6.0,Mumbai City,P51800001779,MONTESOUTH-2,SWAYAM REALTORS & TRADERS LLP,400011,18.9810451,72.8267579,31-12-2021,30-12-2022,12/29/2023,Residential,1475.7,0.0,15661.87,02/15/2024,0,0,113,84,0.0,0,0,15,0,0,208,mumbai-city,0,0,1,6,6,Ground Only,,2610,15.0,,46.5,11.55,11.55,71647886.83,High-Rise,IN-MH-MUM-P51800001779-18981
18.6,6.0,Mumbai City,P51900011730,SAPPHIRE,shri navkar developers,400011,18.9810451,72.8267579,31-12-2021,30-12-2022,12/30/2023,Residential,919.81,0.0,3153.0,06/28/2023,0,0,49,18,0.0,1,0,21,0,0,60,mumbai-city,0,0,1,6,6,Ground Only,,526,21.0,,65.1,11.55,11.55,8990498.88,High-Rise,IN-MH-MUM-P51900011730-18981
18.6,6.0,Mumbai City,P51800001681,MONTESOUTH-3,SWAYAM REALTORS & TRADERS LLP,400011,18.9810451,72.8267579,30-06-2022,30-06-2023,06/29/2024,Residential,1475.7,0.0,7800.0,11-07-2023,0,0,53,43,0.0,0,0,9,0,0,104,mumbai-city,0,0,1,6,6,Ground Only,,1300,9.0,,27.9,11.55,11.55,35682426.0,Mid-Rise,IN-MH-MUM-P51800001681-18981
18.6,6.0,Mumbai City,P51900008014,BUILDING 2 - PHASE OF PROJECT NAMED VIVAREA CONSTRUCTED ON PORTION OF THE PROJECT LAND,GENEXT HARDWARE & PARKS PRIVATE LIMITED,400011,18.9810451,72.8267579,30-06-2018,30-06-2019,0,Residential,60064.83,14851.2,31935.02,03-11-2024,2,0,110,95,2.0,1,1,46,2,0,327,mumbai-city,1,3,4,6,3,Ground to Floor 3,,10645,46.0,,142.6,11.55,11.55,5946331796.77,Skyscraper,IN-MH-MUM-P51900008014-18981
18.6,6.0,Mumbai City,P51900012023,FORTUNE GRAND,Jamaica Capital Investment & Finance Private Limited,400011,18.9810451,72.8267579,31-12-2021,30-12-2022,12/30/2023,Residential,909.71,0.0,0.0,12-11-2023,0,0,19,3,0.0,1,0,20,0,0,42,mumbai-city,0,0,1,6,6,Ground Only,,0,20.0,,62.0,11.55,11.55,0.0,High-Rise,IN-MH-MUM-P51900012023-18981
31.0,10.0,Mumbai City,P51900051903,Sea Krest,Sugee Developers Pvt. Ltd.,400030,19.00957076,72.81939832,31-12-2027,31-12-2027,0,Residential,3201.0,0.0,6866.61,02-03-2024,0,0,15,5,4.0,1,9,13,1,0,195,mumbai-city,0,1,2,10,9,Ground to Floor 1,Floor 8,763,13.0,,40.3,12.98,12.98,68138057.69,High-Rise,IN-MH-MUM-P51900051903-19009
21.7,7.0,Mumbai City,P51900033948,Shanti Tower,Shanti Prakash Realty & Infrastructure LLP,400025,19.01317935,72.8316426,29-04-2030,29-04-2030,0,Residential,1020.58,102.95,4979.8,12/21/2023,3,0,63,7,1.0,1,0,20,1,1,1,mumbai-city,0,1,2,7,6,Ground to Floor 1,,830,20.0,,62.0,13.16,13.16,15755081.28,High-Rise,IN-MH-MUM-P51900033948-19013
6.2,7.0,Mumbai City,P51900009619,KRYPTON TERRACES,KRYPTON CONSTRUCTION & DEVELOPERS,400025,19.011794,72.831505,,31-01-2020,01/30/2023,Residential,1991.65,0.0,2870.92,12/28/2021,0,0,24,24,0.0,2,5,42,2,3,59,mumbai-city,5,7,8,8,1,Ground to Floor 7,,24,2.0,,6.2,13.09,13.09,17725390.24,Low-Rise,IN-MH-MUM-P51900009619-19011
21.7,7.0,Mumbai City,P51900034579,KALAYA TOWER,Akruti Developers and Builders,400028,19.01443841,72.83298103,15-01-2025,15-01-2025,0,Others,557.7,0.0,3688.83,03/14/2024,0,0,64,0,1.0,1,2,20,0,0,32,mumbai-city,2,2,3,7,5,Ground to Floor 2,,738,20.0,,62.0,13.22,13.22,6377507.52,High-Rise,IN-MH-MUM-P51900034579-19014
31.0,10.0,Mumbai City,P51900010851,NEHA GALAXY,SHISHIR MANGEH SHIVAPURKAR,400028,19.013303,72.831232,30-05-2019,26-05-2021,11/25/2022,Residential,574.92,574.92,3378.51,06-12-2023,0,1,28,6,0.0,1,0,23,0,0,0,mumbai-city,0,0,1,10,10,Ground Only,Floor 7,338,23.0,,71.3,13.17,13.17,6021356.2,High-Rise,IN-MH-MUM-P51900010851-19013
21.7,7.0,Mumbai City,P51900003268,RUSTOMJEE CROWN - PHASE I,Realgem Buildtech Private Limited,400025,19.010353,72.831065,30-06-2020,30-12-2022,12/30/2024,Residential,14458.58,3614.46,76658.0,03-12-2024,14,56,372,289,6.0,2,20,114,2,0,929,mumbai-city,0,2,3,7,5,Ground to Floor 2,,15332,114.0,,353.4,13.02,13.02,3435934059.48,Skyscraper,IN-MH-MUM-P51900003268-19010
21.7,7.0,Mumbai City,P51900007311,NDW THE CREST,ANMOL LAND DEVELOPERS,400008,19.014498,72.835164,31-12-2021,30-12-2022,12/30/2023,Residential,1269.24,125.19,4984.95,03-06-2024,2,0,51,49,0.0,1,0,20,1,0,62,mumbai-city,0,1,2,7,6,Ground to Floor 1,,831,20.0,,62.0,13.22,13.22,19614003.61,High-Rise,IN-MH-MUM-P51900007311-19014
21.7,7.0,Mumbai City,P51900008800,KENIWADI ANNAPURNA,Venus Housing Enterprise,400028,19.018304,72.832235,31-12-2017,31-12-2018,06/30/2024,Residential,561.04,0.0,751.25,01-09-2023,1,0,17,8,0.0,1,0,8,1,0,3,mumbai-city,0,1,2,7,6,Ground to Floor 1,,125,8.0,,24.8,13.42,13.42,1306592.03,Mid-Rise,IN-MH-MUM-P51900008800-19018
21.7,7.0,Mumbai City,P51900003689,TRANQUIL BAY,SURAJ ESTATE DEVELOPERS LTD,400028,19.019853,72.83167,30-06-2012,31-12-2018,12/31/2019,Residential,795.9,0.0,2425.32,07/26/2023,1,1,23,22,0.0,1,1,21,1,1,1,mumbai-city,1,2,3,7,5,Ground to Floor 2,,485,21.0,,65.1,13.49,13.49,5983967.78,High-Rise,IN-MH-MUM-P51900003689-19019
21.7,7.0,Mumbai City,P51900006333,VIPIN RESIDENCY,ANMOL LAND DEVELOPERS,400028,19.01472,72.834544,31-12-2021,30-12-2022,12/30/2023,Residential,1347.0,107.76,4420.96,03-05-2024,0,0,29,18,0.0,1,0,21,1,1,68,mumbai-city,0,1,2,7,6,Ground to Floor 1,,737,21.0,,65.1,13.24,13.24,18460602.67,High-Rise,IN-MH-MUM-P51900006333-19014
21.7,7.0,Mumbai Suburban,P51800004265,THE ROYAL TUSK,SOHAM MAHAVIR DEVELOPERS,400063,19.014438,72.835576,31-12-2022,30-12-2024,0,Others,1337.8,107.19,5306.85,06-05-2021,9,0,92,89,0.0,1,3,17,1,0,64,mumbai-suburban,3,4,5,7,3,Ground to Floor 4,,1769,17.0,,52.7,13.22,13.22,22008462.18,High-Rise,IN-MH-MUM-P51800004265-19014
21.7,7.0,Mumbai City,P51900011418,25 South Tower A 11th to 47th Floor,Twenty Five South Realty Limited,400025,19.018762,72.830179,31-12-2020,30-12-2026,0,Residential,1102.0,4390.46,27975.0,01-10-2024,0,3,113,109,0.0,0,0,40,1,0,300,mumbai-city,0,1,2,7,6,Ground to Floor 1,,4662,40.0,,124.0,13.44,13.44,95568195.0,Skyscraper,IN-MH-MUM-P51900011418-19018
21.7,7.0,Mumbai City,P51900010078,LOUISANDRA,SURAJ ESTATE DEVELOPERS LTD,400028,19.020108,72.831845,31-12-2018,30-06-2022,06/30/2024,Others,2782.63,0.0,525.98,01-09-2024,0,0,72,72,0.0,1,0,23,0,0,38,mumbai-city,0,0,1,7,7,Ground Only,,75,23.0,,71.3,13.51,13.51,4537183.95,High-Rise,IN-MH-MUM-P51900010078-19020
62.0,20.0,Mumbai City,P51900009748,KALPAVRUKSHA TOWER,kalpavruksha,400025,19.018895,72.830486,30-06-2020,30-03-2021,0,Others,11889.74,11889.74,15813.35,05/28/2018,0,3,42,34,1.0,1,3,47,1,0,230,mumbai-city,3,4,5,20,16,Ground to Floor 4,"Floor 11, Floor 18",988,47.0,,145.7,13.44,13.44,582851522.09,Skyscraper,IN-MH-MUM-P51900009748-19018
21.7,7.0,Mumbai City,P51900010347,Jayant Sapphire,Jayant Homes Private Limited,400025,19.012901,72.831364,31-12-2017,31-03-2018,0,Mixed (Plots & Buildings),724.92,0.0,2780.14,06-01-2019,1,0,20,19,0.0,1,5,18,1,0,0,mumbai-city,5,6,7,7,1,Ground to Floor 6,,2780,18.0,,55.8,13.15,13.15,6247675.18,High-Rise,IN-MH-MUM-P51900010347-19012
21.7,7.0,Mumbai City,P51900009861,SHREE CHAMUNDA HEIGHTS,SHREE CHAMUNDA REALTORS,400028,19.01824,72.839165,31-12-2018,31-12-2019,0,Residential,562.71,0.0,2229.86,12-07-2022,0,0,19,18,0.0,1,0,20,1,0,26,mumbai-city,0,1,2,7,6,Ground to Floor 1,,372,20.0,,62.0,13.41,13.41,3889770.01,High-Rise,IN-MH-MUM-P51900009861-19018
21.7,7.0,Mumbai Suburban,P51800011423,NIVAN,M/S. PARADIGM REAL ESTATES LLP,400050,19.06955,72.837074,31-10-2018,31-10-2018,10/31/2019,Others,1556.4,0.0,4419.0,05-11-2022,0,0,46,28,2.0,1,0,16,0,0,86,mumbai-suburban,0,0,1,7,7,Ground Only,,631,16.0,,49.6,15.98,15.98,21320967.96,High-Rise,IN-MH-MUM-P51800011423-19069
21.7,7.0,Mumbai Suburban,P51800003297,PLLATINUM AURA,G.S. DEVELOPERS,400052,19.071796,72.838481,31-12-2017,31-03-2018,0,Residential,472.4,0.0,1274.73,06-08-2018,0,0,14,2,1.0,1,0,8,1,2,1,mumbai-suburban,0,1,2,7,6,Ground to Floor 1,,212,8.0,,24.8,16.09,16.09,1866765.6,Mid-Rise,IN-MH-MUM-P51800003297-19071
21.7,7.0,Mumbai Suburban,P51800013101,Whista 1st Street,Narang & Mahaveer Developers LLP,400052,19.065696,72.83816,30-12-2023,30-12-2023,0,Others,472.4,0.0,597.31,08/21/2023,2,0,15,8,1.0,1,0,5,0,5,14,mumbai-suburban,0,0,1,7,7,Ground Only,,85,5.0,,15.5,15.78,15.78,874724.66,Mid-Rise,IN-MH-MUM-P51800013101-19065
21.7,7.0,Mumbai Suburban,P51800013227,SAMYAKTH BLISS BUILDING 2,Samyakth Realties,400050,19.067281,72.837993,30-05-2017,31-12-2017,0,Others,786.0,0.0,2125.63,08-04-2021,0,0,9,4,0.0,1,0,14,1,0,0,mumbai-suburban,0,1,2,7,6,Ground to Floor 1,,354,14.0,,43.4,15.86,15.86,5179310.06,High-Rise,IN-MH-MUM-P51800013227-19067
21.7,7.0,Mumbai Suburban,P51800005492,MOHINI CASTLE,MOHINI SHELTORS PRIVATE LIMITED,400052,19.066482,72.838536,31-12-2020,30-06-2021,06/30/2023,Residential,1459.0,0.0,3239.47,07/13/2023,3,0,58,35,0.0,1,0,16,1,31,1,mumbai-suburban,0,1,2,7,6,Ground to Floor 1,,540,16.0,,49.6,15.82,15.82,14651798.86,High-Rise,IN-MH-MUM-P51800005492-19066
21.7,7.0,Mumbai Suburban,P51800054144,Sai Jyoti,Shambhavi Enterprises,400052,19.07007,72.83683,31-12-2026,31-12-2026,0,Residential,603.7,0.0,1629.66,01/29/2024,0,0,17,0,0.0,1,0,9,1,0,30,mumbai-suburban,0,1,2,7,6,Ground to Floor 1,,272,9.0,,27.9,16.0,16.0,3049859.8,Mid-Rise,IN-MH-MUM-P51800054144-19070
21.7,7.0,Mumbai Suburban,P51800003392,White House,Omega Enterprises,400050,19.06654173,72.83913967,,30-12-2024,0,Residential,727.4,0.0,1276.0,03/15/2024,0,0,0,0,0.0,1,0,15,1,1,24,mumbai-suburban,0,1,2,7,6,Ground to Floor 1,,0,7.0,,21.7,15.83,15.83,2877303.44,Mid-Rise,IN-MH-MUM-P51800003392-19066
6.2,2.0,Mumbai Suburban,P51800025925,SOSAR SOLITAIRE,SOSAR ENTERPRISES,400052,19.06609726,72.83777828,30-06-2024,30-06-2024,0,Others,627.1,0.0,0.0,03-07-2024,4,0,28,19,0.0,1,0,10,0,0,0,mumbai-suburban,0,0,1,2,2,Ground Only,,0,10.0,,31.0,15.8,15.8,0.0,High-Rise,IN-MH-MUM-P51800025925-19066
21.7,7.0,Mumbai Suburban,P51800006731,MOHINI TOWER,MOHINI SHELTORS PRIVATE LIMITED,400052,19.066838,72.838244,31-12-2019,31-12-2019,0,Residential,836.1,0.0,1723.78,07/13/2023,1,1,35,33,1.0,1,2,15,1,5,1,mumbai-suburban,2,3,4,7,4,Ground to Floor 3,,431,15.0,,46.5,15.84,15.84,4467882.62,High-Rise,IN-MH-MUM-P51800006731-19066
21.7,7.0,Mumbai City,P51900027628,STERLING LUXURIA,MOHAMED TALHA ABUBAKAR MOMIN,400012,19.00044,72.839064,30-06-2027,30-06-2027,0,Mixed (Plots & Buildings),564.39,0.0,1757.0,02/15/2021,0,0,54,0,2.0,1,5,21,0,0,38,mumbai-city,5,5,6,7,2,Ground to Floor 5,,878,21.0,,65.1,12.52,12.52,3074063.01,High-Rise,IN-MH-MUM-P51900027628-19000
21.7,7.0,Mumbai City,P51900004994,SAMPADA HEIGHTS,SAMPADA REALTORS,400012,18.9995407,72.8397089,31-03-2017,31-12-2018,10/30/2020,Mixed (Plots & Buildings),722.32,0.0,2816.94,09/17/2019,0,9,26,23,0.0,1,0,23,0,0,0,mumbai-city,0,0,1,7,7,Ground Only,,402,23.0,,71.3,12.48,12.48,6307669.51,High-Rise,IN-MH-MUM-P51900004994-18999
21.7,7.0,Mumbai City,P51900007653,Jyot Residency,SAMCON BUILDERS,400012,18.9995407,72.8397089,31-12-2019,31-12-2019,06/30/2024,Residential,690.63,0.0,1890.47,01-06-2024,0,0,37,37,0.0,1,0,8,1,0,25,mumbai-city,0,1,2,7,6,Ground to Floor 1,,315,8.0,,24.8,12.48,12.48,4047407.42,Mid-Rise,IN-MH-MUM-P51900007653-18999
21.7,7.0,Mumbai City,P51900005855,Tejaswini Heights,Tejaswini Homes Pvt.Ltd,400012,18.9995407,72.8397089,31-12-2020,30-12-2021,0,Residential,341.14,0.0,1023.42,07/31/2017,0,1,32,24,0.0,1,0,12,1,0,10,mumbai-city,0,1,2,7,6,Ground to Floor 1,,171,12.0,,37.2,12.48,12.48,1082301.45,High-Rise,IN-MH-MUM-P51900005855-18999
21.7,7.0,Mumbai City,P51900006654,Samta Parel,Newlook Constructions Pvt. Ltd,400012,18.9995407,72.8397089,,,0,Others,5677.54,888.31,751.22,03-10-2021,0,0,30,0,0.0,1,0,15,1,0,1,mumbai-city,0,1,2,7,6,Ground to Floor 1,,5,7.0,,21.7,12.48,12.48,13221752.96,Mid-Rise,IN-MH-MUM-P51900006654-18999
21.7,7.0,Mumbai City,P51900006456,Esparenza,Tejukaya Realty,400012,18.9995407,72.8397089,31-12-2019,30-09-2023,07/31/2024,Others,1085.29,0.0,7871.36,10/14/2023,5,0,45,32,0.0,1,3,22,0,0,0,mumbai-city,3,3,4,7,4,Ground to Floor 3,,1968,22.0,,68.2,12.48,12.48,26482395.71,High-Rise,IN-MH-MUM-P51900006456-18999
21.7,7.0,Mumbai City,P51900004392,OM SHIV SHANKAR CHS,GOVIND MARUTIRAO KAKDE,400012,18.9995407,72.8397089,,,02-05-2021,Others,1574.03,0.0,6015.69,01-08-2019,0,17,47,27,2.0,1,4,11,0,0,0,mumbai-city,4,4,5,7,3,Ground to Floor 4,,16,7.0,,21.7,12.48,12.48,29353517.25,Mid-Rise,IN-MH-MUM-P51900004392-18999
21.7,7.0,Mumbai City,P51900008828,MARUTI PALATIAL,GRS SHELTERS PRIVATE LIMITED,400012,18.9995407,72.8397089,31-12-2020,30-12-2023,06/30/2024,Residential,1779.0,0.0,5950.6,02/23/2024,5,1,11,11,0.0,2,6,49,0,0,0,mumbai-city,6,6,7,7,1,Ground to Floor 6,,5951,49.0,,151.9,12.48,12.48,32816963.94,Skyscraper,IN-MH-MUM-P51900008828-18999
21.7,7.0,Mumbai City,P51900007964,Mittal Aristo,Aditdev Builders LLP,400012,18.9995407,72.8397089,31-03-2016,31-12-2017,0,Residential,516.72,0.0,20556.98,03/24/2021,0,0,15,13,1.0,1,0,18,1,0,22,mumbai-city,0,1,2,7,6,Ground to Floor 1,,3426,18.0,,55.8,12.48,12.48,32928828.39,High-Rise,IN-MH-MUM-P51900007964-18999
21.7,7.0,Mumbai City,P51900012295,VIVA RAM NIWAS C.H.S.,VIVA ENTERPRISES LIMITED,400012,18.9995407,72.8397089,,,01/31/2021,Residential,355.35,0.0,1203.76,02-01-2021,0,0,34,27,0.0,1,0,12,1,0,1,mumbai-city,0,1,2,7,6,Ground to Floor 1,,6,7.0,,21.7,12.48,12.48,1326043.96,Mid-Rise,IN-MH-MUM-P51900012295-18999
21.7,7.0,Mumbai City,P51900012122,ROYAL RESIDENCY C PHASE I,DEVANG HEMANTKUMAR VYAS,400012,18.9995407,72.8397089,28-08-2011,31-01-2018,08/27/2025,Residential,8111.14,1216.67,1500.83,03-06-2024,0,16,18,18,0.0,1,0,11,1,15,6,mumbai-city,0,1,2,7,6,Ground to Floor 1,,250,11.0,,34.1,12.48,12.48,37737670.96,High-Rise,IN-MH-MUM-P51900012122-18999
21.7,7.0,Mumbai City,P51900006034,VALENCIA,HEKS INFRASTRUCTURE & DEVELOPERS,400012,18.9995407,72.8397089,31-07-2018,31-07-2018,07/31/2024,Residential,463.21,0.0,2910.1,03/13/2024,0,0,32,19,0.0,1,3,18,1,0,8,mumbai-city,3,4,5,7,3,Ground to Floor 4,,970,18.0,,55.8,12.48,12.48,4178761.01,High-Rise,IN-MH-MUM-P51900006034-18999
21.7,7.0,Mumbai City,P51900011299,K RAS RESIDENCY,K RAS GROUP,400012,18.9995407,72.8397089,31-12-2024,30-09-2026,0,Residential,724.92,0.0,6596.79,03/26/2019,1,3,3,3,2.0,1,0,24,1,0,1,mumbai-city,0,1,2,7,6,Ground to Floor 1,,1099,24.0,,74.4,12.48,12.48,14824649.52,High-Rise,IN-MH-MUM-P51900011299-18999
21.7,7.0,Mumbai City,P51900005417,Shri Sai CHS,M/S. S.B.ABODES PVT.LTD.,400012,18.9995407,72.8397089,31-12-2018,31-12-2018,12/31/2019,Others,736.34,0.0,3367.47,12/27/2018,7,3,44,1,1.0,1,5,23,0,0,0,mumbai-city,5,5,6,7,2,Ground to Floor 5,,1684,23.0,,71.3,12.48,12.48,7686768.87,High-Rise,IN-MH-MUM-P51900005417-18999
21.7,7.0,Mumbai City,P51900015921,ARIHANT HERITAGE - OLD LAXMI BUILDING,ARIHANT DEVLOPERS,400012,18.9995407,72.8397089,31-07-2018,31-07-2018,09/30/2024,Residential,570.24,0.0,0.0,06-11-2023,0,1,64,52,0.0,1,0,9,12,0,12,mumbai-city,0,0,1,7,7,Ground Only,,0,9.0,,27.9,12.48,12.48,0.0,Mid-Rise,IN-MH-MUM-P51900015921-18999
21.7,7.0,Mumbai City,P51900000025,Western India Mill,MHADA,400012,18.9995407,72.8397089,15-10-2017,31-12-2017,0,Residential,2951.86,237.03,11704.8,08-10-2021,0,0,250,250,0.0,2,0,50,2,29,9,mumbai-city,0,2,3,7,5,Ground to Floor 2,,2341,50.0,,155.0,12.48,12.48,107107885.88,Skyscraper,IN-MH-MUM-P51900000025-18999
21.7,7.0,Mumbai City,P51900003058,Ruparel Jewel,Renuka Realtors,400012,18.9995407,72.8397089,31-12-2020,31-12-2022,12/30/2024,Residential,5863.62,0.0,10941.24,10-04-2023,0,6,194,31,0.0,0,6,70,1,0,309,mumbai-city,6,7,8,8,1,Ground to Floor 7,,10941,70.0,,217.0,12.48,12.48,198881348.44,Skyscraper,IN-MH-MUM-P51900003058-18999
21.7,7.0,Mumbai City,P51900008130,AJINKYATARA,Bhalchandra  Wadnerkar,400012,18.9995407,72.8397089,31-12-2017,31-12-2017,0,Residential,564.39,0.0,2124.51,08/20/2021,0,0,17,12,0.0,1,0,13,1,0,24,mumbai-city,0,1,2,7,6,Ground to Floor 1,,354,13.0,,40.3,12.48,12.48,3717061.82,High-Rise,IN-MH-MUM-P51900008130-18999
21.7,7.0,Mumbai City,P51900004420,SUMUKH,Bhalchandra  Wadnerkar,400012,18.9995407,72.8397089,28-02-2018,28-02-2018,0,Residential,299.33,0.0,1159.56,08/20/2021,0,1,13,8,0.0,1,0,8,1,0,8,mumbai-city,0,1,2,7,6,Ground to Floor 1,,193,8.0,,24.8,12.48,12.48,1075982.39,Mid-Rise,IN-MH-MUM-P51900004420-18999
21.7,7.0,Mumbai City,P51900012813,NAVNATH APARTMENT,AARTI ESTATES,400012,18.9995407,72.8397089,,,07-04-2019,Residential,216.18,0.0,587.75,10/14/2018,0,0,16,0,0.0,1,0,8,0,0,0,mumbai-city,0,0,1,7,7,Ground Only,,2,7.0,,21.7,12.48,12.48,393885.36,Mid-Rise,IN-MH-MUM-P51900012813-18999
21.7,7.0,Mumbai City,P51900006458,"Sairaj Floor 1, 2 and 22",Omkar Realtors and Developers Private Limited,400012,18.9995407,72.8397089,17-05-2016,30-12-2020,0,Others,541.3,0.0,542.35,10-03-2023,7,0,4,2,0.0,1,0,23,1,0,1,mumbai-city,0,1,2,7,6,Ground to Floor 1,,90,23.0,,71.3,12.48,12.48,910079.57,High-Rise,IN-MH-MUM-P51900006458-18999
21.7,7.0,Mumbai City,P51900012022,Sanghvi Estella,Shree Naminath Lifespace LLP,400012,18.9995407,72.8397089,31-12-2022,30-12-2023,12/31/2025,Others,1485.79,222.0,5306.87,01-01-2024,0,0,51,33,0.0,1,4,23,0,0,59,mumbai-city,4,4,5,7,3,Ground to Floor 4,,1769,23.0,,71.3,12.48,12.48,24443172.57,High-Rise,IN-MH-MUM-P51900012022-18999
21.7,7.0,Mumbai City,P51900001579,SONAS TOWER,SHREE DEVIJUGAI DEVELOPERS,400012,19.006946,72.841149,13-08-2017,31-12-2017,0,Residential,691.48,0.0,2602.02,10/23/2017,3,0,23,11,0.0,1,0,18,0,0,0,mumbai-city,0,0,1,7,7,Ground Only,,372,18.0,,55.8,12.85,12.85,5577658.85,High-Rise,IN-MH-MUM-P51900001579-19006
77.5,25.0,Mumbai City,P51900015989,DOSTI BELLEZA,CRYSTAL BUILDERS AND DEVELOPERS,400012,18.99955937,72.84598589,30-12-2021,30-12-2021,0,Residential,353.64,0.0,5055.0,01-08-2022,2,0,49,49,1.0,1,2,24,1,0,60,mumbai-city,2,3,4,25,22,Ground to Floor 3,"Floor 10, Floor 17, Floor 24",230,24.0,,74.4,12.48,12.48,5541715.62,High-Rise,IN-MH-MUM-P51900015989-18999
21.7,7.0,Mumbai City,P51900023852,AAYESHA PALACE,ZOEB ENTERPRISES,400012,19.00698396,72.83962988,30-12-2023,30-12-2023,0,Residential,769.24,0.0,5865.64,01/19/2024,0,1,54,0,0.0,1,0,22,1,0,1,mumbai-city,0,1,2,7,6,Ground to Floor 1,,978,22.0,,68.2,12.85,12.85,13987463.23,High-Rise,IN-MH-MUM-P51900023852-19006
21.7,7.0,Mumbai Suburban,P51800010171,81 AUREATE,PYRAMID DEVELOPERS,400050,19.052707,72.836187,31-12-2017,31-12-2018,12/31/2019,Residential,18142.16,1339.73,18078.44,11/16/2021,3,26,81,40,1.0,1,4,22,1,0,250,mumbai-suburban,4,5,6,7,2,Ground to Floor 5,,9039,22.0,,68.2,15.14,15.14,1016744048.19,High-Rise,IN-MH-MUM-P51800010171-19052
21.7,7.0,Mumbai City,P51900018268,Earth Vintage,Earth Vintage,400028,19.0155778,72.8397086,30-12-2022,30-12-2022,12/30/2023,Residential,607.86,0.0,4541.35,01/16/2024,0,0,37,20,1.0,1,0,20,1,0,56,mumbai-city,0,1,2,7,6,Ground to Floor 1,,757,20.0,,62.0,13.28,13.28,8557565.53,High-Rise,IN-MH-MUM-P51900018268-19015
21.7,7.0,Mumbai City,P51900003381,Kings Krest,Karwa and Kewal Kiran Realtors (AOP),400028,19.017739,72.839656,31-12-2022,30-12-2023,0,Others,4375.78,428.0,17868.92,04-05-2022,3,0,225,186,2.0,2,3,41,2,0,171,mumbai-city,3,5,6,7,2,Ground to Floor 5,,8934,41.0,,127.1,13.39,13.39,242390434.55,Skyscraper,IN-MH-MUM-P51900003381-19017
62.0,20.0,Mumbai Suburban,P51800009523,Jasoda CHSL-Aryaman Metropolis,Matra Realty and Developers Ltd,400016,19.031726,72.847311,31-07-2020,31-07-2020,07/31/2022,Residential,1189.81,0.0,4815.0,07/20/2020,0,1,77,59,0.0,1,1,22,1,0,1,mumbai-suburban,1,2,3,20,18,Ground to Floor 2,"Floor 9, Floor 16",268,22.0,,68.2,14.09,14.09,17759698.96,High-Rise,IN-MH-MUM-P51800009523-19031
21.7,7.0,Mumbai City,P51900011245,OCEANIC,SHRI OMKAR CONSTRUCTION COMPANY,400016,19.03603,72.841763,31-12-2018,31-12-2018,02-01-2022,Others,724.09,0.0,1809.35,03/15/2021,0,0,15,8,0.0,1,6,24,0,0,0,mumbai-city,6,6,7,7,1,Ground to Floor 6,,1809,24.0,,74.4,14.3,14.3,4061409.95,High-Rise,IN-MH-MUM-P51900011245-19036
21.7,7.0,Mumbai City,P51900003955,Jewel Crest,Jewel Villas & Developers LLP,400016,19.034187,72.842164,31-12-2021,30-12-2022,06/30/2024,Residential,1490.82,119.26,5863.18,03-05-2024,0,0,50,30,2.0,1,9,29,0,0,125,mumbai-city,0,0,1,7,7,Ground Only,,838,29.0,,89.9,14.21,14.21,27096932.62,High-Rise,IN-MH-MUM-P51900003955-19034
21.7,7.0,Mumbai City,P51900009306,Tridhaatu Kshitij,Tridhaatu Construction Private Limited,400016,19.03234,72.844537,31-12-2019,30-12-2023,0,Residential,3436.77,515.52,8981.0,12/15/2023,0,2,81,34,3.0,1,0,33,1,0,167,mumbai-city,0,1,2,7,6,Ground to Floor 1,,1497,33.0,,102.3,14.12,14.12,95683457.25,Skyscraper,IN-MH-MUM-P51900009306-19032
21.7,7.0,Mumbai City,P51900048609,AIRYAMAN TERRACES,Airyaman Developers LLP,400016,19.03548465,72.84317768,31-12-2024,31-12-2024,0,Residential,434.97,0.0,1329.91,01/23/2024,0,0,17,0,2.0,1,6,19,1,0,20,mumbai-city,6,7,8,8,1,Ground to Floor 7,,1330,19.0,,58.9,14.27,14.27,1793259.95,High-Rise,IN-MH-MUM-P51900048609-19035
31.0,10.0,Mumbai City,P51900015345,SHANTA DURGA,NINE DIMENSIONS HOUSING LLP,400016,19.03697,72.84135,30-12-2024,30-12-2024,0,Residential,1663.4,138.37,6609.53,08-07-2023,0,0,51,28,0.0,1,4,23,1,0,98,mumbai-city,4,5,6,10,5,Ground to Floor 5,,1322,23.0,,71.3,14.35,14.35,34082305.83,High-Rise,IN-MH-MUM-P51900015345-19036
21.7,7.0,Mumbai City,P51900049200,MAKHDOOM HEIGHTS,NAQI DEVELOPERS PRIVATE LIMITED,400016,19.0353849,72.8423036,,,0,Residential,872.91,0.0,3558.6,02/22/2024,0,0,33,13,1.0,1,0,12,1,0,1,mumbai-city,0,1,2,7,6,Ground to Floor 1,,6,7.0,,21.7,14.27,14.27,9629646.33,Mid-Rise,IN-MH-MUM-P51900049200-19035
21.7,7.0,Mumbai City,P51900004666,Crescent Bay - T6,L&T Parel Project LLP (JV with ORDPL),400012,19.004595,72.849456,31-01-2019,30-09-2019,03/29/2021,Residential,1274.45,0.0,33163.54,10/19/2022,26,8,194,117,0.0,1,7,59,0,0,443,mumbai-city,0,0,1,7,7,Ground Only,,4738,59.0,,182.9,12.73,12.73,131022348.01,Skyscraper,IN-MH-MUM-P51900004666-19004
21.7,7.0,Mumbai Suburban,P51800009064,REDEVELOPMENT OF LOITA KUNJ CHS LTD,ORRA REALTORS PRIVATE LIMITED,400052,19.071708,72.8341038,31-12-2022,30-12-2024,0,Residential,814.4,0.0,997.73,05/17/2022,0,0,31,23,1.0,1,0,16,1,9,1,mumbai-suburban,0,1,2,7,6,Ground to Floor 1,,166,16.0,,49.6,16.09,16.09,2518909.07,High-Rise,IN-MH-MUM-P51800009064-19071
21.7,7.0,Mumbai Suburban,P51800006497,JASWANT HEIGHTS,L NAGPAL DEVELOPERS,400052,19.071708,72.8341038,31-05-2018,31-12-2018,0,Residential,1015.9,0.0,2742.0,05/17/2021,0,0,12,4,0.0,1,1,13,1,22,1,mumbai-suburban,1,2,3,7,5,Ground to Floor 2,,548,13.0,,40.3,16.09,16.09,8635353.18,High-Rise,IN-MH-MUM-P51800006497-19071
21.7,7.0,Mumbai Suburban,P51800005930,16th Avenue,MNK Builders LLP,400052,19.071708,72.8341038,30-06-2018,30-06-2018,0,Residential,982.4,0.0,2456.0,02-08-2023,0,0,8,6,0.0,1,1,16,0,0,30,mumbai-suburban,1,1,2,7,6,Ground to Floor 1,,409,16.0,,49.6,16.09,16.09,7479600.64,High-Rise,IN-MH-MUM-P51800005930-19071
21.7,7.0,Mumbai Suburban,P51800005582,Highstreet,Paramvir Developers LLP,400052,19.071708,72.8341038,31-12-2020,30-12-2022,0,Commercial,606.2,0.0,2048.0,12/22/2023,1,0,42,34,2.0,1,2,15,0,0,34,mumbai-suburban,2,2,3,7,5,Ground to Floor 2,,410,15.0,,46.5,16.09,16.09,3848642.56,High-Rise,IN-MH-MUM-P51800005582-19071
21.7,7.0,Mumbai Suburban,P51800000737,FLORENCE,A P PROPERTIES,400052,19.071708,72.8341038,30-09-2018,30-09-2018,0,Residential,1011.7,0.0,2126.62,02/19/2022,0,0,26,17,1.0,1,1,16,1,1,63,mumbai-suburban,1,2,3,7,5,Ground to Floor 2,,425,16.0,,49.6,16.09,16.09,6669654.51,High-Rise,IN-MH-MUM-P51800000737-19071
21.7,7.0,Mumbai Suburban,P51800010901,GANGA JAMNA SANGAM,PARTHESH DEVELOPERS,400052,19.071708,72.8341038,31-03-2016,31-07-2019,01/30/2021,Mixed (Plots & Buildings),1076.92,0.0,2872.97,10/15/2018,3,11,31,23,1.0,1,0,13,1,14,69,mumbai-suburban,0,1,2,7,6,Ground to Floor 1,,479,13.0,,40.3,16.09,16.09,9591272.44,High-Rise,IN-MH-MUM-P51800010901-19071
21.7,7.0,Mumbai Suburban,P51800007289,ADICIO,SHREE AHUJA PROJECT PRIVATE LIMITED,400052,19.071708,72.8341038,31-03-2018,23-11-2021,0,Residential,1099.91,318.57,1809.84,01-03-2022,2,4,33,33,0.0,1,0,5,1,13,36,mumbai-suburban,0,1,2,7,6,Ground to Floor 1,,302,5.0,,15.5,16.09,16.09,6171049.45,Mid-Rise,IN-MH-MUM-P51800007289-19071
21.7,7.0,Mumbai Suburban,P51800001355,VIRAJBLISS,VIJAY RAJ ESTATES,400052,19.071708,72.8341038,31-12-2018,31-12-2018,0,Residential,590.3,0.0,1592.66,11-11-2019,0,0,21,4,0.0,1,0,12,1,0,28,mumbai-suburban,0,1,2,7,6,Ground to Floor 1,,265,12.0,,37.2,16.09,16.09,2914456.31,High-Rise,IN-MH-MUM-P51800001355-19071
21.7,7.0,Mumbai Suburban,P51800000122,KANAKIA PARIS,KANAKIA SPACES REALTY PRIVATE LIMITED,400052,19.071708,72.8341038,30-09-2018,30-09-2019,12/28/2021,Residential,7358.6,536.53,47747.28,02-10-2022,0,10,470,281,3.0,1,1,21,0,0,576,mumbai-suburban,1,1,2,7,6,Ground to Floor 1,,7958,21.0,,65.1,16.09,16.09,1089194717.28,High-Rise,IN-MH-MUM-P51800000122-19071
21.7,7.0,Mumbai Suburban,P51800006884,KHAR YAMUNA BHUVAN CO.OP.HSG. SOC. LTD.,AUM ASSOCIATES,400052,19.071708,72.8341038,30-03-2019,30-03-2019,0,Residential,579.4,0.0,1360.52,09/21/2021,0,0,17,14,0.0,1,0,10,1,0,27,mumbai-suburban,0,1,2,7,6,Ground to Floor 1,,227,10.0,,31.0,16.09,16.09,2443684.39,High-Rise,IN-MH-MUM-P51800006884-19071
21.7,7.0,Mumbai Suburban,P51800013710,UNICORE AURA,UNICORE REALTY,400052,19.071708,72.8341038,30-12-2023,30-12-2023,0,Others,668.9,0.0,881.44,05-05-2018,0,1,40,20,1.0,1,2,17,0,0,46,mumbai-suburban,2,2,3,7,5,Ground to Floor 2,,176,17.0,,52.7,16.09,16.09,1827745.17,High-Rise,IN-MH-MUM-P51800013710-19071
21.7,7.0,Mumbai Suburban,P51800001826,EKTA EROS,EKTA SHELTERS PRIVATE LIMITED,400052,19.071708,72.8341038,31-12-2019,31-12-2019,12/30/2021,Residential,907.2,0.0,1746.19,02/15/2022,0,0,25,25,0.0,1,2,14,1,1,0,mumbai-suburban,2,3,4,7,4,Ground to Floor 3,,437,14.0,,43.4,16.09,16.09,4910845.06,High-Rise,IN-MH-MUM-P51800001826-19071
21.7,7.0,Mumbai Suburban,P51800011928,REDEVELOPMENT OF NEW APSARA CHS LTD,APSARADEVELOPERS,400052,19.071708,72.8341038,30-09-2018,30-09-2018,0,Residential,689.8,0.0,1379.44,01-06-2020,0,0,19,18,0.0,1,2,12,1,1,1,mumbai-suburban,2,3,4,7,4,Ground to Floor 3,,345,12.0,,37.2,16.09,16.09,2949766.91,High-Rise,IN-MH-MUM-P51800011928-19071
21.7,7.0,Mumbai Suburban,P51800012287,Manraj Enclave,Rajan Lilaram Nathani HUF,400070,19.071708,72.8341038,30-12-2019,30-12-2019,12/29/2023,Residential,649.2,0.0,1945.77,01-02-2023,0,0,33,26,0.0,1,0,17,0,13,0,mumbai-suburban,0,0,1,7,7,Ground Only,,278,17.0,,52.7,16.09,16.09,3915901.04,High-Rise,IN-MH-MUM-P51800012287-19071
21.7,7.0,Mumbai Suburban,P51800003964,NAVRATNAMALA,ELEGANT CONSTRUCTIONS,400052,19.071708,72.8341038,27-02-2020,27-02-2020,10/30/2023,Residential,861.96,0.0,3042.0,12/14/2021,0,0,43,18,2.0,2,0,20,2,0,48,mumbai-suburban,0,2,3,7,5,Ground to Floor 2,,608,20.0,,62.0,16.09,16.09,8128455.19,High-Rise,IN-MH-MUM-P51800003964-19071
21.7,7.0,Mumbai Suburban,P51800003604,DLH ORNATE,DEV LAND & HOUSING PVT LTD,400052,19.071708,72.8341038,31-01-2017,31-12-2018,0,Residential,1096.15,0.0,2192.26,10/17/2023,0,1,12,12,1.0,1,2,16,1,0,1,mumbai-suburban,2,3,4,7,4,Ground to Floor 3,,548,16.0,,49.6,16.09,16.09,7449441.98,High-Rise,IN-MH-MUM-P51800003604-19071
21.7,7.0,Mumbai Suburban,P51800003898,La Maison,Paramvir Real Estates LLP,400052,19.071708,72.8341038,31-12-2021,30-12-2023,0,Residential,8322.4,0.0,10558.87,04/14/2021,0,1,150,22,2.0,1,3,19,0,0,0,mumbai-suburban,3,3,4,7,4,Ground to Floor 3,,2640,19.0,,58.9,16.09,16.09,272412933.03,High-Rise,IN-MH-MUM-P51800003898-19071
21.7,7.0,Mumbai Suburban,P51800008462,Westend,PARAMVIR BUILDERS LLP,400052,19.071708,72.8341038,30-06-2018,30-06-2019,0,Residential,733.3,0.0,2015.0,07-11-2023,0,0,11,11,1.0,1,3,14,10,0,10,mumbai-suburban,3,3,4,7,4,Ground to Floor 3,,504,14.0,,43.4,16.09,16.09,4580558.45,High-Rise,IN-MH-MUM-P51800008462-19071
21.7,7.0,Mumbai Suburban,P51800015512,PLATINA,G F REALITY PRIVATE LIMITED,400052,19.071708,72.8341038,31-12-2019,31-12-2019,06/30/2024,Commercial,597.5,0.0,1337.14,03-01-2021,1,1,18,0,2.0,1,1,15,1,0,1,mumbai-suburban,1,2,3,7,5,Ground to Floor 2,,267,15.0,,46.5,16.09,16.09,2476717.56,High-Rise,IN-MH-MUM-P51800015512-19071
21.7,7.0,Mumbai Suburban,P51800006835,K Mordani Celyn,K Mordani Constructions LLP,400052,19.071708,72.8341038,31-10-2019,30-04-2021,10/30/2022,Residential,986.6,0.0,3033.0,07-12-2023,0,2,22,13,1.0,1,2,20,0,0,0,mumbai-suburban,2,2,3,7,5,Ground to Floor 2,,607,20.0,,62.0,16.09,16.09,9276309.18,High-Rise,IN-MH-MUM-P51800006835-19071
21.7,7.0,Mumbai Suburban,P51800010991,ANAND,SUNNYSIDE DEVELOPERS,400052,19.071708,72.8341038,31-03-2018,31-03-2018,0,Residential,1745.0,216.94,3393.58,02/16/2021,0,0,17,13,0.0,0,5,10,1,0,47,mumbai-suburban,5,6,7,7,1,Ground to Floor 6,,3394,10.0,,31.0,16.09,16.09,18357571.01,High-Rise,IN-MH-MUM-P51800010991-19071
21.7,7.0,Mumbai Suburban,P51800000806,DISHA CO-OP HOUSING SOCIETY LTD,PRITESH  SANGHVI,400052,19.071708,72.8341038,31-12-2018,31-12-2018,0,Residential,347.0,347.0,932.49,03-09-2021,0,0,16,9,0.0,1,0,8,4,5,0,mumbai-suburban,0,0,1,7,7,Ground Only,,133,8.0,,24.8,16.09,16.09,1003079.49,Mid-Rise,IN-MH-MUM-P51800000806-19071
21.7,7.0,Mumbai Suburban,P51800006434,AARYA,RAJA BUILDERS,400052,19.071708,72.8341038,31-12-2020,30-12-2021,0,Residential,597.0,0.0,1602.78,06-06-2023,0,0,19,16,2.0,1,0,12,1,4,44,mumbai-suburban,0,1,2,7,6,Ground to Floor 1,,267,12.0,,37.2,16.09,16.09,2966264.95,High-Rise,IN-MH-MUM-P51800006434-19071
21.7,7.0,Mumbai Suburban,P51800009863,N SQUARE,parthesh developers private limited,400052,19.071708,72.8341038,31-12-2019,31-12-2019,12/30/2022,Commercial,635.5,0.0,1265.28,04/18/2023,0,1,41,41,1.0,1,2,15,1,0,1,mumbai-suburban,2,3,4,7,4,Ground to Floor 3,,316,15.0,,46.5,16.09,16.09,2492664.86,High-Rise,IN-MH-MUM-P51800009863-19071
21.7,7.0,Mumbai Suburban,P51800000892,SPENTA,SVK PROJECTS LLP,400052,19.071708,72.8341038,30-09-2017,31-12-2017,0,Others,685.5,0.0,1834.35,11-11-2019,0,0,34,21,0.0,1,0,7,1,8,1,mumbai-suburban,0,1,2,7,6,Ground to Floor 1,,306,7.0,,21.7,16.09,16.09,3898085.47,Mid-Rise,IN-MH-MUM-P51800000892-19071
21.7,7.0,Mumbai Suburban,P51800007893,HICONS CORPORATE LOUNGE,TEJAL MINERALS AND GRINDERS PVT LTD,400052,19.071708,72.8341038,30-12-2020,30-12-2021,12/30/2022,Commercial,714.0,714.0,1426.54,01/31/2018,0,0,21,17,1.0,1,1,15,1,0,28,mumbai-suburban,1,2,3,7,5,Ground to Floor 2,,285,15.0,,46.5,16.09,16.09,3157503.64,High-Rise,IN-MH-MUM-P51800007893-19071
21.7,7.0,Mumbai Suburban,P51800011323,K L REGALIA,K L HOUSING LLP,400052,19.070687,72.834211,31-03-2018,31-03-2018,09/30/2020,Commercial,623.7,0.0,1295.0,11-02-2021,0,0,15,9,3.0,1,0,7,0,0,0,mumbai-suburban,0,0,1,7,7,Ground Only,,185,7.0,,21.7,16.03,16.03,2503843.65,Mid-Rise,IN-MH-MUM-P51800011323-19070
21.7,7.0,Mumbai Suburban,P51800007774,GYAN GHAR,PANKAJ  CHAWLA,400071,19.070724,72.832692,31-03-2017,31-12-2017,0,Residential,753.5,0.0,1943.37,10-12-2018,3,4,25,25,0.0,1,0,14,1,15,1,mumbai-suburban,0,1,2,7,6,Ground to Floor 1,,324,14.0,,43.4,16.04,16.04,4539420.81,High-Rise,IN-MH-MUM-P51800007774-19070
18.6,6.0,Mumbai Suburban,P51800008154,Apollo Heights,JASANI REALTY PVT.LTD,400052,19.070671,72.832693,31-07-2017,31-07-2022,12/31/2024,Residential,795.0,119.0,2354.38,02-09-2024,1,0,15,1,0.0,1,2,17,1,4,35,mumbai-suburban,2,3,4,6,3,Ground to Floor 3,,785,17.0,,52.7,16.03,16.03,5802369.51,High-Rise,IN-MH-MUM-P51800008154-19070
21.7,7.0,Mumbai Suburban,P51800008739,VELKAR RESIDENCY,K L HOUSING LLP,400052,19.070538,72.834218,31-03-2018,31-03-2018,03/31/2019,Residential,502.5,0.0,1138.77,11-02-2021,0,0,13,12,3.0,1,0,8,0,0,0,mumbai-suburban,0,0,1,7,7,Ground Only,,163,8.0,,24.8,16.03,16.03,1773918.97,Mid-Rise,IN-MH-MUM-P51800008739-19070
21.7,7.0,Mumbai Suburban,P51800015592,NARAYAN DHAN,RAAJU NARAINDAS AMARNAANI,400052,19.0698,72.832362,30-12-2022,30-12-2022,0,Residential,1207.7,0.0,2522.16,12-10-2019,0,0,25,0,2.0,1,0,16,0,21,0,mumbai-suburban,0,0,1,7,7,Ground Only,,360,16.0,,49.6,15.99,15.99,9442639.16,High-Rise,IN-MH-MUM-P51800015592-19069
21.7,7.0,Mumbai Suburban,P51800031040,SHEEL APARTMENTS BY MAYFAIR,MAYFAIR HOUSING PRIVATE LIMITED,400050,19.06833861,72.83081633,31-12-2024,31-12-2024,0,Residential,1879.9,281.98,6090.48,08-03-2023,0,0,20,10,0.0,1,4,19,1,0,1,mumbai-suburban,4,5,6,7,2,Ground to Floor 5,,3045,19.0,,58.9,15.92,15.92,35493429.39,High-Rise,IN-MH-MUM-P51800031040-19068
9.3,3.0,Mumbai Suburban,P51800033063,LALANIBUSINESSPARK,LALANI CONSTRUCTIONS PRIVATE LIMITED,400052,19.06825,72.83195,31-03-2024,31-03-2024,0,Commercial,498.0,0.0,2578.5,03-02-2024,0,0,34,0,2.0,1,0,19,0,0,0,mumbai-suburban,0,0,1,3,3,Ground Only,,860,19.0,,58.9,15.91,15.91,3980688.3,High-Rise,IN-MH-MUM-P51800033063-19068
21.7,7.0,Mumbai Suburban,P51800002236,Ventura at ONE4,Sun Star Spaces Pvt. Ltd.,400052,19.069398,72.832829,15-01-2017,31-03-2018,0,Residential,503.3,0.0,1351.27,01-08-2019,1,0,15,10,0.0,1,0,7,1,0,24,mumbai-suburban,0,1,2,7,6,Ground to Floor 1,,225,7.0,,21.7,15.97,15.97,2108291.99,Mid-Rise,IN-MH-MUM-P51800002236-19069
9.3,3.0,Mumbai Suburban,P51800018888,IZARRA,ORNO INFRAPROJECTS PVT LTD,400052,19.06719314,72.83256948,30-12-2022,30-12-2022,04/30/2024,Residential,831.9,0.0,2233.95,03-06-2024,0,0,27,19,2.0,1,1,14,1,0,28,mumbai-suburban,1,2,3,3,1,Ground to Floor 2,,2234,14.0,,43.4,15.86,15.86,5761111.32,High-Rise,IN-MH-MUM-P51800018888-19067
21.7,7.0,Mumbai Suburban,P51800005809,Kakad Classic,NIRAJ KAKAD DEVELOPERS LLP,400050,19.067481,72.830624,18-02-2017,30-07-2019,01/29/2021,Residential,393.0,0.0,1059.58,10/20/2021,1,2,11,11,0.0,1,0,13,1,2,14,mumbai-suburban,0,1,2,7,6,Ground to Floor 1,,177,13.0,,40.3,15.87,15.87,1290886.31,High-Rise,IN-MH-MUM-P51800005809-19067
21.7,7.0,Mumbai Suburban,P51800033235,N N TOWER,L NAGPAL BUILDERS,400052,19.06645491,72.83500112,31-10-2023,31-10-2023,09/16/2024,Others,480.8,0.0,1428.0,02-07-2024,0,0,8,2,0.0,1,0,10,1,1,27,mumbai-suburban,0,1,2,7,6,Ground to Floor 1,,238,10.0,,31.0,15.82,15.82,2128405.44,High-Rise,IN-MH-MUM-P51800033235-19066
21.7,7.0,Mumbai City,P51900012308,Kohinoor Square Phase 2,Kohinoor CTNL Infrastructure Company Private Limited,400028,19.025134,72.841456,31-12-2016,30-12-2023,0,Residential,8141.5,2442.03,19097.83,02/27/2024,7,0,121,109,3.0,0,1,22,14,0,1243,mumbai-city,1,1,2,7,6,Ground to Floor 1,,3183,22.0,,68.2,13.76,13.76,482003447.13,High-Rise,IN-MH-MUM-P51900012308-19025
148.8,48.0,Mumbai City,P51900004769,Kohinoor Square Phase 1,Kohinoor CTNL Infrastructure Company Private Limited,400028,19.02511,72.841476,31-12-2014,30-12-2022,09-10-2023,Commercial,11717.54,2535.66,58483.04,02/15/2024,7,1,208,194,6.0,0,0,58,0,0,588,mumbai-city,0,0,1,48,48,Ground Only,"Floor 7, Floor 14, Floor 21, Floor 28, Floor 35, Floor 42",1218,58.0,,179.8,13.76,13.76,2124359817.62,Skyscraper,IN-MH-MUM-P51900004769-19025
9.3,3.0,Mumbai City,P51900000834,Govind Sadan,Sugee Developers Pvt Ltd,400028,19.02395473,72.83869562,30-12-2020,30-12-2020,0,Residential,429.77,0.0,1486.0,10-01-2022,0,0,6,6,0.0,1,0,18,1,0,36,mumbai-city,0,1,2,3,2,Ground to Floor 1,,743,18.0,,55.8,13.7,13.7,1979778.48,High-Rise,IN-MH-MUM-P51900000834-19023
18.6,6.0,Mumbai City,P51900011052,HILAND HUB,NADEEM ABDUL LAKDAWALA,400050,19.065392,72.836201,27-07-2022,27-07-2023,0,Others,133.3,0.0,359.91,07/31/2017,4,0,16,0,1.0,1,0,5,0,0,0,mumbai-city,0,0,1,6,6,Ground Only,,60,5.0,,15.5,15.77,15.77,148725.61,Mid-Rise,IN-MH-MUM-P51900011052-19065
21.7,7.0,Mumbai City,P51900008155,FORTUNE RISE,NINA REALTORS PRIVATE LIMITED,400003,18.9531926,72.8353005,30-06-2020,30-12-2020,0,Others,257.52,0.0,2131.06,10-07-2021,0,0,95,79,0.0,1,0,21,0,0,0,mumbai-city,0,0,1,7,7,Ground Only,,304,21.0,,65.1,10.16,10.16,1701250.77,High-Rise,IN-MH-MUM-P51900008155-18953
21.7,7.0,Mumbai City,P51900014409,Safiya Heights,SMY ASSOCIATES,400003,18.9531926,72.8353005,31-12-2020,30-06-2022,0,Residential,516.73,0.0,3120.75,06/26/2023,1,0,42,2,1.0,1,4,19,0,0,0,mumbai-city,4,4,5,7,3,Ground to Floor 4,,1040,19.0,,58.9,10.16,10.16,4999013.96,High-Rise,IN-MH-MUM-P51900014409-18953
21.7,7.0,Mumbai City,P51900004100,CLASSIC BURJ,YUNUS ISMAIL UMRETIYA,400003,18.9531926,72.8353005,31-12-2018,31-12-2018,0,Others,440.61,0.0,4925.11,02-06-2020,0,0,121,116,0.0,1,0,24,1,0,1,mumbai-city,0,1,2,7,6,Ground to Floor 1,,821,24.0,,74.4,10.16,10.16,6727163.42,High-Rise,IN-MH-MUM-P51900004100-18953
21.7,7.0,Mumbai Suburban,P51800006237,BENCHMARK PLAZA,BENCHMARK PROJECTS PVT LTD,400052,19.066585,72.836492,31-12-2018,31-12-2019,12/30/2023,Commercial,668.9,0.0,1467.96,01/25/2024,0,5,40,20,1.0,1,0,8,0,8,0,mumbai-suburban,0,0,1,7,7,Ground Only,,210,8.0,,24.8,15.83,15.83,3043947.18,Mid-Rise,IN-MH-MUM-P51800006237-19066
21.7,7.0,Mumbai City,P51900047226,Promesa Castor,DARSHAN GROUP,400004,18.9579644,72.824551,31-12-2025,31-12-2025,0,Residential,760.87,0.0,5896.0,01-11-2024,0,0,31,0,1.0,1,0,23,0,0,0,mumbai-city,0,0,1,7,7,Ground Only,,842,23.0,,71.3,10.4,10.4,13906877.51,High-Rise,IN-MH-MUM-P51900047226-18957
21.7,7.0,Mumbai City,P51900003823,VARDHMAN CRYSTAL,VARDHMAN LIFESTYLE DEVELOPERS,400004,18.95301081,72.8231872,30-06-2019,30-06-2019,12/29/2020,Residential,622.34,0.0,204.18,02-10-2020,0,0,4,2,0.0,1,0,23,1,0,11,mumbai-city,0,1,2,7,6,Ground to Floor 1,,34,23.0,,71.3,10.15,10.15,393915.08,High-Rise,IN-MH-MUM-P51900003823-18953
21.7,7.0,Mumbai City,P51900007731,White Pearl,Imtiaz Saigara and Ahmedi Delawala,400008,18.962837,72.828085,31-12-2022,30-12-2023,0,Residential,1044.3,0.0,4079.23,03/22/2024,0,1,82,40,0.0,1,5,26,0,0,59,mumbai-city,5,5,6,7,2,Ground to Floor 5,,2040,26.0,,80.6,10.64,10.64,13205813.66,High-Rise,IN-MH-MUM-P51900007731-18962
21.7,7.0,Mumbai City,P51900020330,Piramal Aranya - Wing C,Glider Buildcon Realtors Private Limited,400010,18.97962885,72.84049121,28-08-2027,28-08-2027,0,Residential,1086.0,0.0,27762.0,01/20/2024,8,1,368,126,3.0,1,9,56,0,11,476,mumbai-city,0,0,1,7,7,Ground Only,,3966,56.0,,173.6,11.48,11.48,93463549.2,Skyscraper,IN-MH-MUM-P51900020330-18979
155.0,50.0,Mumbai City,P51900018039,Piramal Aranya - Wing B,Glider Buildcon Realtors Private Limited,400010,18.9790244,72.84061159,31-12-2025,31-12-2025,0,Residential,1183.78,0.0,51963.0,02/21/2024,8,5,480,231,3.0,1,9,93,0,0,939,mumbai-city,0,0,1,50,50,Ground Only,"Floor 7, Floor 14, Floor 21, Floor 28, Floor 35, Floor 42, Floor 49",1039,93.0,,288.3,11.45,11.45,190689556.43,Skyscraper,IN-MH-MUM-P51900018039-18979
21.7,7.0,Mumbai Suburban,P51800000481,Rustomjee Paramount - Wing C,KEYSTONE REALTORS LIMITED,400052,19.076438,72.829053,30-06-2020,30-06-2022,0,Residential,371.71,1315.31,5565.31,12/31/2022,7,0,43,36,0.0,1,0,23,1,0,0,mumbai-suburban,0,1,2,7,6,Ground to Floor 1,,928,23.0,,71.3,16.32,16.32,6412912.28,High-Rise,IN-MH-MUM-P51800000481-19076
